matrix	solver	part_src	weight	threads	spmv_time	relative_residual	speedup_vs_gpu	status
mac_econ_fwd500	cpu	-	-	8	2.129309	84215190000.0	0.166	ok
mac_econ_fwd500	gpu	-	-	1	0.353539	nan	1.000	ok
mac_econ_fwd500	gpu-dp	-	-	1	0.28141	nan	1.256	ok
mac_econ_fwd500	gpu-pipelined	-	-	1	0.472102	nan	0.749	ok
mac_econ_fwd500	hybrid-async	patoh	w400	4	0.482447	nan	0.733	ok
mac_econ_fwd500	hybrid-async	patoh	w600	4	0.447186	nan	0.791	ok
mac_econ_fwd500	hybrid-async	patoh	w800	4	0.432889	nan	0.817	ok
mac_econ_fwd500	hybrid-async	patoh	w1000	4	0.431138	nan	0.820	ok
mac_econ_fwd500	hybrid-async	patoh	w1200	4	0.430709	nan	0.821	ok
mac_econ_fwd500	hybrid-async	patoh	w2000	4	0.404689	nan	0.874	ok
mac_econ_fwd500	hybrid-async	naive	w400	4	0.486256	nan	0.727	ok
mac_econ_fwd500	hybrid-async	naive	w600	4	0.444596	99987490000.0	0.795	ok
mac_econ_fwd500	hybrid-async	naive	w800	4	0.430789	nan	0.821	ok
mac_econ_fwd500	hybrid-async	naive	w1000	4	0.428718	nan	0.825	ok
mac_econ_fwd500	hybrid-async	naive	w1200	4	0.420166	nan	0.841	ok
mac_econ_fwd500	hybrid-async	naive	w2000	4	0.407316	nan	0.868	ok
mac_econ_fwd500	hybrid-async-dp	patoh	w400	4	0.387035	nan	0.913	ok
mac_econ_fwd500	hybrid-async-dp	patoh	w600	4	0.367086	nan	0.963	ok
mac_econ_fwd500	hybrid-async-dp	patoh	w800	4	0.347991	nan	1.016	ok
mac_econ_fwd500	hybrid-async-dp	patoh	w1000	4	0.333937	nan	1.059	ok
mac_econ_fwd500	hybrid-async-dp	patoh	w1200	4	0.334836	nan	1.056	ok
mac_econ_fwd500	hybrid-async-dp	patoh	w2000	4	0.312181	nan	1.132	ok
mac_econ_fwd500	hybrid-async-dp	naive	w400	4	0.387621	nan	0.912	ok
mac_econ_fwd500	hybrid-async-dp	naive	w600	4	0.360199	nan	0.982	ok
mac_econ_fwd500	hybrid-async-dp	naive	w800	4	0.353665	nan	1.000	ok
mac_econ_fwd500	hybrid-async-dp	naive	w1000	4	0.345178	nan	1.024	ok
mac_econ_fwd500	hybrid-async-dp	naive	w1200	4	0.333552	nan	1.060	ok
mac_econ_fwd500	hybrid-async-dp	naive	w2000	4	0.313798	nan	1.127	ok
mac_econ_fwd500	hybrid-dist-dp	patoh	w400	4	0.336129	3029832000.0	1.052	ok
mac_econ_fwd500	hybrid-dist-dp	patoh	w600	4	0.323951	19092120000.0	1.091	ok
mac_econ_fwd500	hybrid-dist-dp	patoh	w800	1	0.324268	2603405.0	1.090	ok
mac_econ_fwd500	hybrid-dist-dp	patoh	w1000	1	0.317014	445652700000.0	1.115	ok
mac_econ_fwd500	hybrid-dist-dp	patoh	w1200	1	0.314596	122654100000000.0	1.124	ok
mac_econ_fwd500	hybrid-dist-dp	patoh	w2000	2	0.319952	106325700000000.0	1.105	ok
mac_econ_fwd500	hybrid-dist-dp	naive	w400	4	0.337732	3365071.0	1.047	ok
mac_econ_fwd500	hybrid-dist-dp	naive	w600	4	0.328303	2.302726e+16	1.077	ok
mac_econ_fwd500	hybrid-dist-dp	naive	w800	2	0.327886	537350200000.0	1.078	ok
mac_econ_fwd500	hybrid-dist-dp	naive	w1000	1	0.317801	846679100000.0	1.112	ok
mac_econ_fwd500	hybrid-dist-dp	naive	w1200	1	0.319607	493186400.0	1.106	ok
mac_econ_fwd500	hybrid-dist-dp	naive	w2000	1	0.318626	24242710000.0	1.110	ok
mac_econ_fwd500	hybrid-dist-pipelined	patoh	w400	4	0.437202	292091900.0	0.809	ok
mac_econ_fwd500	hybrid-dist-pipelined	patoh	w600	2	0.443239	2399050000000.0	0.798	ok
mac_econ_fwd500	hybrid-dist-pipelined	patoh	w800	1	0.445546	4884993000000000.0	0.793	ok
mac_econ_fwd500	hybrid-dist-pipelined	patoh	w1000	2	0.450456	29749380000000.0	0.785	ok
mac_econ_fwd500	hybrid-dist-pipelined	patoh	w1200	4	0.449929	6675478000000.0	0.786	ok
mac_econ_fwd500	hybrid-dist-pipelined	patoh	w2000	1	0.450898	3033816000000.0	0.784	ok
mac_econ_fwd500	hybrid-dist-pipelined	naive	w400	4	0.433723	48135590000.0	0.815	ok
mac_econ_fwd500	hybrid-dist-pipelined	naive	w600	2	0.438999	32085150.0	0.805	ok
mac_econ_fwd500	hybrid-dist-pipelined	naive	w800	2	0.446112	1289873000000.0	0.792	ok
mac_econ_fwd500	hybrid-dist-pipelined	naive	w1000	2	0.450916	51677480.0	0.784	ok
mac_econ_fwd500	hybrid-dist-pipelined	naive	w1200	2	0.449638	6508791000.0	0.786	ok
mac_econ_fwd500	hybrid-dist-pipelined	naive	w2000	1	0.450515	193611900.0	0.785	ok
mac_econ_fwd500	mpi	patoh	w400	1	1.90637	30824750.0	0.185	ok
mac_econ_fwd500	mpi	patoh	w600	1	2.07306	45735080.0	0.171	ok
mac_econ_fwd500	mpi	patoh	w800	1	2.153891	13691090000.0	0.164	ok
mac_econ_fwd500	mpi	patoh	w1000	1	2.219271	1069095000000000.0	0.159	ok
mac_econ_fwd500	mpi	patoh	w1200	1	2.246093	10901590000000.0	0.157	ok
mac_econ_fwd500	mpi	patoh	w2000	1	2.30276	1.793604e+17	0.154	ok
mac_econ_fwd500	mpi	naive	w400	1	1.918845	306382600000000.0	0.184	ok
mac_econ_fwd500	mpi	naive	w600	1	2.065275	280558600000.0	0.171	ok
mac_econ_fwd500	mpi	naive	w800	1	2.131244	166908500000.0	0.166	ok
mac_econ_fwd500	mpi	naive	w1000	1	2.186236	4.274517e+16	0.162	ok
mac_econ_fwd500	mpi	naive	w1200	1	2.29255	8118945000000000.0	0.154	ok
mac_econ_fwd500	mpi	naive	w2000	1	2.294629	307311100000000.0	0.154	ok
mac_econ_fwd500	mpi-gpu	patoh	w400	1	0.59897	414327000000.0	0.590	ok
mac_econ_fwd500	mpi-gpu	patoh	w600	1	0.621922	5429030.0	0.568	ok
mac_econ_fwd500	mpi-gpu	patoh	w800	1	0.628028	190891000.0	0.563	ok
mac_econ_fwd500	mpi-gpu	patoh	w1000	1	0.648074	5818761000000.0	0.546	ok
mac_econ_fwd500	mpi-gpu	patoh	w1200	1	0.641828	77430910.0	0.551	ok
mac_econ_fwd500	mpi-gpu	patoh	w2000	1	0.652391	29785090.0	0.542	ok
mac_econ_fwd500	mpi-gpu	naive	w400	1	0.598879	477099900000000.0	0.590	ok
mac_econ_fwd500	mpi-gpu	naive	w600	1	0.608161	9958014.0	0.581	ok
mac_econ_fwd500	mpi-gpu	naive	w800	1	0.625227	702061600000.0	0.565	ok
mac_econ_fwd500	mpi-gpu	naive	w1000	1	0.632587	nan	0.559	ok
mac_econ_fwd500	mpi-gpu	naive	w1200	1	0.642046	115681700000.0	0.551	ok
mac_econ_fwd500	mpi-gpu	naive	w2000	1	0.648375	103371200000000.0	0.545	ok
FullChip	cpu	-	-	8	13.232066	0.01792234	0.070	ok
FullChip	gpu	-	-	1	0.925322	0.01971607	1.000	ok
FullChip	gpu-dp	-	-	1	0.760497	0.01878068	1.217	ok
FullChip	gpu-pipelined	-	-	1	1.35771	0.01550211	0.682	ok
FullChip	hybrid-async	patoh	w400	4	1.640558	0.01188445	0.564	ok
FullChip	hybrid-async	patoh	w600	4	1.339776	0.01633409	0.691	ok
FullChip	hybrid-async	patoh	w800	4	1.188432	0.01764571	0.779	ok
FullChip	hybrid-async	patoh	w1000	4	1.101264	0.01499275	0.840	ok
FullChip	hybrid-async	patoh	w1200	4	1.041316	0.02226383	0.889	ok
FullChip	hybrid-async	patoh	w2000	4	0.951437	0.01859226	0.973	ok
FullChip	hybrid-async	naive	w400	4	1.652175	0.013218	0.560	ok
FullChip	hybrid-async	naive	w600	4	1.368977	0.01153539	0.676	ok
FullChip	hybrid-async	naive	w800	4	1.208211	0.03768531	0.766	ok
FullChip	hybrid-async	naive	w1000	4	1.097738	0.01589437	0.843	ok
FullChip	hybrid-async	naive	w1200	4	1.047511	0.01709996	0.883	ok
FullChip	hybrid-async	naive	w2000	4	0.957708	0.01343875	0.966	ok
FullChip	hybrid-async-dp	patoh	w400	4	1.47147	0.01447853	0.629	ok
FullChip	hybrid-async-dp	patoh	w600	4	1.169014	0.01922695	0.792	ok
FullChip	hybrid-async-dp	patoh	w800	4	1.011568	0.01535387	0.915	ok
FullChip	hybrid-async-dp	patoh	w1000	4	0.912772	0.0256303	1.014	ok
FullChip	hybrid-async-dp	patoh	w1200	4	0.870497	0.02119405	1.063	ok
FullChip	hybrid-async-dp	patoh	w2000	4	0.793608	0.01254135	1.166	ok
FullChip	hybrid-async-dp	naive	w400	4	1.483125	0.01160333	0.624	ok
FullChip	hybrid-async-dp	naive	w600	4	1.187563	0.0647189	0.779	ok
FullChip	hybrid-async-dp	naive	w800	4	1.019479	0.06245722	0.908	ok
FullChip	hybrid-async-dp	naive	w1000	4	0.929119	0.01419313	0.996	ok
FullChip	hybrid-async-dp	naive	w1200	4	0.867986	0.06182104	1.066	ok
FullChip	hybrid-async-dp	naive	w2000	4	0.792122	0.01203472	1.168	ok
FullChip	hybrid-dist-dp	patoh	w400	4	1.413657	0.02119102	0.655	ok
FullChip	hybrid-dist-dp	patoh	w600	4	0.863285	0.01223246	1.072	ok
FullChip	hybrid-dist-dp	patoh	w800	4	0.780395	0.01236032	1.186	ok
FullChip	hybrid-dist-dp	patoh	w1000	4	0.769188	0.3042604	1.203	ok
FullChip	hybrid-dist-dp	patoh	w1200	4	0.759991	0.01312096	1.218	ok
FullChip	hybrid-dist-dp	patoh	w2000	2	0.783051	0.01787112	1.182	ok
FullChip	hybrid-dist-dp	naive	w400	4	1.515828	0.01186787	0.610	ok
FullChip	hybrid-dist-dp	naive	w600	4	0.983337	0.0130569	0.941	ok
FullChip	hybrid-dist-dp	naive	w800	4	0.792516	0.01756171	1.168	ok
FullChip	hybrid-dist-dp	naive	w1000	2	0.777325	0.01683278	1.190	ok
FullChip	hybrid-dist-dp	naive	w1200	4	0.771441	0.2798831	1.199	ok
FullChip	hybrid-dist-dp	naive	w2000	2	0.780758	0.02184244	1.185	ok
FullChip	hybrid-dist-pipelined	patoh	w400	4	1.978612	0.05935909	0.468	ok
FullChip	hybrid-dist-pipelined	patoh	w600	4	1.264476	0.01218265	0.732	ok
FullChip	hybrid-dist-pipelined	patoh	w800	4	1.060185	0.01686369	0.873	ok
FullChip	hybrid-dist-pipelined	patoh	w1000	2	1.055061	0.0243592	0.877	ok
FullChip	hybrid-dist-pipelined	patoh	w1200	2	1.044097	0.02692487	0.886	ok
FullChip	hybrid-dist-pipelined	patoh	w2000	4	1.073191	0.03276882	0.862	ok
FullChip	hybrid-dist-pipelined	naive	w400	4	2.164584	0.01741697	0.427	ok
FullChip	hybrid-dist-pipelined	naive	w600	4	1.417882	0.01841213	0.653	ok
FullChip	hybrid-dist-pipelined	naive	w800	4	1.112086	0.1367086	0.832	ok
FullChip	hybrid-dist-pipelined	naive	w1000	4	1.064678	0.01256731	0.869	ok
FullChip	hybrid-dist-pipelined	naive	w1200	2	1.056137	0.02883499	0.876	ok
FullChip	hybrid-dist-pipelined	naive	w2000	1	1.067793	0.01876406	0.867	ok
FullChip	mpi	patoh	w400	1	13.414871	0.04436042	0.069	ok
FullChip	mpi	patoh	w600	1	13.630048	0.03328056	0.068	ok
FullChip	mpi	patoh	w800	1	13.742658	0.01869706	0.067	ok
FullChip	mpi	patoh	w1000	1	13.918834	0.01806475	0.066	ok
FullChip	mpi	patoh	w1200	1	13.997262	0.06752865	0.066	ok
FullChip	mpi	patoh	w2000	1	14.009494	0.01641891	0.066	ok
FullChip	mpi	naive	w400	1	13.674109	0.04821452	0.068	ok
FullChip	mpi	naive	w600	1	13.758203	0.0130277	0.067	ok
FullChip	mpi	naive	w800	1	13.862959	0.02673817	0.067	ok
FullChip	mpi	naive	w1000	1	13.885893	0.06933569	0.067	ok
FullChip	mpi	naive	w1200	1	13.969531	0.09906697	0.066	ok
FullChip	mpi	naive	w2000	1	14.004326	0.02487208	0.066	ok
FullChip	mpi-gpu	patoh	w400	1	5.122888	0.01903597	0.181	ok
FullChip	mpi-gpu	patoh	w600	1	4.943632	0.08178743	0.187	ok
FullChip	mpi-gpu	patoh	w800	1	4.639089	0.01496243	0.199	ok
FullChip	mpi-gpu	patoh	w1000	1	4.637971	0.0171982	0.200	ok
FullChip	mpi-gpu	patoh	w1200	1	4.371485	0.01857692	0.212	ok
FullChip	mpi-gpu	patoh	w2000	1	4.419082	0.1459287	0.209	ok
FullChip	mpi-gpu	naive	w400	1	5.293326	0.01562199	0.175	ok
FullChip	mpi-gpu	naive	w600	1	4.956417	0.1517475	0.187	ok
FullChip	mpi-gpu	naive	w800	1	4.967229	0.01485212	0.186	ok
FullChip	mpi-gpu	naive	w1000	1	4.67234	1.754498	0.198	ok
FullChip	mpi-gpu	naive	w1200	1	4.686541	0.01860602	0.197	ok
FullChip	mpi-gpu	naive	w2000	1	4.303652	0.06587515	0.215	ok
Zd_Jac3	cpu	-	-	16	1.595788	8502523000.0	0.164	ok
Zd_Jac3	gpu	-	-	1	0.262453	3346438000.0	1.000	ok
Zd_Jac3	gpu-dp	-	-	1	0.214962	57760800000.0	1.221	ok
Zd_Jac3	gpu-pipelined	-	-	1	0.328735	nan	0.798	ok
Zd_Jac3	hybrid-async	patoh	w400	4	0.273084	111704000000.0	0.961	ok
Zd_Jac3	hybrid-async	patoh	w600	4	0.247691	98574850000.0	1.060	ok
Zd_Jac3	hybrid-async	patoh	w800	1	0.252515	5695484000.0	1.039	ok
Zd_Jac3	hybrid-async	patoh	w1000	4	0.250138	nan	1.049	ok
Zd_Jac3	hybrid-async	patoh	w1200	4	0.246732	nan	1.064	ok
Zd_Jac3	hybrid-async	patoh	w2000	4	0.28921	nan	0.907	ok
Zd_Jac3	hybrid-async	naive	w400	4	0.263982	2170147000.0	0.994	ok
Zd_Jac3	hybrid-async	naive	w600	4	0.251234	10783110000.0	1.045	ok
Zd_Jac3	hybrid-async	naive	w800	4	0.244409	4235943000.0	1.074	ok
Zd_Jac3	hybrid-async	naive	w1000	4	0.244053	62093030000.0	1.075	ok
Zd_Jac3	hybrid-async	naive	w1200	4	0.253386	20414370000.0	1.036	ok
Zd_Jac3	hybrid-async	naive	w2000	4	0.250528	1268474000.0	1.048	ok
Zd_Jac3	hybrid-async-dp	patoh	w400	4	0.226956	7436269000.0	1.156	ok
Zd_Jac3	hybrid-async-dp	patoh	w600	4	0.19717	126326600000.0	1.331	ok
Zd_Jac3	hybrid-async-dp	patoh	w800	4	0.203285	4540816000.0	1.291	ok
Zd_Jac3	hybrid-async-dp	patoh	w1000	4	0.200555	18758500000.0	1.309	ok
Zd_Jac3	hybrid-async-dp	patoh	w1200	2	0.19721	1112546000.0	1.331	ok
Zd_Jac3	hybrid-async-dp	patoh	w2000	4	0.224193	nan	1.171	ok
Zd_Jac3	hybrid-async-dp	naive	w400	4	0.204673	4280794000.0	1.282	ok
Zd_Jac3	hybrid-async-dp	naive	w600	4	0.192343	2366780000.0	1.365	ok
Zd_Jac3	hybrid-async-dp	naive	w800	4	0.192131	19244710000.0	1.366	ok
Zd_Jac3	hybrid-async-dp	naive	w1000	4	0.195029	203658400000.0	1.346	ok
Zd_Jac3	hybrid-async-dp	naive	w1200	4	0.197134	22187390000.0	1.331	ok
Zd_Jac3	hybrid-async-dp	naive	w2000	2	0.200663	1668003000.0	1.308	ok
Zd_Jac3	hybrid-dist-dp	patoh	w400	4	0.284865	2416364000.0	0.921	ok
Zd_Jac3	hybrid-dist-dp	patoh	w600	1	0.246728	33438650000.0	1.064	ok
Zd_Jac3	hybrid-dist-dp	patoh	w800	1	0.252301	61445220000.0	1.040	ok
Zd_Jac3	hybrid-dist-dp	patoh	w1000	1	0.250814	2010748000.0	1.046	ok
Zd_Jac3	hybrid-dist-dp	patoh	w1200	1	0.249508	15306440000.0	1.052	ok
Zd_Jac3	hybrid-dist-dp	patoh	w2000	4	0.278978	47323580000.0	0.941	ok
Zd_Jac3	hybrid-dist-dp	naive	w400	4	0.273719	790044700.0	0.959	ok
Zd_Jac3	hybrid-dist-dp	naive	w600	4	0.259563	11338180000.0	1.011	ok
Zd_Jac3	hybrid-dist-dp	naive	w800	4	0.270352	2451457000.0	0.971	ok
Zd_Jac3	hybrid-dist-dp	naive	w1000	1	0.249615	3505228000.0	1.051	ok
Zd_Jac3	hybrid-dist-dp	naive	w1200	1	0.251264	4705278000.0	1.045	ok
Zd_Jac3	hybrid-dist-dp	naive	w2000	1	0.25347	3360800000.0	1.035	ok
Zd_Jac3	hybrid-dist-pipelined	patoh	w400	4	0.336749	76227170000.0	0.779	ok
Zd_Jac3	hybrid-dist-pipelined	patoh	w600	1	0.285507	6628566000.0	0.919	ok
Zd_Jac3	hybrid-dist-pipelined	patoh	w800	1	0.292659	415713800.0	0.897	ok
Zd_Jac3	hybrid-dist-pipelined	patoh	w1000	1	0.290995	2708890000.0	0.902	ok
Zd_Jac3	hybrid-dist-pipelined	patoh	w1200	1	0.289323	20901020000.0	0.907	ok
Zd_Jac3	hybrid-dist-pipelined	patoh	w2000	4	0.339904	6979536000.0	0.772	ok
Zd_Jac3	hybrid-dist-pipelined	naive	w400	4	0.314959	801279700000.0	0.833	ok
Zd_Jac3	hybrid-dist-pipelined	naive	w600	4	0.319367	230190000000.0	0.822	ok
Zd_Jac3	hybrid-dist-pipelined	naive	w800	4	0.316284	709601000.0	0.830	ok
Zd_Jac3	hybrid-dist-pipelined	naive	w1000	1	0.293737	7026503000.0	0.893	ok
Zd_Jac3	hybrid-dist-pipelined	naive	w1200	1	0.290242	51905640000.0	0.904	ok
Zd_Jac3	hybrid-dist-pipelined	naive	w2000	1	0.291646	25110840000.0	0.900	ok
Zd_Jac3	mpi	patoh	w400	1	1.272722	26298720000.0	0.206	ok
Zd_Jac3	mpi	patoh	w600	1	1.671908	5050825000.0	0.157	ok
Zd_Jac3	mpi	patoh	w800	1	1.746918	8186099000.0	0.150	ok
Zd_Jac3	mpi	patoh	w1000	1	1.712244	5141735000.0	0.153	ok
Zd_Jac3	mpi	patoh	w1200	1	1.676158	183069700000.0	0.157	ok
Zd_Jac3	mpi	patoh	w2000	1	1.268751	nan	0.207	ok
Zd_Jac3	mpi	naive	w400	1	1.456907	nan	0.180	ok
Zd_Jac3	mpi	naive	w600	1	1.567137	15377090000.0	0.167	ok
Zd_Jac3	mpi	naive	w800	1	1.605776	2092208000.0	0.163	ok
Zd_Jac3	mpi	naive	w1000	1	1.644963	45645210000.0	0.160	ok
Zd_Jac3	mpi	naive	w1200	1	1.669564	5152764000.0	0.157	ok
Zd_Jac3	mpi	naive	w2000	1	1.723484	2572909000.0	0.152	ok
Zd_Jac3	mpi-gpu	patoh	w400	1	0.545615	15795510000.0	0.481	ok
Zd_Jac3	mpi-gpu	patoh	w600	1	0.358263	268537800000.0	0.733	ok
Zd_Jac3	mpi-gpu	patoh	w800	1	0.359633	180206600000.0	0.730	ok
Zd_Jac3	mpi-gpu	patoh	w1000	1	0.359634	99944600000.0	0.730	ok
Zd_Jac3	mpi-gpu	patoh	w1200	1	0.342316	830784200.0	0.767	ok
Zd_Jac3	mpi-gpu	patoh	w2000	1	0.620299	1542382000.0	0.423	ok
Zd_Jac3	mpi-gpu	naive	w400	1	0.423996	29458780000.0	0.619	ok
Zd_Jac3	mpi-gpu	naive	w600	1	0.338293	nan	0.776	ok
Zd_Jac3	mpi-gpu	naive	w800	1	0.329551	7209292000.0	0.796	ok
Zd_Jac3	mpi-gpu	naive	w1000	1	0.345403	20023140000.0	0.760	ok
Zd_Jac3	mpi-gpu	naive	w1200	1	0.354186	13469880000.0	0.741	ok
Zd_Jac3	mpi-gpu	naive	w2000	1	0.368597	161956800000.0	0.712	ok
test1	cpu	-	-	4	17.596477	7.439947	0.081	ok
test1	gpu	-	-	1	1.418552	nan	1.000	ok
test1	gpu-dp	-	-	1	1.270682	nan	1.116	ok
test1	gpu-pipelined	-	-	1	1.82022	nan	0.779	ok
test1	hybrid-async	patoh	w400	4	1.404609	nan	1.010	ok
test1	hybrid-async	patoh	w600	4	1.267278	nan	1.119	ok
test1	hybrid-async	patoh	w800	4	1.291411	nan	1.098	ok
test1	hybrid-async	patoh	w1000	4	1.311993	nan	1.081	ok
test1	hybrid-async	patoh	w1200	2	1.329374	nan	1.067	ok
test1	hybrid-async	patoh	w2000	4	1.362293	nan	1.041	ok
test1	hybrid-async	naive	w400	4	1.546162	nan	0.917	ok
test1	hybrid-async	naive	w600	4	1.272779	nan	1.115	ok
test1	hybrid-async	naive	w800	4	1.303919	nan	1.088	ok
test1	hybrid-async	naive	w1000	4	1.320213	nan	1.074	ok
test1	hybrid-async	naive	w1200	4	1.329112	nan	1.067	ok
test1	hybrid-async	naive	w2000	2	1.35212	nan	1.049	ok
test1	hybrid-async-dp	patoh	w400	4	1.255191	nan	1.130	ok
test1	hybrid-async-dp	patoh	w600	4	1.121756	nan	1.265	ok
test1	hybrid-async-dp	patoh	w800	4	1.153798	nan	1.229	ok
test1	hybrid-async-dp	patoh	w1000	2	1.179171	nan	1.203	ok
test1	hybrid-async-dp	patoh	w1200	4	1.199255	nan	1.183	ok
test1	hybrid-async-dp	patoh	w2000	4	1.232403	nan	1.151	ok
test1	hybrid-async-dp	naive	w400	4	1.373694	nan	1.033	ok
test1	hybrid-async-dp	naive	w600	4	1.133191	nan	1.252	ok
test1	hybrid-async-dp	naive	w800	4	1.151317	nan	1.232	ok
test1	hybrid-async-dp	naive	w1000	4	1.175059	nan	1.207	ok
test1	hybrid-async-dp	naive	w1200	4	1.190248	nan	1.192	ok
test1	hybrid-async-dp	naive	w2000	4	1.21886	nan	1.164	ok
test1	hybrid-dist-dp	patoh	w400	4	1.232832	2.31591e+29	1.151	ok
test1	hybrid-dist-dp	patoh	w600	4	1.237181	93.97732	1.147	ok
test1	hybrid-dist-dp	patoh	w800	2	1.229531	5.991956	1.154	ok
test1	hybrid-dist-dp	patoh	w1000	4	1.245643	nan	1.139	ok
test1	hybrid-dist-dp	patoh	w1200	4	1.267123	14.6645	1.120	ok
test1	hybrid-dist-dp	patoh	w2000	1	1.287195	nan	1.102	ok
test1	hybrid-dist-dp	naive	w400	4	1.451938	5.099329	0.977	ok
test1	hybrid-dist-dp	naive	w600	4	1.321177	15.6598	1.074	ok
test1	hybrid-dist-dp	naive	w800	4	1.31136	11.09315	1.082	ok
test1	hybrid-dist-dp	naive	w1000	4	1.301389	3.817779	1.090	ok
test1	hybrid-dist-dp	naive	w1200	4	1.296458	6.465444	1.094	ok
test1	hybrid-dist-dp	naive	w2000	1	1.301281	14.31082	1.090	ok
test1	hybrid-dist-pipelined	patoh	w400	4	1.474101	2.779693	0.962	ok
test1	hybrid-dist-pipelined	patoh	w600	4	1.512538	3.269009	0.938	ok
test1	hybrid-dist-pipelined	patoh	w800	4	1.534001	3.857401	0.925	ok
test1	hybrid-dist-pipelined	patoh	w1000	2	1.559381	3.065309	0.910	ok
test1	hybrid-dist-pipelined	patoh	w1200	1	1.57602	0.04282463	0.900	ok
test1	hybrid-dist-pipelined	patoh	w2000	1	1.603953	nan	0.884	ok
test1	hybrid-dist-pipelined	naive	w400	4	1.814063	3.024567	0.782	ok
test1	hybrid-dist-pipelined	naive	w600	4	1.588389	4.054631	0.893	ok
test1	hybrid-dist-pipelined	naive	w800	4	1.600365	3.592374	0.886	ok
test1	hybrid-dist-pipelined	naive	w1000	4	1.601332	3.117073	0.886	ok
test1	hybrid-dist-pipelined	naive	w1200	4	1.614586	3.079076	0.879	ok
test1	hybrid-dist-pipelined	naive	w2000	4	1.616837	3.074364	0.877	ok
test1	mpi	patoh	w400	1	15.68232	5.725473	0.090	ok
test1	mpi	patoh	w600	1	16.209618	0.06713821	0.088	ok
test1	mpi	patoh	w800	1	16.776112	1124.342	0.085	ok
test1	mpi	patoh	w1000	1	17.548213	17.77311	0.081	ok
test1	mpi	patoh	w1200	1	17.630198	3.387248	0.080	ok
test1	mpi	patoh	w2000	1	18.624293	nan	0.076	ok
test1	mpi	naive	w400	1	16.498391	66.21186	0.086	ok
test1	mpi	naive	w600	1	17.330275	24.6944	0.082	ok
test1	mpi	naive	w800	1	17.396242	38.54892	0.082	ok
test1	mpi	naive	w1000	1	17.757665	12.3014	0.080	ok
test1	mpi	naive	w1200	1	17.707377	12.3014	0.080	ok
test1	mpi	naive	w2000	1	18.209792	14.66891	0.078	ok
test1	mpi-gpu	patoh	w400	1	3.587244	14.10488	0.395	ok
test1	mpi-gpu	patoh	w600	1	2.510522	57.98967	0.565	ok
test1	mpi-gpu	patoh	w800	1	1.968981	8.763141	0.720	ok
test1	mpi-gpu	patoh	w1000	1	1.715705	4.10554	0.827	ok
test1	mpi-gpu	patoh	w1200	1	1.755143	29.3714	0.808	ok
test1	mpi-gpu	patoh	w2000	1	1.824988	nan	0.777	ok
test1	mpi-gpu	naive	w400	1	5.254655	6.226505	0.270	ok
test1	mpi-gpu	naive	w600	1	3.582326	4505345000.0	0.396	ok
test1	mpi-gpu	naive	w800	1	2.697485	22.98419	0.526	ok
test1	mpi-gpu	naive	w1000	1	2.200355	22.71093	0.645	ok
test1	mpi-gpu	naive	w1200	1	1.879498	6.949531	0.755	ok
test1	mpi-gpu	naive	w2000	1	1.836854	5.041663	0.772	ok
TSOPF_RS_b2383_c1	cpu	-	-	16	3.300352	156889.4	0.070	ok
TSOPF_RS_b2383_c1	gpu	-	-	1	0.231923	8840.658	1.000	ok
TSOPF_RS_b2383_c1	gpu-dp	-	-	1	0.222329	11060.58	1.043	ok
TSOPF_RS_b2383_c1	gpu-pipelined	-	-	1	0.27009	146375.2	0.859	ok
TSOPF_RS_b2383_c1	hybrid-async	patoh	w400	4	0.387045	nan	0.599	ok
TSOPF_RS_b2383_c1	hybrid-async	patoh	w600	4	0.21977	137980.6	1.055	ok
TSOPF_RS_b2383_c1	hybrid-async	patoh	w800	4	0.804542	399575.4	0.288	ok
TSOPF_RS_b2383_c1	hybrid-async	patoh	w1000	4	0.206905	131287.5	1.121	ok
TSOPF_RS_b2383_c1	hybrid-async	patoh	w1200	4	0.210809	13671.62	1.100	ok
TSOPF_RS_b2383_c1	hybrid-async	patoh	w2000	4	0.218356	57894.26	1.062	ok
TSOPF_RS_b2383_c1	hybrid-async	naive	w400	4	0.216642	8840.658	1.071	ok
TSOPF_RS_b2383_c1	hybrid-async	naive	w600	4	0.202869	8840.658	1.143	ok
TSOPF_RS_b2383_c1	hybrid-async	naive	w800	4	0.209472	8840.658	1.107	ok
TSOPF_RS_b2383_c1	hybrid-async	naive	w1000	4	0.2129	8840.658	1.089	ok
TSOPF_RS_b2383_c1	hybrid-async	naive	w1200	2	0.215856	8840.658	1.074	ok
TSOPF_RS_b2383_c1	hybrid-async	naive	w2000	4	0.221559	8840.658	1.047	ok
TSOPF_RS_b2383_c1	hybrid-async-dp	patoh	w400	4	0.367738	16890.04	0.631	ok
TSOPF_RS_b2383_c1	hybrid-async-dp	patoh	w600	4	0.205084	20253.74	1.131	ok
TSOPF_RS_b2383_c1	hybrid-async-dp	patoh	w800	4	0.795283	12252.73	0.292	ok
TSOPF_RS_b2383_c1	hybrid-async-dp	patoh	w1000	4	0.196327	1309808.0	1.181	ok
TSOPF_RS_b2383_c1	hybrid-async-dp	patoh	w1200	4	0.200287	224215.3	1.158	ok
TSOPF_RS_b2383_c1	hybrid-async-dp	patoh	w2000	2	0.207764	1918750.0	1.116	ok
TSOPF_RS_b2383_c1	hybrid-async-dp	naive	w400	4	0.202673	11060.58	1.144	ok
TSOPF_RS_b2383_c1	hybrid-async-dp	naive	w600	4	0.19202	11060.58	1.208	ok
TSOPF_RS_b2383_c1	hybrid-async-dp	naive	w800	4	0.198623	11060.58	1.168	ok
TSOPF_RS_b2383_c1	hybrid-async-dp	naive	w1000	4	0.202588	11060.58	1.145	ok
TSOPF_RS_b2383_c1	hybrid-async-dp	naive	w1200	4	0.205244	11060.58	1.130	ok
TSOPF_RS_b2383_c1	hybrid-async-dp	naive	w2000	1	0.21097	11060.58	1.099	ok
TSOPF_RS_b2383_c1	hybrid-dist-dp	patoh	w400	4	0.380188	67140.92	0.610	ok
TSOPF_RS_b2383_c1	hybrid-dist-dp	patoh	w600	4	0.222237	28029.3	1.044	ok
TSOPF_RS_b2383_c1	hybrid-dist-dp	patoh	w800	4	0.814315	2408847.0	0.285	ok
TSOPF_RS_b2383_c1	hybrid-dist-dp	patoh	w1000	4	0.211365	19997.06	1.097	ok
TSOPF_RS_b2383_c1	hybrid-dist-dp	patoh	w1200	2	0.214252	13540.14	1.082	ok
TSOPF_RS_b2383_c1	hybrid-dist-dp	patoh	w2000	1	0.219206	129186.6	1.058	ok
TSOPF_RS_b2383_c1	hybrid-dist-dp	naive	w400	4	0.229116	928315.0	1.012	ok
TSOPF_RS_b2383_c1	hybrid-dist-dp	naive	w600	4	0.206816	227848.8	1.121	ok
TSOPF_RS_b2383_c1	hybrid-dist-dp	naive	w800	2	0.212401	478308.4	1.092	ok
TSOPF_RS_b2383_c1	hybrid-dist-dp	naive	w1000	2	0.216592	2383821.0	1.071	ok
TSOPF_RS_b2383_c1	hybrid-dist-dp	naive	w1200	4	0.219358	160812.4	1.057	ok
TSOPF_RS_b2383_c1	hybrid-dist-dp	naive	w2000	1	0.221393	95094.68	1.048	ok
TSOPF_RS_b2383_c1	hybrid-dist-pipelined	patoh	w400	4	0.444125	284438.0	0.522	ok
TSOPF_RS_b2383_c1	hybrid-dist-pipelined	patoh	w600	4	0.264093	12629.09	0.878	ok
TSOPF_RS_b2383_c1	hybrid-dist-pipelined	patoh	w800	4	0.883734	18815.41	0.262	ok
TSOPF_RS_b2383_c1	hybrid-dist-pipelined	patoh	w1000	4	0.24209	8367.772	0.958	ok
TSOPF_RS_b2383_c1	hybrid-dist-pipelined	patoh	w1200	2	0.245651	16000.21	0.944	ok
TSOPF_RS_b2383_c1	hybrid-dist-pipelined	patoh	w2000	1	0.251312	41022.08	0.923	ok
TSOPF_RS_b2383_c1	hybrid-dist-pipelined	naive	w400	4	0.2473	38356.44	0.938	ok
TSOPF_RS_b2383_c1	hybrid-dist-pipelined	naive	w600	4	0.23776	19175.73	0.975	ok
TSOPF_RS_b2383_c1	hybrid-dist-pipelined	naive	w800	2	0.244234	29603.34	0.950	ok
TSOPF_RS_b2383_c1	hybrid-dist-pipelined	naive	w1000	4	0.248679	152191.8	0.933	ok
TSOPF_RS_b2383_c1	hybrid-dist-pipelined	naive	w1200	1	0.248795	59911.22	0.932	ok
TSOPF_RS_b2383_c1	hybrid-dist-pipelined	naive	w2000	1	0.255607	114844.5	0.907	ok
TSOPF_RS_b2383_c1	mpi	patoh	w400	1	2.594313	nan	0.089	ok
TSOPF_RS_b2383_c1	mpi	patoh	w600	1	2.656968	122625.2	0.087	ok
TSOPF_RS_b2383_c1	mpi	patoh	w800	1	2.039768	16845.71	0.114	ok
TSOPF_RS_b2383_c1	mpi	patoh	w1000	1	2.882764	6988.276	0.080	ok
TSOPF_RS_b2383_c1	mpi	patoh	w1200	1	3.048517	328800.3	0.076	ok
TSOPF_RS_b2383_c1	mpi	patoh	w2000	1	2.952747	118615.7	0.079	ok
TSOPF_RS_b2383_c1	mpi	naive	w400	1	2.893707	230834.8	0.080	ok
TSOPF_RS_b2383_c1	mpi	naive	w600	1	2.984903	437153.1	0.078	ok
TSOPF_RS_b2383_c1	mpi	naive	w800	1	3.083966	7037.248	0.075	ok
TSOPF_RS_b2383_c1	mpi	naive	w1000	1	2.932725	9444.843	0.079	ok
TSOPF_RS_b2383_c1	mpi	naive	w1200	1	3.021424	8136.862	0.077	ok
TSOPF_RS_b2383_c1	mpi	naive	w2000	1	3.269467	21102.99	0.071	ok
TSOPF_RS_b2383_c1	mpi-gpu	patoh	w400	1	0.895649	nan	0.259	ok
TSOPF_RS_b2383_c1	mpi-gpu	patoh	w600	1	0.606285	194048.5	0.383	ok
TSOPF_RS_b2383_c1	mpi-gpu	patoh	w800	1	1.491025	82057.84	0.156	ok
TSOPF_RS_b2383_c1	mpi-gpu	patoh	w1000	1	0.340538	10175.01	0.681	ok
TSOPF_RS_b2383_c1	mpi-gpu	patoh	w1200	1	0.348399	95769.05	0.666	ok
TSOPF_RS_b2383_c1	mpi-gpu	patoh	w2000	1	0.347811	14611.17	0.667	ok
TSOPF_RS_b2383_c1	mpi-gpu	naive	w400	1	0.560641	485890.5	0.414	ok
TSOPF_RS_b2383_c1	mpi-gpu	naive	w600	1	0.382409	138693.2	0.606	ok
TSOPF_RS_b2383_c1	mpi-gpu	naive	w800	1	0.340539	5735.492	0.681	ok
TSOPF_RS_b2383_c1	mpi-gpu	naive	w1000	1	0.350647	1293833.0	0.661	ok
TSOPF_RS_b2383_c1	mpi-gpu	naive	w1200	1	0.356864	20051.39	0.650	ok
TSOPF_RS_b2383_c1	mpi-gpu	naive	w2000	1	0.363358	1756171.0	0.638	ok
nxp1_mc64_1	cpu	-	-	4	7.537156	7.440418	0.085	ok
nxp1_mc64_1	gpu	-	-	1	0.643662	0.5937071	1.000	ok
nxp1_mc64_1	gpu-dp	-	-	1	0.51252	nan	1.256	ok
nxp1_mc64_1	gpu-pipelined	-	-	1	0.968948	4.393496	0.664	ok
nxp1_mc64_1	hybrid-async	patoh	w400	4	0.988011	0.7564128	0.651	ok
nxp1_mc64_1	hybrid-async	patoh	w600	4	0.878218	1.026891	0.733	ok
nxp1_mc64_1	hybrid-async	patoh	w800	4	0.837194	nan	0.769	ok
nxp1_mc64_1	hybrid-async	patoh	w1000	4	0.800288	0.6320483	0.804	ok
nxp1_mc64_1	hybrid-async	patoh	w1200	4	0.770284	nan	0.836	ok
nxp1_mc64_1	hybrid-async	patoh	w2000	4	0.726463	0.6773963	0.886	ok
nxp1_mc64_1	hybrid-async	naive	w400	4	0.997188	0.5688329	0.645	ok
nxp1_mc64_1	hybrid-async	naive	w600	4	0.919797	1.386663	0.700	ok
nxp1_mc64_1	hybrid-async	naive	w800	4	0.867056	1.334034	0.742	ok
nxp1_mc64_1	hybrid-async	naive	w1000	4	0.846153	0.7736684	0.761	ok
nxp1_mc64_1	hybrid-async	naive	w1200	4	0.821177	1.24286	0.784	ok
nxp1_mc64_1	hybrid-async	naive	w2000	4	0.790659	0.5350815	0.814	ok
nxp1_mc64_1	hybrid-async-dp	patoh	w400	4	0.837816	0.6034053	0.768	ok
nxp1_mc64_1	hybrid-async-dp	patoh	w600	4	0.744367	nan	0.865	ok
nxp1_mc64_1	hybrid-async-dp	patoh	w800	4	0.694683	0.3782532	0.927	ok
nxp1_mc64_1	hybrid-async-dp	patoh	w1000	4	0.652809	0.7065422	0.986	ok
nxp1_mc64_1	hybrid-async-dp	patoh	w1200	4	0.634853	0.4110766	1.014	ok
nxp1_mc64_1	hybrid-async-dp	patoh	w2000	4	0.583622	0.4147344	1.103	ok
nxp1_mc64_1	hybrid-async-dp	naive	w400	4	0.845784	0.385638	0.761	ok
nxp1_mc64_1	hybrid-async-dp	naive	w600	4	0.78674	1.08865	0.818	ok
nxp1_mc64_1	hybrid-async-dp	naive	w800	4	0.736434	0.8278701	0.874	ok
nxp1_mc64_1	hybrid-async-dp	naive	w1000	4	0.716725	1.081141	0.898	ok
nxp1_mc64_1	hybrid-async-dp	naive	w1200	4	0.688545	3.208667	0.935	ok
nxp1_mc64_1	hybrid-async-dp	naive	w2000	4	0.635556	0.4169759	1.013	ok
nxp1_mc64_1	hybrid-dist-dp	patoh	w400	4	0.614412	0.3972185	1.048	ok
nxp1_mc64_1	hybrid-dist-dp	patoh	w600	4	0.564293	nan	1.141	ok
nxp1_mc64_1	hybrid-dist-dp	patoh	w800	4	0.55684	4.74006	1.156	ok
nxp1_mc64_1	hybrid-dist-dp	patoh	w1000	4	0.5487	0.5283264	1.173	ok
nxp1_mc64_1	hybrid-dist-dp	patoh	w1200	2	0.548528	1.370932	1.173	ok
nxp1_mc64_1	hybrid-dist-dp	patoh	w2000	2	0.554016	0.9188273	1.162	ok
nxp1_mc64_1	hybrid-dist-dp	naive	w400	4	0.668582	0.6257333	0.963	ok
nxp1_mc64_1	hybrid-dist-dp	naive	w600	4	0.575889	1.032103	1.118	ok
nxp1_mc64_1	hybrid-dist-dp	naive	w800	4	0.586628	0.40985	1.097	ok
nxp1_mc64_1	hybrid-dist-dp	naive	w1000	4	0.602663	0.7108024	1.068	ok
nxp1_mc64_1	hybrid-dist-dp	naive	w1200	2	0.601645	0.9339542	1.070	ok
nxp1_mc64_1	hybrid-dist-dp	naive	w2000	2	0.601822	1.292725	1.070	ok
nxp1_mc64_1	hybrid-dist-pipelined	patoh	w400	4	0.818938	0.3753517	0.786	ok
nxp1_mc64_1	hybrid-dist-pipelined	patoh	w600	4	0.758064	7.720999	0.849	ok
nxp1_mc64_1	hybrid-dist-pipelined	patoh	w800	4	0.761362	0.7698653	0.845	ok
nxp1_mc64_1	hybrid-dist-pipelined	patoh	w1000	2	0.764087	nan	0.842	ok
nxp1_mc64_1	hybrid-dist-pipelined	patoh	w1200	4	0.769417	0.4201974	0.837	ok
nxp1_mc64_1	hybrid-dist-pipelined	patoh	w2000	2	0.779021	0.820535	0.826	ok
nxp1_mc64_1	hybrid-dist-pipelined	naive	w400	4	0.883001	0.6511662	0.729	ok
nxp1_mc64_1	hybrid-dist-pipelined	naive	w600	4	0.799333	1.029936	0.805	ok
nxp1_mc64_1	hybrid-dist-pipelined	naive	w800	4	0.809751	0.7442685	0.795	ok
nxp1_mc64_1	hybrid-dist-pipelined	naive	w1000	4	0.827867	0.3586998	0.777	ok
nxp1_mc64_1	hybrid-dist-pipelined	naive	w1200	2	0.831548	0.8981066	0.774	ok
nxp1_mc64_1	hybrid-dist-pipelined	naive	w2000	4	0.833309	0.5887741	0.772	ok
nxp1_mc64_1	mpi	patoh	w400	1	6.699872	0.662632	0.096	ok
nxp1_mc64_1	mpi	patoh	w600	1	7.128306	0.4635972	0.090	ok
nxp1_mc64_1	mpi	patoh	w800	1	7.645099	0.7129821	0.084	ok
nxp1_mc64_1	mpi	patoh	w1000	1	7.588563	0.5313298	0.085	ok
nxp1_mc64_1	mpi	patoh	w1200	1	7.741583	0.5754991	0.083	ok
nxp1_mc64_1	mpi	patoh	w2000	1	7.883782	0.3943378	0.082	ok
nxp1_mc64_1	mpi	naive	w400	1	7.318919	0.4954417	0.088	ok
nxp1_mc64_1	mpi	naive	w600	1	7.524822	0.3891439	0.086	ok
nxp1_mc64_1	mpi	naive	w800	1	7.81098	0.6229027	0.082	ok
nxp1_mc64_1	mpi	naive	w1000	1	8.172433	0.7101965	0.079	ok
nxp1_mc64_1	mpi	naive	w1200	1	8.236875	0.7187339	0.078	ok
nxp1_mc64_1	mpi	naive	w2000	1	8.34351	0.3821965	0.077	ok
nxp1_mc64_1	mpi-gpu	patoh	w400	1	1.47542	0.514155	0.436	ok
nxp1_mc64_1	mpi-gpu	patoh	w600	1	1.280883	nan	0.503	ok
nxp1_mc64_1	mpi-gpu	patoh	w800	1	1.32584	1.071889	0.485	ok
nxp1_mc64_1	mpi-gpu	patoh	w1000	1	1.382383	0.4848253	0.466	ok
nxp1_mc64_1	mpi-gpu	patoh	w1200	1	1.368686	1.996411	0.470	ok
nxp1_mc64_1	mpi-gpu	patoh	w2000	1	1.429134	21.46883	0.450	ok
nxp1_mc64_1	mpi-gpu	naive	w400	1	1.553961	1.057424	0.414	ok
nxp1_mc64_1	mpi-gpu	naive	w600	1	1.208637	2.277295	0.533	ok
nxp1_mc64_1	mpi-gpu	naive	w800	1	1.287063	0.4966668	0.500	ok
nxp1_mc64_1	mpi-gpu	naive	w1000	1	1.338832	0.6530986	0.481	ok
nxp1_mc64_1	mpi-gpu	naive	w1200	1	1.439069	0.8019356	0.447	ok
nxp1_mc64_1	mpi-gpu	naive	w2000	1	1.38471	6.154309	0.465	ok
torso1	cpu	-	-	16	9.368401	0.007754741	0.079	ok
torso1	gpu	-	-	1	0.740087	0.007585516	1.000	ok
torso1	gpu-dp	-	-	1	0.662495	0.00723593	1.117	ok
torso1	gpu-pipelined	-	-	1	0.900031	0.007810982	0.822	ok
torso1	hybrid-async	patoh	w400	4	0.689265	0.01928374	1.074	ok
torso1	hybrid-async	patoh	w600	4	0.634723	0.007936582	1.166	ok
torso1	hybrid-async	patoh	w800	4	0.66979	0.008000558	1.105	ok
torso1	hybrid-async	patoh	w1000	4	0.666611	0.008065706	1.110	ok
torso1	hybrid-async	patoh	w1200	4	0.674116	0.007664219	1.098	ok
torso1	hybrid-async	patoh	w2000	2	0.690272	0.006839674	1.072	ok
torso1	hybrid-async	naive	w400	4	0.63805	0.009325084	1.160	ok
torso1	hybrid-async	naive	w600	4	0.656858	0.01382212	1.127	ok
torso1	hybrid-async	naive	w800	2	0.675541	0.01030039	1.096	ok
torso1	hybrid-async	naive	w1000	2	0.685668	0.007862144	1.079	ok
torso1	hybrid-async	naive	w1200	2	0.694141	0.008386152	1.066	ok
torso1	hybrid-async	naive	w2000	4	0.703712	0.007904183	1.052	ok
torso1	hybrid-async-dp	patoh	w400	4	0.625389	0.01496075	1.183	ok
torso1	hybrid-async-dp	patoh	w600	4	0.559841	0.009072726	1.322	ok
torso1	hybrid-async-dp	patoh	w800	4	0.581978	0.00858536	1.272	ok
torso1	hybrid-async-dp	patoh	w1000	4	0.580964	0.007178737	1.274	ok
torso1	hybrid-async-dp	patoh	w1200	4	0.59494	0.01849456	1.244	ok
torso1	hybrid-async-dp	patoh	w2000	4	0.606898	0.00889043	1.219	ok
torso1	hybrid-async-dp	naive	w400	4	0.569359	0.01239691	1.300	ok
torso1	hybrid-async-dp	naive	w600	4	0.580171	0.04137625	1.276	ok
torso1	hybrid-async-dp	naive	w800	4	0.589949	0.007736228	1.254	ok
torso1	hybrid-async-dp	naive	w1000	4	0.602006	0.01999455	1.229	ok
torso1	hybrid-async-dp	naive	w1200	4	0.61101	0.006765368	1.211	ok
torso1	hybrid-async-dp	naive	w2000	2	0.619363	0.008043588	1.195	ok
torso1	hybrid-dist-dp	patoh	w400	4	0.635667	0.009221002	1.164	ok
torso1	hybrid-dist-dp	patoh	w600	4	0.63281	0.007466956	1.170	ok
torso1	hybrid-dist-dp	patoh	w800	4	0.657293	0.007919697	1.126	ok
torso1	hybrid-dist-dp	patoh	w1000	2	0.650232	0.008337284	1.138	ok
torso1	hybrid-dist-dp	patoh	w1200	2	0.652879	0.00768303	1.134	ok
torso1	hybrid-dist-dp	patoh	w2000	4	0.640883	0.008424148	1.155	ok
torso1	hybrid-dist-dp	naive	w400	4	0.63635	0.008046369	1.163	ok
torso1	hybrid-dist-dp	naive	w600	4	0.650914	0.008706614	1.137	ok
torso1	hybrid-dist-dp	naive	w800	2	0.659739	0.008979683	1.122	ok
torso1	hybrid-dist-dp	naive	w1000	2	0.660262	0.0466019	1.121	ok
torso1	hybrid-dist-dp	naive	w1200	1	0.657743	0.008550447	1.125	ok
torso1	hybrid-dist-dp	naive	w2000	2	0.665815	0.007614787	1.112	ok
torso1	hybrid-dist-pipelined	patoh	w400	4	0.75452	0.007351644	0.981	ok
torso1	hybrid-dist-pipelined	patoh	w600	4	0.765994	0.01663497	0.966	ok
torso1	hybrid-dist-pipelined	patoh	w800	4	0.793215	0.008380234	0.933	ok
torso1	hybrid-dist-pipelined	patoh	w1000	4	0.770301	0.008996646	0.961	ok
torso1	hybrid-dist-pipelined	patoh	w1200	4	0.775523	0.009555868	0.954	ok
torso1	hybrid-dist-pipelined	patoh	w2000	4	0.775814	0.00841518	0.954	ok
torso1	hybrid-dist-pipelined	naive	w400	4	0.763685	0.01270065	0.969	ok
torso1	hybrid-dist-pipelined	naive	w600	4	0.786244	0.008315879	0.941	ok
torso1	hybrid-dist-pipelined	naive	w800	4	0.793664	0.008218521	0.932	ok
torso1	hybrid-dist-pipelined	naive	w1000	4	0.786655	0.02488672	0.941	ok
torso1	hybrid-dist-pipelined	naive	w1200	2	0.799682	0.009345632	0.925	ok
torso1	hybrid-dist-pipelined	naive	w2000	2	0.792186	0.007642866	0.934	ok
torso1	mpi	patoh	w400	1	7.939015	0.008412264	0.093	ok
torso1	mpi	patoh	w600	1	8.378078	0.01029342	0.088	ok
torso1	mpi	patoh	w800	1	8.413035	0.01957026	0.088	ok
torso1	mpi	patoh	w1000	1	8.7742	0.007872522	0.084	ok
torso1	mpi	patoh	w1200	1	8.531481	0.009833938	0.087	ok
torso1	mpi	patoh	w2000	1	8.879864	0.007585145	0.083	ok
torso1	mpi	naive	w400	1	8.166176	0.008574997	0.091	ok
torso1	mpi	naive	w600	1	8.242672	0.01588524	0.090	ok
torso1	mpi	naive	w800	1	8.762452	0.02199877	0.084	ok
torso1	mpi	naive	w1000	1	8.946349	0.008184265	0.083	ok
torso1	mpi	naive	w1200	1	9.148047	0.008323164	0.081	ok
torso1	mpi	naive	w2000	1	9.001655	0.008430827	0.082	ok
torso1	mpi-gpu	patoh	w400	1	1.71048	0.00804001	0.433	ok
torso1	mpi-gpu	patoh	w600	1	1.354206	0.009639602	0.547	ok
torso1	mpi-gpu	patoh	w800	1	1.02576	0.008995985	0.722	ok
torso1	mpi-gpu	patoh	w1000	1	1.088037	0.008762328	0.680	ok
torso1	mpi-gpu	patoh	w1200	1	1.110717	0.007134387	0.666	ok
torso1	mpi-gpu	patoh	w2000	1	1.121641	0.0166893	0.660	ok
torso1	mpi-gpu	naive	w400	1	1.474421	0.008830793	0.502	ok
torso1	mpi-gpu	naive	w600	1	1.09545	0.008033903	0.676	ok
torso1	mpi-gpu	naive	w800	1	1.103933	0.008026897	0.670	ok
torso1	mpi-gpu	naive	w1000	1	1.145718	0.01153214	0.646	ok
torso1	mpi-gpu	naive	w1200	1	1.069898	0.008386692	0.692	ok
torso1	mpi-gpu	naive	w2000	1	1.0571	0.0078697	0.700	ok
para-9	cpu	-	-	8	6.83649	5.54843e+38	0.099	ok
para-9	gpu	-	-	1	0.673634	nan	1.000	ok
para-9	gpu-dp	-	-	1	0.58495	nan	1.152	ok
para-9	gpu-pipelined	-	-	1	0.834153	nan	0.808	ok
para-9	hybrid-async	patoh	w400	4	0.615191	nan	1.095	ok
para-9	hybrid-async	patoh	w600	4	0.599745	nan	1.123	ok
para-9	hybrid-async	patoh	w800	4	0.614397	1.64989e+37	1.096	ok
para-9	hybrid-async	patoh	w1000	2	0.625514	nan	1.077	ok
para-9	hybrid-async	patoh	w1200	2	0.632879	nan	1.064	ok
para-9	hybrid-async	patoh	w2000	1	0.643764	nan	1.046	ok
para-9	hybrid-async	naive	w400	4	0.627893	nan	1.073	ok
para-9	hybrid-async	naive	w600	4	0.595887	nan	1.130	ok
para-9	hybrid-async	naive	w800	4	0.613171	nan	1.099	ok
para-9	hybrid-async	naive	w1000	4	0.620538	nan	1.086	ok
para-9	hybrid-async	naive	w1200	2	0.629131	nan	1.071	ok
para-9	hybrid-async	naive	w2000	2	0.639358	nan	1.054	ok
para-9	hybrid-async-dp	patoh	w400	4	0.522394	nan	1.290	ok
para-9	hybrid-async-dp	patoh	w600	4	0.522794	nan	1.289	ok
para-9	hybrid-async-dp	patoh	w800	4	0.533208	8.590772e+62	1.263	ok
para-9	hybrid-async-dp	patoh	w1000	4	0.543028	nan	1.241	ok
para-9	hybrid-async-dp	patoh	w1200	2	0.551411	nan	1.222	ok
para-9	hybrid-async-dp	patoh	w2000	4	0.560947	nan	1.201	ok
para-9	hybrid-async-dp	naive	w400	4	0.542023	nan	1.243	ok
para-9	hybrid-async-dp	naive	w600	4	0.516826	nan	1.303	ok
para-9	hybrid-async-dp	naive	w800	4	0.529837	nan	1.271	ok
para-9	hybrid-async-dp	naive	w1000	4	0.54107	nan	1.245	ok
para-9	hybrid-async-dp	naive	w1200	4	0.543584	nan	1.239	ok
para-9	hybrid-async-dp	naive	w2000	1	0.557613	nan	1.208	ok
para-9	hybrid-dist-dp	patoh	w400	4	0.589928	nan	1.142	ok
para-9	hybrid-dist-dp	patoh	w600	4	0.59731	nan	1.128	ok
para-9	hybrid-dist-dp	patoh	w800	2	0.60538	7.534878e+41	1.113	ok
para-9	hybrid-dist-dp	patoh	w1000	1	0.60416	nan	1.115	ok
para-9	hybrid-dist-dp	patoh	w1200	1	0.604375	nan	1.115	ok
para-9	hybrid-dist-dp	patoh	w2000	1	0.613476	2.99078e+36	1.098	ok
para-9	hybrid-dist-dp	naive	w400	4	0.644655	2.26776e+33	1.045	ok
para-9	hybrid-dist-dp	naive	w600	4	0.628446	1.616944e+30	1.072	ok
para-9	hybrid-dist-dp	naive	w800	4	0.637746	2.297555e+49	1.056	ok
para-9	hybrid-dist-dp	naive	w1000	4	0.641039	1.317582e+53	1.051	ok
para-9	hybrid-dist-dp	naive	w1200	4	0.632376	4.272248e+36	1.065	ok
para-9	hybrid-dist-dp	naive	w2000	1	0.627608	2.761654e+26	1.073	ok
para-9	hybrid-dist-pipelined	patoh	w400	4	0.703638	nan	0.957	ok
para-9	hybrid-dist-pipelined	patoh	w600	4	0.73024	nan	0.922	ok
para-9	hybrid-dist-pipelined	patoh	w800	2	0.741021	5.655248e+38	0.909	ok
para-9	hybrid-dist-pipelined	patoh	w1000	1	0.753097	nan	0.894	ok
para-9	hybrid-dist-pipelined	patoh	w1200	1	0.758946	nan	0.888	ok
para-9	hybrid-dist-pipelined	patoh	w2000	1	0.757558	8.45821e+41	0.889	ok
para-9	hybrid-dist-pipelined	naive	w400	4	0.769124	1.044666e+37	0.876	ok
para-9	hybrid-dist-pipelined	naive	w600	4	0.788145	1.726361e+38	0.855	ok
para-9	hybrid-dist-pipelined	naive	w800	2	0.778767	9.312262e+68	0.865	ok
para-9	hybrid-dist-pipelined	naive	w1000	2	0.787609	1.239474e+35	0.855	ok
para-9	hybrid-dist-pipelined	naive	w1200	2	0.783434	1.482946e+32	0.860	ok
para-9	hybrid-dist-pipelined	naive	w2000	4	0.7706	1.770048e+64	0.874	ok
para-9	mpi	patoh	w400	1	6.445786	nan	0.105	ok
para-9	mpi	patoh	w600	1	6.912027	nan	0.097	ok
para-9	mpi	patoh	w800	1	7.372451	9.814049e+47	0.091	ok
para-9	mpi	patoh	w1000	1	7.338604	nan	0.092	ok
para-9	mpi	patoh	w1200	1	7.462551	5.332209e+70	0.090	ok
para-9	mpi	patoh	w2000	1	7.826631	8.352905e+80	0.086	ok
para-9	mpi	naive	w400	1	6.871456	6.864273e+36	0.098	ok
para-9	mpi	naive	w600	1	7.180578	1.43899e+39	0.094	ok
para-9	mpi	naive	w800	1	7.423522	4.995869e+45	0.091	ok
para-9	mpi	naive	w1000	1	7.436787	3.726086e+17	0.091	ok
para-9	mpi	naive	w1200	1	7.530531	4.295828e+22	0.089	ok
para-9	mpi	naive	w2000	1	7.660023	3.016895e+30	0.088	ok
para-9	mpi-gpu	patoh	w400	1	1.374374	nan	0.490	ok
para-9	mpi-gpu	patoh	w600	1	0.939596	nan	0.717	ok
para-9	mpi-gpu	patoh	w800	1	0.789212	1.578852e+44	0.854	ok
para-9	mpi-gpu	patoh	w1000	1	0.807063	nan	0.835	ok
para-9	mpi-gpu	patoh	w1200	1	0.811078	nan	0.831	ok
para-9	mpi-gpu	patoh	w2000	1	0.822525	2.281353e+45	0.819	ok
para-9	mpi-gpu	naive	w400	1	2.1567	1.740392e+81	0.312	ok
para-9	mpi-gpu	naive	w600	1	1.647415	8.998861e+70	0.409	ok
para-9	mpi-gpu	naive	w800	1	1.401396	7.9324e+38	0.481	ok
para-9	mpi-gpu	naive	w1000	1	1.257021	1.863944e+37	0.536	ok
para-9	mpi-gpu	naive	w1200	1	1.191496	4.963211e+33	0.565	ok
para-9	mpi-gpu	naive	w2000	1	0.991411	8.095492e+80	0.679	ok
FEM_3D_thermal2	cpu	-	-	16	4.075806	6.176444e-15	0.126	ok
FEM_3D_thermal2	gpu	-	-	1	0.513769	6.348208e-15	1.000	ok
FEM_3D_thermal2	gpu-dp	-	-	1	0.435845	4.442044e-15	1.179	ok
FEM_3D_thermal2	gpu-pipelined	-	-	1	0.64666	4.91429e-14	0.794	ok
FEM_3D_thermal2	hybrid-async	patoh	w400	4	0.48388	5.914025e-15	1.062	ok
FEM_3D_thermal2	hybrid-async	patoh	w600	4	0.457712	5.634288e-15	1.122	ok
FEM_3D_thermal2	hybrid-async	patoh	w800	4	0.463625	6.222263e-15	1.108	ok
FEM_3D_thermal2	hybrid-async	patoh	w1000	4	0.471593	6.017492e-15	1.089	ok
FEM_3D_thermal2	hybrid-async	patoh	w1200	4	0.476625	6.297143e-15	1.078	ok
FEM_3D_thermal2	hybrid-async	patoh	w2000	2	0.487386	6.32677e-15	1.054	ok
FEM_3D_thermal2	hybrid-async	naive	w400	4	0.486434	6.256811e-15	1.056	ok
FEM_3D_thermal2	hybrid-async	naive	w600	4	0.457375	5.660683e-15	1.123	ok
FEM_3D_thermal2	hybrid-async	naive	w800	4	0.4649	6.117005e-15	1.105	ok
FEM_3D_thermal2	hybrid-async	naive	w1000	4	0.471432	5.963406e-15	1.090	ok
FEM_3D_thermal2	hybrid-async	naive	w1200	4	0.475186	5.95492e-15	1.081	ok
FEM_3D_thermal2	hybrid-async	naive	w2000	4	0.484156	6.335175e-15	1.061	ok
FEM_3D_thermal2	hybrid-async-dp	patoh	w400	4	0.419299	4.215735e-15	1.225	ok
FEM_3D_thermal2	hybrid-async-dp	patoh	w600	4	0.388383	4.550458e-15	1.323	ok
FEM_3D_thermal2	hybrid-async-dp	patoh	w800	4	0.390306	4.571364e-15	1.316	ok
FEM_3D_thermal2	hybrid-async-dp	patoh	w1000	4	0.399678	4.192992e-15	1.285	ok
FEM_3D_thermal2	hybrid-async-dp	patoh	w1200	4	0.405231	4.257284e-15	1.268	ok
FEM_3D_thermal2	hybrid-async-dp	patoh	w2000	2	0.41346	4.33213e-15	1.243	ok
FEM_3D_thermal2	hybrid-async-dp	naive	w400	4	0.42299	4.144623e-15	1.215	ok
FEM_3D_thermal2	hybrid-async-dp	naive	w600	4	0.387236	4.338301e-15	1.327	ok
FEM_3D_thermal2	hybrid-async-dp	naive	w800	4	0.395389	4.352986e-15	1.299	ok
FEM_3D_thermal2	hybrid-async-dp	naive	w1000	2	0.400008	4.359244e-15	1.284	ok
FEM_3D_thermal2	hybrid-async-dp	naive	w1200	4	0.404692	4.487045e-15	1.270	ok
FEM_3D_thermal2	hybrid-async-dp	naive	w2000	4	0.411644	4.319961e-15	1.248	ok
FEM_3D_thermal2	hybrid-dist-dp	patoh	w400	4	0.447196	4.379714e-15	1.149	ok
FEM_3D_thermal2	hybrid-dist-dp	patoh	w600	4	0.454762	4.267756e-15	1.130	ok
FEM_3D_thermal2	hybrid-dist-dp	patoh	w800	4	0.458841	4.503933e-15	1.120	ok
FEM_3D_thermal2	hybrid-dist-dp	patoh	w1000	2	0.462445	4.298003e-15	1.111	ok
FEM_3D_thermal2	hybrid-dist-dp	patoh	w1200	1	0.459395	4.66367e-15	1.118	ok
FEM_3D_thermal2	hybrid-dist-dp	patoh	w2000	1	0.462935	4.382991e-15	1.110	ok
FEM_3D_thermal2	hybrid-dist-dp	naive	w400	4	0.450465	4.49617e-15	1.141	ok
FEM_3D_thermal2	hybrid-dist-dp	naive	w600	4	0.453382	4.16428e-15	1.133	ok
FEM_3D_thermal2	hybrid-dist-dp	naive	w800	2	0.455165	4.427826e-15	1.129	ok
FEM_3D_thermal2	hybrid-dist-dp	naive	w1000	2	0.463365	4.416705e-15	1.109	ok
FEM_3D_thermal2	hybrid-dist-dp	naive	w1200	1	0.459763	4.780475e-15	1.117	ok
FEM_3D_thermal2	hybrid-dist-dp	naive	w2000	1	0.458582	4.406775e-15	1.120	ok
FEM_3D_thermal2	hybrid-dist-pipelined	patoh	w400	4	0.547118	7.924074e-15	0.939	ok
FEM_3D_thermal2	hybrid-dist-pipelined	patoh	w600	2	0.562034	1.221847e-15	0.914	ok
FEM_3D_thermal2	hybrid-dist-pipelined	patoh	w800	2	0.567518	1.350905e-15	0.905	ok
FEM_3D_thermal2	hybrid-dist-pipelined	patoh	w1000	2	0.57621	3.350002e-15	0.892	ok
FEM_3D_thermal2	hybrid-dist-pipelined	patoh	w1200	1	0.585789	2.272701e-15	0.877	ok
FEM_3D_thermal2	hybrid-dist-pipelined	patoh	w2000	1	0.582589	2.622816e-15	0.882	ok
FEM_3D_thermal2	hybrid-dist-pipelined	naive	w400	4	0.544322	2.070252e-15	0.944	ok
FEM_3D_thermal2	hybrid-dist-pipelined	naive	w600	4	0.56231	9.757483e-15	0.914	ok
FEM_3D_thermal2	hybrid-dist-pipelined	naive	w800	2	0.568961	9.189388e-15	0.903	ok
FEM_3D_thermal2	hybrid-dist-pipelined	naive	w1000	2	0.578322	1.600249e-14	0.888	ok
FEM_3D_thermal2	hybrid-dist-pipelined	naive	w1200	1	0.583853	6.713589e-15	0.880	ok
FEM_3D_thermal2	hybrid-dist-pipelined	naive	w2000	1	0.58018	1.031892e-15	0.886	ok
FEM_3D_thermal2	mpi	patoh	w400	1	3.861358	6.187142e-15	0.133	ok
FEM_3D_thermal2	mpi	patoh	w600	1	4.184181	6.157356e-15	0.123	ok
FEM_3D_thermal2	mpi	patoh	w800	1	4.314396	6.557212e-15	0.119	ok
FEM_3D_thermal2	mpi	patoh	w1000	1	4.400645	6.353907e-15	0.117	ok
FEM_3D_thermal2	mpi	patoh	w1200	1	4.441929	6.039669e-15	0.116	ok
FEM_3D_thermal2	mpi	patoh	w2000	1	4.616288	6.274558e-15	0.111	ok
FEM_3D_thermal2	mpi	naive	w400	1	3.902891	6.494736e-15	0.132	ok
FEM_3D_thermal2	mpi	naive	w600	1	4.148105	6.16301e-15	0.124	ok
FEM_3D_thermal2	mpi	naive	w800	1	4.302544	6.037426e-15	0.119	ok
FEM_3D_thermal2	mpi	naive	w1000	1	4.327792	6.82354e-15	0.119	ok
FEM_3D_thermal2	mpi	naive	w1200	1	4.404667	6.181421e-15	0.117	ok
FEM_3D_thermal2	mpi	naive	w2000	1	4.542865	6.25885e-15	0.113	ok
FEM_3D_thermal2	mpi-gpu	patoh	w400	1	0.793507	5.994696e-15	0.647	ok
FEM_3D_thermal2	mpi-gpu	patoh	w600	1	0.625618	6.389812e-15	0.821	ok
FEM_3D_thermal2	mpi-gpu	patoh	w800	1	0.64666	6.104755e-15	0.794	ok
FEM_3D_thermal2	mpi-gpu	patoh	w1000	1	0.65659	6.347955e-15	0.782	ok
FEM_3D_thermal2	mpi-gpu	patoh	w1200	1	0.665907	6.607878e-15	0.772	ok
FEM_3D_thermal2	mpi-gpu	patoh	w2000	1	0.683419	6.361926e-15	0.752	ok
FEM_3D_thermal2	mpi-gpu	naive	w400	1	0.76557	7.003171e-15	0.671	ok
FEM_3D_thermal2	mpi-gpu	naive	w600	1	0.627213	6.073075e-15	0.819	ok
FEM_3D_thermal2	mpi-gpu	naive	w800	1	0.650422	6.08497e-15	0.790	ok
FEM_3D_thermal2	mpi-gpu	naive	w1000	1	0.663991	6.236451e-15	0.774	ok
FEM_3D_thermal2	mpi-gpu	naive	w1200	1	0.666242	6.235883e-15	0.771	ok
FEM_3D_thermal2	mpi-gpu	naive	w2000	1	0.679362	6.269451e-15	0.756	ok
cage13	cpu	-	-	8	11.148431	nan	0.095	ok
cage13	gpu	-	-	1	1.058835	nan	1.000	ok
cage13	gpu-dp	-	-	1	0.888257	nan	1.192	ok
cage13	gpu-pipelined	-	-	1	1.450008	1.154894e-16	0.730	ok
cage13	hybrid-async	patoh	w400	4	1.156548	nan	0.916	ok
cage13	hybrid-async	patoh	w600	4	1.048166	nan	1.010	ok
cage13	hybrid-async	patoh	w800	4	0.998768	nan	1.060	ok
cage13	hybrid-async	patoh	w1000	4	1.00958	nan	1.049	ok
cage13	hybrid-async	patoh	w1200	4	1.01722	nan	1.041	ok
cage13	hybrid-async	patoh	w2000	2	1.038128	nan	1.020	ok
cage13	hybrid-async	naive	w400	4	1.167523	nan	0.907	ok
cage13	hybrid-async	naive	w600	4	1.032948	nan	1.025	ok
cage13	hybrid-async	naive	w800	4	0.991306	nan	1.068	ok
cage13	hybrid-async	naive	w1000	4	1.002522	nan	1.056	ok
cage13	hybrid-async	naive	w1200	4	1.010872	nan	1.047	ok
cage13	hybrid-async	naive	w2000	2	1.030572	nan	1.027	ok
cage13	hybrid-async-dp	patoh	w400	4	0.997157	nan	1.062	ok
cage13	hybrid-async-dp	patoh	w600	4	0.885725	nan	1.195	ok
cage13	hybrid-async-dp	patoh	w800	4	0.827533	nan	1.280	ok
cage13	hybrid-async-dp	patoh	w1000	4	0.83835	nan	1.263	ok
cage13	hybrid-async-dp	patoh	w1200	4	0.840242	nan	1.260	ok
cage13	hybrid-async-dp	patoh	w2000	4	0.858437	nan	1.233	ok
cage13	hybrid-async-dp	naive	w400	4	0.994149	nan	1.065	ok
cage13	hybrid-async-dp	naive	w600	4	0.862961	nan	1.227	ok
cage13	hybrid-async-dp	naive	w800	4	0.826822	nan	1.281	ok
cage13	hybrid-async-dp	naive	w1000	4	0.83268	nan	1.272	ok
cage13	hybrid-async-dp	naive	w1200	4	0.835864	nan	1.267	ok
cage13	hybrid-async-dp	naive	w2000	4	0.860192	nan	1.231	ok
cage13	hybrid-dist-dp	patoh	w400	4	0.943323	nan	1.122	ok
cage13	hybrid-dist-dp	patoh	w600	4	0.936149	nan	1.131	ok
cage13	hybrid-dist-dp	patoh	w800	4	0.940872	nan	1.125	ok
cage13	hybrid-dist-dp	patoh	w1000	4	0.923474	nan	1.147	ok
cage13	hybrid-dist-dp	patoh	w1200	2	0.945232	nan	1.120	ok
cage13	hybrid-dist-dp	patoh	w2000	4	0.945777	nan	1.120	ok
cage13	hybrid-dist-dp	naive	w400	4	0.94222	nan	1.124	ok
cage13	hybrid-dist-dp	naive	w600	4	0.939523	nan	1.127	ok
cage13	hybrid-dist-dp	naive	w800	4	0.93082	nan	1.138	ok
cage13	hybrid-dist-dp	naive	w1000	4	0.957311	nan	1.106	ok
cage13	hybrid-dist-dp	naive	w1200	4	0.957185	nan	1.106	ok
cage13	hybrid-dist-dp	naive	w2000	4	0.969135	nan	1.093	ok
cage13	hybrid-dist-pipelined	patoh	w400	4	1.157913	1.140289e-16	0.914	ok
cage13	hybrid-dist-pipelined	patoh	w600	4	1.162523	1.007211e-16	0.911	ok
cage13	hybrid-dist-pipelined	patoh	w800	2	1.18342	1.12727e-16	0.895	ok
cage13	hybrid-dist-pipelined	patoh	w1000	2	1.182062	1.059601e-16	0.896	ok
cage13	hybrid-dist-pipelined	patoh	w1200	2	1.189438	1.081164e-16	0.890	ok
cage13	hybrid-dist-pipelined	patoh	w2000	4	1.210373	1.002115e-16	0.875	ok
cage13	hybrid-dist-pipelined	naive	w400	4	1.186565	9.728239e-17	0.892	ok
cage13	hybrid-dist-pipelined	naive	w600	4	1.194714	9.430466e-17	0.886	ok
cage13	hybrid-dist-pipelined	naive	w800	4	1.201505	1.068995e-16	0.881	ok
cage13	hybrid-dist-pipelined	naive	w1000	2	1.225055	8.766946e-17	0.864	ok
cage13	hybrid-dist-pipelined	naive	w1200	4	1.231951	1.071151e-16	0.859	ok
cage13	hybrid-dist-pipelined	naive	w2000	1	1.240947	1.085989e-16	0.853	ok
cage13	mpi	patoh	w400	1	10.689039	nan	0.099	ok
cage13	mpi	patoh	w600	1	11.067825	nan	0.096	ok
cage13	mpi	patoh	w800	1	11.174923	nan	0.095	ok
cage13	mpi	patoh	w1000	1	11.443398	nan	0.093	ok
cage13	mpi	patoh	w1200	1	11.876036	nan	0.089	ok
cage13	mpi	patoh	w2000	1	12.133497	nan	0.087	ok
cage13	mpi	naive	w400	1	10.379945	nan	0.102	ok
cage13	mpi	naive	w600	1	10.720503	nan	0.099	ok
cage13	mpi	naive	w800	1	11.105307	nan	0.095	ok
cage13	mpi	naive	w1000	1	11.817125	nan	0.090	ok
cage13	mpi	naive	w1200	1	12.052199	nan	0.088	ok
cage13	mpi	naive	w2000	1	12.308549	nan	0.086	ok
cage13	mpi-gpu	patoh	w400	1	2.249494	nan	0.471	ok
cage13	mpi-gpu	patoh	w600	1	1.588112	nan	0.667	ok
cage13	mpi-gpu	patoh	w800	1	1.531058	nan	0.692	ok
cage13	mpi-gpu	patoh	w1000	1	1.567188	nan	0.676	ok
cage13	mpi-gpu	patoh	w1200	1	1.567566	nan	0.675	ok
cage13	mpi-gpu	patoh	w2000	1	1.588074	nan	0.667	ok
cage13	mpi-gpu	naive	w400	1	2.252821	nan	0.470	ok
cage13	mpi-gpu	naive	w600	1	1.567839	nan	0.675	ok
cage13	mpi-gpu	naive	w800	1	1.591138	nan	0.665	ok
cage13	mpi-gpu	naive	w1000	1	1.622563	nan	0.653	ok
cage13	mpi-gpu	naive	w1200	1	1.640877	nan	0.645	ok
cage13	mpi-gpu	naive	w2000	1	1.666655	nan	0.635	ok
Goodwin_127	cpu	-	-	16	6.644939	0.0070192	0.107	ok
Goodwin_127	gpu	-	-	1	0.709334	0.009712403	1.000	ok
Goodwin_127	gpu-dp	-	-	1	0.622803	0.009052518	1.139	ok
Goodwin_127	gpu-pipelined	-	-	1	0.882121	0.008555408	0.804	ok
Goodwin_127	hybrid-async	patoh	w400	4	0.61996	nan	1.144	ok
Goodwin_127	hybrid-async	patoh	w600	4	0.630019	nan	1.126	ok
Goodwin_127	hybrid-async	patoh	w800	4	0.65139	nan	1.089	ok
Goodwin_127	hybrid-async	patoh	w1000	2	0.656131	0.007669635	1.081	ok
Goodwin_127	hybrid-async	patoh	w1200	2	0.666235	0.009661414	1.065	ok
Goodwin_127	hybrid-async	patoh	w2000	2	0.682821	nan	1.039	ok
Goodwin_127	hybrid-async	naive	w400	4	0.627764	0.009199564	1.130	ok
Goodwin_127	hybrid-async	naive	w600	4	0.629414	0.009095458	1.127	ok
Goodwin_127	hybrid-async	naive	w800	4	0.645571	0.008340149	1.099	ok
Goodwin_127	hybrid-async	naive	w1000	2	0.657671	0.01098166	1.079	ok
Goodwin_127	hybrid-async	naive	w1200	4	0.665474	0.004889893	1.066	ok
Goodwin_127	hybrid-async	naive	w2000	1	0.678412	0.005712038	1.046	ok
Goodwin_127	hybrid-async-dp	patoh	w400	4	0.550411	0.009257513	1.289	ok
Goodwin_127	hybrid-async-dp	patoh	w600	4	0.550193	0.005416757	1.289	ok
Goodwin_127	hybrid-async-dp	patoh	w800	4	0.56708	nan	1.251	ok
Goodwin_127	hybrid-async-dp	patoh	w1000	4	0.571708	0.006098676	1.241	ok
Goodwin_127	hybrid-async-dp	patoh	w1200	4	0.582541	0.006007193	1.218	ok
Goodwin_127	hybrid-async-dp	patoh	w2000	2	0.594731	0.01061441	1.193	ok
Goodwin_127	hybrid-async-dp	naive	w400	4	0.556947	0.008633459	1.274	ok
Goodwin_127	hybrid-async-dp	naive	w600	4	0.557725	0.0079222	1.272	ok
Goodwin_127	hybrid-async-dp	naive	w800	4	0.56742	0.008573684	1.250	ok
Goodwin_127	hybrid-async-dp	naive	w1000	4	0.570715	0.009068834	1.243	ok
Goodwin_127	hybrid-async-dp	naive	w1200	4	0.577545	0.007967097	1.228	ok
Goodwin_127	hybrid-async-dp	naive	w2000	2	0.592341	0.01223029	1.198	ok
Goodwin_127	hybrid-dist-dp	patoh	w400	4	0.620089	0.00701827	1.144	ok
Goodwin_127	hybrid-dist-dp	patoh	w600	2	0.629937	0.0155277	1.126	ok
Goodwin_127	hybrid-dist-dp	patoh	w800	2	0.636451	nan	1.115	ok
Goodwin_127	hybrid-dist-dp	patoh	w1000	2	0.642311	nan	1.104	ok
Goodwin_127	hybrid-dist-dp	patoh	w1200	1	0.638938	0.008643811	1.110	ok
Goodwin_127	hybrid-dist-dp	patoh	w2000	1	0.643159	nan	1.103	ok
Goodwin_127	hybrid-dist-dp	naive	w400	4	0.620934	0.007311524	1.142	ok
Goodwin_127	hybrid-dist-dp	naive	w600	4	0.629045	0.01014203	1.128	ok
Goodwin_127	hybrid-dist-dp	naive	w800	2	0.634537	0.008888554	1.118	ok
Goodwin_127	hybrid-dist-dp	naive	w1000	2	0.637648	0.006824035	1.112	ok
Goodwin_127	hybrid-dist-dp	naive	w1200	1	0.632801	0.04926856	1.121	ok
Goodwin_127	hybrid-dist-dp	naive	w2000	2	0.65316	nan	1.086	ok
Goodwin_127	hybrid-dist-pipelined	patoh	w400	4	0.754135	0.1840184	0.941	ok
Goodwin_127	hybrid-dist-pipelined	patoh	w600	2	0.774014	0.007152223	0.916	ok
Goodwin_127	hybrid-dist-pipelined	patoh	w800	2	0.787937	0.008438783	0.900	ok
Goodwin_127	hybrid-dist-pipelined	patoh	w1000	2	0.795123	0.009441151	0.892	ok
Goodwin_127	hybrid-dist-pipelined	patoh	w1200	2	0.81262	0.07997316	0.873	ok
Goodwin_127	hybrid-dist-pipelined	patoh	w2000	1	0.804529	0.01224752	0.882	ok
Goodwin_127	hybrid-dist-pipelined	naive	w400	4	0.749133	nan	0.947	ok
Goodwin_127	hybrid-dist-pipelined	naive	w600	2	0.780261	0.009645472	0.909	ok
Goodwin_127	hybrid-dist-pipelined	naive	w800	4	0.789134	0.009316692	0.899	ok
Goodwin_127	hybrid-dist-pipelined	naive	w1000	2	0.801895	0.008168455	0.885	ok
Goodwin_127	hybrid-dist-pipelined	naive	w1200	1	0.802482	0.01118957	0.884	ok
Goodwin_127	hybrid-dist-pipelined	naive	w2000	2	0.820369	0.009453504	0.865	ok
Goodwin_127	mpi	patoh	w400	1	6.215393	0.4224862	0.114	ok
Goodwin_127	mpi	patoh	w600	1	6.54016	0.008591987	0.108	ok
Goodwin_127	mpi	patoh	w800	1	6.855645	0.009805824	0.103	ok
Goodwin_127	mpi	patoh	w1000	1	6.858175	0.008300867	0.103	ok
Goodwin_127	mpi	patoh	w1200	1	7.088276	0.01006419	0.100	ok
Goodwin_127	mpi	patoh	w2000	1	7.330784	0.008496142	0.097	ok
Goodwin_127	mpi	naive	w400	1	6.16409	0.009317376	0.115	ok
Goodwin_127	mpi	naive	w600	1	6.517728	0.009885631	0.109	ok
Goodwin_127	mpi	naive	w800	1	6.689042	0.01055985	0.106	ok
Goodwin_127	mpi	naive	w1000	1	6.906662	0.008386693	0.103	ok
Goodwin_127	mpi	naive	w1200	1	6.957883	0.008456541	0.102	ok
Goodwin_127	mpi	naive	w2000	1	7.083857	0.01088353	0.100	ok
Goodwin_127	mpi-gpu	patoh	w400	1	1.18283	nan	0.600	ok
Goodwin_127	mpi-gpu	patoh	w600	1	0.887886	nan	0.799	ok
Goodwin_127	mpi-gpu	patoh	w800	1	0.815642	nan	0.870	ok
Goodwin_127	mpi-gpu	patoh	w1000	1	0.823758	0.009478368	0.861	ok
Goodwin_127	mpi-gpu	patoh	w1200	1	0.841971	0.009428639	0.842	ok
Goodwin_127	mpi-gpu	patoh	w2000	1	0.86006	0.008779203	0.825	ok
Goodwin_127	mpi-gpu	naive	w400	1	1.189253	0.009661917	0.596	ok
Goodwin_127	mpi-gpu	naive	w600	1	0.872501	0.009336662	0.813	ok
Goodwin_127	mpi-gpu	naive	w800	1	0.810632	0.01757387	0.875	ok
Goodwin_127	mpi-gpu	naive	w1000	1	0.823729	nan	0.861	ok
Goodwin_127	mpi-gpu	naive	w1200	1	0.829663	nan	0.855	ok
Goodwin_127	mpi-gpu	naive	w2000	1	0.852547	0.01160719	0.832	ok
bauru5727	cpu	-	-	4	0.356217	0.0001829284	0.408	ok
bauru5727	gpu	-	-	1	0.145188	0.0001663168	1.000	ok
bauru5727	gpu-dp	-	-	1	0.096617	0.05209332	1.503	ok
bauru5727	gpu-pipelined	-	-	1	0.191719	0.0002598005	0.757	ok
bauru5727	hybrid-async	patoh	w400	4	0.192303	0.0001077539	0.755	ok
bauru5727	hybrid-async	patoh	w600	4	0.184942	0.0002978004	0.785	ok
bauru5727	hybrid-async	patoh	w800	4	0.171873	0.0002005571	0.845	ok
bauru5727	hybrid-async	patoh	w1000	4	0.169016	8.66259e-05	0.859	ok
bauru5727	hybrid-async	patoh	w1200	2	0.166625	5.641266e-05	0.871	ok
bauru5727	hybrid-async	patoh	w2000	2	0.162258	5.036054e-05	0.895	ok
bauru5727	hybrid-async	naive	w400	4	0.173316	0.0001173987	0.838	ok
bauru5727	hybrid-async	naive	w600	4	0.172795	0.0002132019	0.840	ok
bauru5727	hybrid-async	naive	w800	2	0.167985	0.003591214	0.864	ok
bauru5727	hybrid-async	naive	w1000	2	0.165817	0.0001936869	0.876	ok
bauru5727	hybrid-async	naive	w1200	2	0.165131	0.0001227515	0.879	ok
bauru5727	hybrid-async	naive	w2000	2	0.161552	0.0002229479	0.899	ok
bauru5727	hybrid-async-dp	patoh	w400	4	0.133653	0.0004214016	1.086	ok
bauru5727	hybrid-async-dp	patoh	w600	4	0.130269	0.0004161976	1.115	ok
bauru5727	hybrid-async-dp	patoh	w800	2	0.126419	0.0001713533	1.148	ok
bauru5727	hybrid-async-dp	patoh	w1000	4	0.125217	0.6447594	1.159	ok
bauru5727	hybrid-async-dp	patoh	w1200	4	0.12283	0.0001419769	1.182	ok
bauru5727	hybrid-async-dp	patoh	w2000	2	0.115192	0.0001720176	1.260	ok
bauru5727	hybrid-async-dp	naive	w400	4	0.128876	7.406148e-05	1.127	ok
bauru5727	hybrid-async-dp	naive	w600	4	0.123039	2.12985e-05	1.180	ok
bauru5727	hybrid-async-dp	naive	w800	4	0.117982	6.577918e-05	1.231	ok
bauru5727	hybrid-async-dp	naive	w1000	2	0.117077	0.0002539268	1.240	ok
bauru5727	hybrid-async-dp	naive	w1200	2	0.114784	0.003602446	1.265	ok
bauru5727	hybrid-async-dp	naive	w2000	1	0.110968	0.0002724322	1.308	ok
bauru5727	hybrid-dist-dp	patoh	w400	4	0.176307	3.022225e-05	0.823	ok
bauru5727	hybrid-dist-dp	patoh	w600	1	0.156983	0.0002508726	0.925	ok
bauru5727	hybrid-dist-dp	patoh	w800	1	0.147105	5.09992e-05	0.987	ok
bauru5727	hybrid-dist-dp	patoh	w1000	1	0.140055	0.0003846941	1.037	ok
bauru5727	hybrid-dist-dp	patoh	w1200	1	0.140625	4.848008e-05	1.032	ok
bauru5727	hybrid-dist-dp	patoh	w2000	1	0.139297	0.0007483047	1.042	ok
bauru5727	hybrid-dist-dp	naive	w400	4	0.157628	5.611356e-05	0.921	ok
bauru5727	hybrid-dist-dp	naive	w600	1	0.149028	0.0001414842	0.974	ok
bauru5727	hybrid-dist-dp	naive	w800	1	0.141593	0.0001243012	1.025	ok
bauru5727	hybrid-dist-dp	naive	w1000	1	0.137688	0.0002212878	1.054	ok
bauru5727	hybrid-dist-dp	naive	w1200	1	0.137179	0.0006158712	1.058	ok
bauru5727	hybrid-dist-dp	naive	w2000	1	0.135856	6.962694e-05	1.069	ok
bauru5727	hybrid-dist-pipelined	patoh	w400	1	0.203143	0.00149931	0.715	ok
bauru5727	hybrid-dist-pipelined	patoh	w600	1	0.176939	0.0004473381	0.821	ok
bauru5727	hybrid-dist-pipelined	patoh	w800	1	0.163682	0.0003412802	0.887	ok
bauru5727	hybrid-dist-pipelined	patoh	w1000	1	0.164391	0.0008759881	0.883	ok
bauru5727	hybrid-dist-pipelined	patoh	w1200	1	0.172584	0.0006732632	0.841	ok
bauru5727	hybrid-dist-pipelined	patoh	w2000	1	0.165087	0.0009506547	0.879	ok
bauru5727	hybrid-dist-pipelined	naive	w400	1	0.178364	0.00903995	0.814	ok
bauru5727	hybrid-dist-pipelined	naive	w600	1	0.169626	0.002427165	0.856	ok
bauru5727	hybrid-dist-pipelined	naive	w800	1	0.165468	0.009305794	0.877	ok
bauru5727	hybrid-dist-pipelined	naive	w1000	1	0.171619	0.0004493651	0.846	ok
bauru5727	hybrid-dist-pipelined	naive	w1200	1	0.167055	0.0003825617	0.869	ok
bauru5727	hybrid-dist-pipelined	naive	w2000	1	0.161022	0.001238092	0.902	ok
bauru5727	mpi	patoh	w400	1	0.324796	0.0001064532	0.447	ok
bauru5727	mpi	patoh	w600	1	0.347999	5.979696e-05	0.417	ok
bauru5727	mpi	patoh	w800	1	0.35771	0.0001781708	0.406	ok
bauru5727	mpi	patoh	w1000	1	0.376488	3.57941e-05	0.386	ok
bauru5727	mpi	patoh	w1200	1	0.388355	0.0001465056	0.374	ok
bauru5727	mpi	patoh	w2000	1	0.384667	4.818001e-05	0.377	ok
bauru5727	mpi	naive	w400	1	0.357778	1.790663e-05	0.406	ok
bauru5727	mpi	naive	w600	1	0.402106	0.0007933991	0.361	ok
bauru5727	mpi	naive	w800	1	0.403667	0.0003111007	0.360	ok
bauru5727	mpi	naive	w1000	1	0.408551	4.708813e-05	0.355	ok
bauru5727	mpi	naive	w1200	1	0.435542	0.0002325364	0.333	ok
bauru5727	mpi	naive	w2000	1	0.413545	0.0003846322	0.351	ok
bauru5727	mpi-gpu	patoh	w400	1	0.235056	0.0009303735	0.618	ok
bauru5727	mpi-gpu	patoh	w600	1	0.236569	3.754416e-05	0.614	ok
bauru5727	mpi-gpu	patoh	w800	1	0.24203	5.28106e-05	0.600	ok
bauru5727	mpi-gpu	patoh	w1000	1	0.24129	0.0002574263	0.602	ok
bauru5727	mpi-gpu	patoh	w1200	1	0.242099	4.828932e-05	0.600	ok
bauru5727	mpi-gpu	patoh	w2000	1	0.248228	6.247208e-05	0.585	ok
bauru5727	mpi-gpu	naive	w400	1	0.255319	0.0001067034	0.569	ok
bauru5727	mpi-gpu	naive	w600	1	0.259152	2.764118e-05	0.560	ok
bauru5727	mpi-gpu	naive	w800	1	0.257819	0.0001967374	0.563	ok
bauru5727	mpi-gpu	naive	w1000	1	0.258137	0.000178314	0.562	ok
bauru5727	mpi-gpu	naive	w1200	1	0.258267	0.0001029312	0.562	ok
bauru5727	mpi-gpu	naive	w2000	1	0.257366	0.0001111155	0.564	ok
xenon2	cpu	-	-	8	4.392568	8.909756e-10	0.124	ok
xenon2	gpu	-	-	1	0.546102	3.059876e-09	1.000	ok
xenon2	gpu-dp	-	-	1	0.47267	1.962672e-08	1.155	ok
xenon2	gpu-pipelined	-	-	1	0.69007	8.724137e-09	0.791	ok
xenon2	hybrid-async	patoh	w400	4	0.504475	2.482609e-09	1.083	ok
xenon2	hybrid-async	patoh	w600	4	0.493637	9.077856e-10	1.106	ok
xenon2	hybrid-async	patoh	w800	4	0.499153	7.200534e-09	1.094	ok
xenon2	hybrid-async	patoh	w1000	4	0.50692	1.887289e-08	1.077	ok
xenon2	hybrid-async	patoh	w1200	4	0.511296	2.086094e-10	1.068	ok
xenon2	hybrid-async	patoh	w2000	4	0.5196	1.065516e-08	1.051	ok
xenon2	hybrid-async	naive	w400	4	0.511681	1.193436e-08	1.067	ok
xenon2	hybrid-async	naive	w600	4	0.491757	8.78804e-09	1.111	ok
xenon2	hybrid-async	naive	w800	4	0.496271	1.678916e-10	1.100	ok
xenon2	hybrid-async	naive	w1000	2	0.50614	6.391389e-08	1.079	ok
xenon2	hybrid-async	naive	w1200	4	0.506895	7.759544e-10	1.077	ok
xenon2	hybrid-async	naive	w2000	2	0.514962	1.048625e-08	1.060	ok
xenon2	hybrid-async-dp	patoh	w400	4	0.465992	8.024816e-09	1.172	ok
xenon2	hybrid-async-dp	patoh	w600	4	0.415838	8.732087e-10	1.313	ok
xenon2	hybrid-async-dp	patoh	w800	4	0.423521	7.248365e-09	1.289	ok
xenon2	hybrid-async-dp	patoh	w1000	4	0.437765	1.436635e-09	1.247	ok
xenon2	hybrid-async-dp	patoh	w1200	4	0.439181	2.984245e-09	1.243	ok
xenon2	hybrid-async-dp	patoh	w2000	4	0.444487	6.111861e-10	1.229	ok
xenon2	hybrid-async-dp	naive	w400	4	0.475689	1.401047e-09	1.148	ok
xenon2	hybrid-async-dp	naive	w600	4	0.421069	1.613534e-09	1.297	ok
xenon2	hybrid-async-dp	naive	w800	4	0.426375	1.197131e-09	1.281	ok
xenon2	hybrid-async-dp	naive	w1000	4	0.436379	2.995351e-09	1.251	ok
xenon2	hybrid-async-dp	naive	w1200	4	0.435271	1.829673e-09	1.255	ok
xenon2	hybrid-async-dp	naive	w2000	4	0.444587	4.216297e-09	1.228	ok
xenon2	hybrid-dist-dp	patoh	w400	4	0.482825	1.909941e-08	1.131	ok
xenon2	hybrid-dist-dp	patoh	w600	2	0.488117	1.857986e-08	1.119	ok
xenon2	hybrid-dist-dp	patoh	w800	4	0.493212	1.554349e-09	1.107	ok
xenon2	hybrid-dist-dp	patoh	w1000	1	0.488347	3.765087e-09	1.118	ok
xenon2	hybrid-dist-dp	patoh	w1200	1	0.490662	5.08376e-10	1.113	ok
xenon2	hybrid-dist-dp	patoh	w2000	1	0.492389	1.874458e-09	1.109	ok
xenon2	hybrid-dist-dp	naive	w400	4	0.486043	5.143519e-09	1.124	ok
xenon2	hybrid-dist-dp	naive	w600	4	0.488853	9.007453e-10	1.117	ok
xenon2	hybrid-dist-dp	naive	w800	2	0.490915	2.031722e-09	1.112	ok
xenon2	hybrid-dist-dp	naive	w1000	2	0.49673	2.689784e-09	1.099	ok
xenon2	hybrid-dist-dp	naive	w1200	1	0.493264	4.738731e-10	1.107	ok
xenon2	hybrid-dist-dp	naive	w2000	1	0.49328	8.580503e-10	1.107	ok
xenon2	hybrid-dist-pipelined	patoh	w400	4	0.592015	6.632286e-10	0.922	ok
xenon2	hybrid-dist-pipelined	patoh	w600	4	0.606338	4.257215e-10	0.901	ok
xenon2	hybrid-dist-pipelined	patoh	w800	4	0.613314	4.445045e-08	0.890	ok
xenon2	hybrid-dist-pipelined	patoh	w1000	1	0.621988	9.475023e-09	0.878	ok
xenon2	hybrid-dist-pipelined	patoh	w1200	1	0.631719	2.325949e-09	0.864	ok
xenon2	hybrid-dist-pipelined	patoh	w2000	2	0.627373	9.762071e-10	0.870	ok
xenon2	hybrid-dist-pipelined	naive	w400	4	0.587984	2.152401e-08	0.929	ok
xenon2	hybrid-dist-pipelined	naive	w600	4	0.603954	2.576846e-09	0.904	ok
xenon2	hybrid-dist-pipelined	naive	w800	4	0.611852	5.951894e-09	0.893	ok
xenon2	hybrid-dist-pipelined	naive	w1000	2	0.620885	3.573214e-09	0.880	ok
xenon2	hybrid-dist-pipelined	naive	w1200	2	0.622913	4.95917e-09	0.877	ok
xenon2	hybrid-dist-pipelined	naive	w2000	1	0.622714	3.459439e-09	0.877	ok
xenon2	mpi	patoh	w400	1	4.151941	7.567912e-09	0.132	ok
xenon2	mpi	patoh	w600	1	4.392823	1.353762e-07	0.124	ok
xenon2	mpi	patoh	w800	1	4.54241	3.364311e-09	0.120	ok
xenon2	mpi	patoh	w1000	1	4.637207	5.737279e-09	0.118	ok
xenon2	mpi	patoh	w1200	1	4.719929	7.010128e-09	0.116	ok
xenon2	mpi	patoh	w2000	1	4.82459	3.692728e-09	0.113	ok
xenon2	mpi	naive	w400	1	4.117595	3.65766e-10	0.133	ok
xenon2	mpi	naive	w600	1	4.37369	5.692113e-08	0.125	ok
xenon2	mpi	naive	w800	1	4.533758	7.210726e-09	0.120	ok
xenon2	mpi	naive	w1000	1	4.593607	2.374256e-09	0.119	ok
xenon2	mpi	naive	w1200	1	4.649487	1.541846e-09	0.117	ok
xenon2	mpi	naive	w2000	1	4.777421	4.460688e-09	0.114	ok
xenon2	mpi-gpu	patoh	w400	1	0.799278	4.879825e-09	0.683	ok
xenon2	mpi-gpu	patoh	w600	1	0.667566	5.311523e-09	0.818	ok
xenon2	mpi-gpu	patoh	w800	1	0.694621	2.644049e-09	0.786	ok
xenon2	mpi-gpu	patoh	w1000	1	0.700814	4.800859e-09	0.779	ok
xenon2	mpi-gpu	patoh	w1200	1	0.706635	1.300819e-09	0.773	ok
xenon2	mpi-gpu	patoh	w2000	1	0.722125	9.744031e-10	0.756	ok
xenon2	mpi-gpu	naive	w400	1	0.830888	1.858757e-09	0.657	ok
xenon2	mpi-gpu	naive	w600	1	0.670441	1.558155e-09	0.815	ok
xenon2	mpi-gpu	naive	w800	1	0.690536	2.850393e-09	0.791	ok
xenon2	mpi-gpu	naive	w1000	1	0.699436	2.349838e-09	0.781	ok
xenon2	mpi-gpu	naive	w1200	1	0.706824	3.367006e-09	0.773	ok
xenon2	mpi-gpu	naive	w2000	1	0.719808	1.100261e-09	0.759	ok
ML_Laplace	cpu	-	-	16	5.496421	0.006951694	0.094	ok
ML_Laplace	gpu	-	-	1	0.515316	0.006903158	1.000	ok
ML_Laplace	gpu-dp	-	-	1	0.494652	0.005666477	1.042	ok
ML_Laplace	gpu-pipelined	-	-	1	0.628013	0.007544688	0.821	ok
ML_Laplace	hybrid-async	patoh	w400	4	0.597648	0.007367098	0.862	ok
ML_Laplace	hybrid-async	patoh	w600	4	0.456164	0.007711806	1.130	ok
ML_Laplace	hybrid-async	patoh	w800	4	0.472571	0.007876494	1.090	ok
ML_Laplace	hybrid-async	patoh	w1000	2	0.480136	0.006611578	1.073	ok
ML_Laplace	hybrid-async	patoh	w1200	4	0.484625	0.0052502	1.063	ok
ML_Laplace	hybrid-async	patoh	w2000	2	0.498705	0.007442623	1.033	ok
ML_Laplace	hybrid-async	naive	w400	4	0.621031	0.005505525	0.830	ok
ML_Laplace	hybrid-async	naive	w600	4	0.457755	0.007156775	1.126	ok
ML_Laplace	hybrid-async	naive	w800	4	0.469148	0.007623978	1.098	ok
ML_Laplace	hybrid-async	naive	w1000	4	0.477988	0.00634463	1.078	ok
ML_Laplace	hybrid-async	naive	w1200	2	0.481113	0.006408271	1.071	ok
ML_Laplace	hybrid-async	naive	w2000	1	0.493189	0.007448275	1.045	ok
ML_Laplace	hybrid-async-dp	patoh	w400	4	0.57351	0.006311104	0.899	ok
ML_Laplace	hybrid-async-dp	patoh	w600	4	0.433153	0.007565354	1.190	ok
ML_Laplace	hybrid-async-dp	patoh	w800	2	0.450916	0.005671636	1.143	ok
ML_Laplace	hybrid-async-dp	patoh	w1000	4	0.456949	0.007742495	1.128	ok
ML_Laplace	hybrid-async-dp	patoh	w1200	2	0.460293	0.007796998	1.120	ok
ML_Laplace	hybrid-async-dp	patoh	w2000	4	0.478776	0.007685367	1.076	ok
ML_Laplace	hybrid-async-dp	naive	w400	4	0.592518	0.006553319	0.870	ok
ML_Laplace	hybrid-async-dp	naive	w600	4	0.428138	0.006135186	1.204	ok
ML_Laplace	hybrid-async-dp	naive	w800	4	0.445914	0.008159576	1.156	ok
ML_Laplace	hybrid-async-dp	naive	w1000	2	0.453457	0.006333159	1.136	ok
ML_Laplace	hybrid-async-dp	naive	w1200	4	0.458519	0.006447645	1.124	ok
ML_Laplace	hybrid-async-dp	naive	w2000	1	0.468219	0.006712153	1.101	ok
ML_Laplace	hybrid-dist-dp	patoh	w400	4	0.533093	0.006795141	0.967	ok
ML_Laplace	hybrid-dist-dp	patoh	w600	4	0.448028	0.00667318	1.150	ok
ML_Laplace	hybrid-dist-dp	patoh	w800	4	0.463029	0.008147566	1.113	ok
ML_Laplace	hybrid-dist-dp	patoh	w1000	4	0.473564	0.006003749	1.088	ok
ML_Laplace	hybrid-dist-dp	patoh	w1200	1	0.475673	0.00686752	1.083	ok
ML_Laplace	hybrid-dist-dp	patoh	w2000	1	0.488597	0.007941827	1.055	ok
ML_Laplace	hybrid-dist-dp	naive	w400	4	0.562301	0.006367173	0.916	ok
ML_Laplace	hybrid-dist-dp	naive	w600	4	0.451011	0.007056328	1.143	ok
ML_Laplace	hybrid-dist-dp	naive	w800	4	0.464894	0.005636725	1.108	ok
ML_Laplace	hybrid-dist-dp	naive	w1000	4	0.465684	0.0070153	1.107	ok
ML_Laplace	hybrid-dist-dp	naive	w1200	4	0.476377	0.005881617	1.082	ok
ML_Laplace	hybrid-dist-dp	naive	w2000	2	0.487438	0.008179694	1.057	ok
ML_Laplace	hybrid-dist-pipelined	patoh	w400	4	0.661754	0.006446227	0.779	ok
ML_Laplace	hybrid-dist-pipelined	patoh	w600	4	0.532377	0.005213493	0.968	ok
ML_Laplace	hybrid-dist-pipelined	patoh	w800	4	0.548265	0.005238661	0.940	ok
ML_Laplace	hybrid-dist-pipelined	patoh	w1000	4	0.558682	0.00606725	0.922	ok
ML_Laplace	hybrid-dist-pipelined	patoh	w1200	4	0.568854	0.007063076	0.906	ok
ML_Laplace	hybrid-dist-pipelined	patoh	w2000	1	0.580953	0.006185606	0.887	ok
ML_Laplace	hybrid-dist-pipelined	naive	w400	4	0.670484	0.007089287	0.769	ok
ML_Laplace	hybrid-dist-pipelined	naive	w600	4	0.535912	0.008009638	0.962	ok
ML_Laplace	hybrid-dist-pipelined	naive	w800	2	0.547672	0.006239331	0.941	ok
ML_Laplace	hybrid-dist-pipelined	naive	w1000	4	0.552748	0.006291139	0.932	ok
ML_Laplace	hybrid-dist-pipelined	naive	w1200	2	0.562067	0.006936718	0.917	ok
ML_Laplace	hybrid-dist-pipelined	naive	w2000	2	0.577263	0.007502819	0.893	ok
ML_Laplace	mpi	patoh	w400	1	4.963038	0.006833327	0.104	ok
ML_Laplace	mpi	patoh	w600	1	5.158322	0.007752137	0.100	ok
ML_Laplace	mpi	patoh	w800	1	5.335659	0.006387426	0.097	ok
ML_Laplace	mpi	patoh	w1000	1	5.472461	0.006861741	0.094	ok
ML_Laplace	mpi	patoh	w1200	1	5.678321	0.008083421	0.091	ok
ML_Laplace	mpi	patoh	w2000	1	5.819193	0.006706096	0.089	ok
ML_Laplace	mpi	naive	w400	1	5.105813	0.006622023	0.101	ok
ML_Laplace	mpi	naive	w600	1	5.220862	0.007890523	0.099	ok
ML_Laplace	mpi	naive	w800	1	5.381777	0.005649698	0.096	ok
ML_Laplace	mpi	naive	w1000	1	5.407879	0.00745378	0.095	ok
ML_Laplace	mpi	naive	w1200	1	5.455468	0.007295296	0.094	ok
ML_Laplace	mpi	naive	w2000	1	5.566176	0.006302431	0.093	ok
ML_Laplace	mpi-gpu	patoh	w400	1	1.241026	0.006781616	0.415	ok
ML_Laplace	mpi-gpu	patoh	w600	1	0.829813	0.006549411	0.621	ok
ML_Laplace	mpi-gpu	patoh	w800	1	0.612608	0.006770831	0.841	ok
ML_Laplace	mpi-gpu	patoh	w1000	1	0.482409	0.008134312	1.068	ok
ML_Laplace	mpi-gpu	patoh	w1200	1	0.484881	0.006614573	1.063	ok
ML_Laplace	mpi-gpu	patoh	w2000	1	0.495789	0.007134776	1.039	ok
ML_Laplace	mpi-gpu	naive	w400	1	1.204396	0.006699012	0.428	ok
ML_Laplace	mpi-gpu	naive	w600	1	0.823442	0.00656438	0.626	ok
ML_Laplace	mpi-gpu	naive	w800	1	0.665932	0.00708522	0.774	ok
ML_Laplace	mpi-gpu	naive	w1000	1	0.523863	0.00733575	0.984	ok
ML_Laplace	mpi-gpu	naive	w1200	1	0.480724	0.008632831	1.072	ok
ML_Laplace	mpi-gpu	naive	w2000	1	0.491029	0.007515468	1.049	ok
trans5	cpu	-	-	4	1.07152	1.550814e-05	0.246	ok
trans5	gpu	-	-	1	0.263415	1.235309e-05	1.000	ok
trans5	gpu-dp	-	-	1	0.195978	1.415542e-05	1.344	ok
trans5	gpu-pipelined	-	-	1	0.357763	1.444903e-05	0.736	ok
trans5	hybrid-async	patoh	w400	4	0.371386	1.224416e-05	0.709	ok
trans5	hybrid-async	patoh	w600	4	0.368537	1.256721e-05	0.715	ok
trans5	hybrid-async	patoh	w800	4	0.363695	1.259969e-05	0.724	ok
trans5	hybrid-async	patoh	w1000	4	0.367603	1.350171e-05	0.717	ok
trans5	hybrid-async	patoh	w1200	4	0.360172	1.357618e-05	0.731	ok
trans5	hybrid-async	patoh	w2000	2	0.339593	1.262495e-05	0.776	ok
trans5	hybrid-async	naive	w400	4	0.330987	1.336263e-05	0.796	ok
trans5	hybrid-async	naive	w600	4	0.315877	2.059531e-05	0.834	ok
trans5	hybrid-async	naive	w800	4	0.313372	1.465438e-05	0.841	ok
trans5	hybrid-async	naive	w1000	4	0.306137	1.309432e-05	0.860	ok
trans5	hybrid-async	naive	w1200	4	0.305753	1.613979e-05	0.862	ok
trans5	hybrid-async	naive	w2000	4	0.295512	1.300114e-05	0.891	ok
trans5	hybrid-async-dp	patoh	w400	4	0.324512	5.259789e-05	0.812	ok
trans5	hybrid-async-dp	patoh	w600	4	0.301184	1.398944e-05	0.875	ok
trans5	hybrid-async-dp	patoh	w800	4	0.287516	1.291688e-05	0.916	ok
trans5	hybrid-async-dp	patoh	w1000	2	0.292755	1.263719e-05	0.900	ok
trans5	hybrid-async-dp	patoh	w1200	2	0.28898	1.359859e-05	0.912	ok
trans5	hybrid-async-dp	patoh	w2000	2	0.274982	1.242797e-05	0.958	ok
trans5	hybrid-async-dp	naive	w400	4	0.259837	1.70771e-05	1.014	ok
trans5	hybrid-async-dp	naive	w600	4	0.247989	1.22355e-05	1.062	ok
trans5	hybrid-async-dp	naive	w800	4	0.242163	1.315763e-05	1.088	ok
trans5	hybrid-async-dp	naive	w1000	4	0.232016	1.190829e-05	1.135	ok
trans5	hybrid-async-dp	naive	w1200	4	0.221813	1.272989e-05	1.188	ok
trans5	hybrid-async-dp	naive	w2000	4	0.218581	1.324957e-05	1.205	ok
trans5	hybrid-dist-dp	patoh	w400	4	0.299766	1.306176e-05	0.879	ok
trans5	hybrid-dist-dp	patoh	w600	4	0.276875	1.890373e-05	0.951	ok
trans5	hybrid-dist-dp	patoh	w800	4	0.291984	1.234815e-05	0.902	ok
trans5	hybrid-dist-dp	patoh	w1000	2	0.278383	1.250803e-05	0.946	ok
trans5	hybrid-dist-dp	patoh	w1200	2	0.275102	1.231219e-05	0.958	ok
trans5	hybrid-dist-dp	patoh	w2000	4	0.280882	1.614866e-05	0.938	ok
trans5	hybrid-dist-dp	naive	w400	4	0.268022	1.327725e-05	0.983	ok
trans5	hybrid-dist-dp	naive	w600	2	0.253781	1.311861e-05	1.038	ok
trans5	hybrid-dist-dp	naive	w800	4	0.249162	1.429526e-05	1.057	ok
trans5	hybrid-dist-dp	naive	w1000	1	0.236779	1.996646e-05	1.112	ok
trans5	hybrid-dist-dp	naive	w1200	1	0.233496	1.249834e-05	1.128	ok
trans5	hybrid-dist-dp	naive	w2000	1	0.227887	1.387465e-05	1.156	ok
trans5	hybrid-dist-pipelined	patoh	w400	4	0.366753	1.86864e-05	0.718	ok
trans5	hybrid-dist-pipelined	patoh	w600	4	0.355037	1.390154e-05	0.742	ok
trans5	hybrid-dist-pipelined	patoh	w800	4	0.350064	1.881006e-05	0.752	ok
trans5	hybrid-dist-pipelined	patoh	w1000	4	0.353148	1.96817e-05	0.746	ok
trans5	hybrid-dist-pipelined	patoh	w1200	2	0.34285	1.36568e-05	0.768	ok
trans5	hybrid-dist-pipelined	patoh	w2000	4	0.347529	1.502286e-05	0.758	ok
trans5	hybrid-dist-pipelined	naive	w400	4	0.321014	1.396628e-05	0.821	ok
trans5	hybrid-dist-pipelined	naive	w600	2	0.316519	5.37908e-05	0.832	ok
trans5	hybrid-dist-pipelined	naive	w800	1	0.302891	1.422128e-05	0.870	ok
trans5	hybrid-dist-pipelined	naive	w1000	1	0.310265	9.683615e-05	0.849	ok
trans5	hybrid-dist-pipelined	naive	w1200	1	0.30885	1.391694e-05	0.853	ok
trans5	hybrid-dist-pipelined	naive	w2000	2	0.304446	1.410944e-05	0.865	ok
trans5	mpi	patoh	w400	1	1.216259	1.222108e-05	0.217	ok
trans5	mpi	patoh	w600	1	1.261927	1.311313e-05	0.209	ok
trans5	mpi	patoh	w800	1	1.294249	1.261711e-05	0.204	ok
trans5	mpi	patoh	w1000	1	1.305188	1.258823e-05	0.202	ok
trans5	mpi	patoh	w1200	1	1.366127	1.245646e-05	0.193	ok
trans5	mpi	patoh	w2000	1	1.399497	1.32526e-05	0.188	ok
trans5	mpi	naive	w400	1	1.107231	1.366902e-05	0.238	ok
trans5	mpi	naive	w600	1	1.17141	1.277666e-05	0.225	ok
trans5	mpi	naive	w800	1	1.221607	3.265124e-05	0.216	ok
trans5	mpi	naive	w1000	1	1.246218	1.265786e-05	0.211	ok
trans5	mpi	naive	w1200	1	1.216763	1.402269e-05	0.216	ok
trans5	mpi	naive	w2000	1	1.378555	1.832704e-05	0.191	ok
trans5	mpi-gpu	patoh	w400	1	0.903927	1.29534e-05	0.291	ok
trans5	mpi-gpu	patoh	w600	1	0.920654	1.198346e-05	0.286	ok
trans5	mpi-gpu	patoh	w800	1	0.922049	1.212722e-05	0.286	ok
trans5	mpi-gpu	patoh	w1000	1	0.929369	2.569255e-05	0.283	ok
trans5	mpi-gpu	patoh	w1200	1	0.917023	1.138936e-05	0.287	ok
trans5	mpi-gpu	patoh	w2000	1	0.920108	1.264767e-05	0.286	ok
trans5	mpi-gpu	naive	w400	1	0.905949	1.268217e-05	0.291	ok
trans5	mpi-gpu	naive	w600	1	0.906962	1.334311e-05	0.290	ok
trans5	mpi-gpu	naive	w800	1	0.906712	1.383228e-05	0.291	ok
trans5	mpi-gpu	naive	w1000	1	0.909404	1.313795e-05	0.290	ok
trans5	mpi-gpu	naive	w1200	1	0.910826	1.367263e-05	0.289	ok
trans5	mpi-gpu	naive	w2000	1	0.896624	1.159645e-05	0.294	ok
inlet	cpu	-	-	16	0.229933	17.97438	0.679	ok
inlet	gpu	-	-	1	0.156102	nan	1.000	ok
inlet	gpu-dp	-	-	1	0.105299	nan	1.482	ok
inlet	gpu-pipelined	-	-	1	0.203556	nan	0.767	ok
inlet	hybrid-async	patoh	w400	4	0.156154	nan	1.000	ok
inlet	hybrid-async	patoh	w600	4	0.150503	nan	1.037	ok
inlet	hybrid-async	patoh	w800	4	0.150002	nan	1.041	ok
inlet	hybrid-async	patoh	w1000	4	0.145218	nan	1.075	ok
inlet	hybrid-async	patoh	w1200	2	0.145612	nan	1.072	ok
inlet	hybrid-async	patoh	w2000	1	0.143417	nan	1.088	ok
inlet	hybrid-async	naive	w400	4	0.159258	nan	0.980	ok
inlet	hybrid-async	naive	w600	4	0.151018	nan	1.034	ok
inlet	hybrid-async	naive	w800	4	0.14619	nan	1.068	ok
inlet	hybrid-async	naive	w1000	2	0.146779	nan	1.064	ok
inlet	hybrid-async	naive	w1200	2	0.146077	nan	1.069	ok
inlet	hybrid-async	naive	w2000	1	0.14331	nan	1.089	ok
inlet	hybrid-async-dp	patoh	w400	4	0.107806	nan	1.448	ok
inlet	hybrid-async-dp	patoh	w600	4	0.09886	nan	1.579	ok
inlet	hybrid-async-dp	patoh	w800	4	0.10044	nan	1.554	ok
inlet	hybrid-async-dp	patoh	w1000	4	0.100641	nan	1.551	ok
inlet	hybrid-async-dp	patoh	w1200	4	0.100072	nan	1.560	ok
inlet	hybrid-async-dp	patoh	w2000	1	0.099504	nan	1.569	ok
inlet	hybrid-async-dp	naive	w400	4	0.104352	nan	1.496	ok
inlet	hybrid-async-dp	naive	w600	4	0.098514	nan	1.585	ok
inlet	hybrid-async-dp	naive	w800	4	0.100385	nan	1.555	ok
inlet	hybrid-async-dp	naive	w1000	2	0.100285	nan	1.557	ok
inlet	hybrid-async-dp	naive	w1200	2	0.100344	nan	1.556	ok
inlet	hybrid-async-dp	naive	w2000	1	0.099906	nan	1.562	ok
inlet	hybrid-dist-dp	patoh	w400	4	0.159151	nan	0.981	ok
inlet	hybrid-dist-dp	patoh	w600	1	0.149576	nan	1.044	ok
inlet	hybrid-dist-dp	patoh	w800	1	0.145409	nan	1.074	ok
inlet	hybrid-dist-dp	patoh	w1000	1	0.145481	nan	1.073	ok
inlet	hybrid-dist-dp	patoh	w1200	1	0.145916	nan	1.070	ok
inlet	hybrid-dist-dp	patoh	w2000	1	0.145627	nan	1.072	ok
inlet	hybrid-dist-dp	naive	w400	2	0.160506	nan	0.973	ok
inlet	hybrid-dist-dp	naive	w600	1	0.148639	nan	1.050	ok
inlet	hybrid-dist-dp	naive	w800	1	0.146007	nan	1.069	ok
inlet	hybrid-dist-dp	naive	w1000	1	0.145496	nan	1.073	ok
inlet	hybrid-dist-dp	naive	w1200	1	0.146166	nan	1.068	ok
inlet	hybrid-dist-dp	naive	w2000	1	0.14648	nan	1.066	ok
inlet	hybrid-dist-pipelined	patoh	w400	1	0.182683	nan	0.854	ok
inlet	hybrid-dist-pipelined	patoh	w600	1	0.169616	nan	0.920	ok
inlet	hybrid-dist-pipelined	patoh	w800	1	0.169982	nan	0.918	ok
inlet	hybrid-dist-pipelined	patoh	w1000	1	0.167213	nan	0.934	ok
inlet	hybrid-dist-pipelined	patoh	w1200	1	0.166197	nan	0.939	ok
inlet	hybrid-dist-pipelined	patoh	w2000	1	0.169126	nan	0.923	ok
inlet	hybrid-dist-pipelined	naive	w400	1	0.182675	nan	0.855	ok
inlet	hybrid-dist-pipelined	naive	w600	1	0.163953	nan	0.952	ok
inlet	hybrid-dist-pipelined	naive	w800	1	0.171289	nan	0.911	ok
inlet	hybrid-dist-pipelined	naive	w1000	1	0.166229	nan	0.939	ok
inlet	hybrid-dist-pipelined	naive	w1200	1	0.166142	nan	0.940	ok
inlet	hybrid-dist-pipelined	naive	w2000	1	0.168666	nan	0.926	ok
inlet	mpi	patoh	w400	1	0.277495	nan	0.563	ok
inlet	mpi	patoh	w600	1	0.271519	nan	0.575	ok
inlet	mpi	patoh	w800	1	0.294539	nan	0.530	ok
inlet	mpi	patoh	w1000	1	0.2952	36.13168	0.529	ok
inlet	mpi	patoh	w1200	1	0.295053	nan	0.529	ok
inlet	mpi	patoh	w2000	1	0.311392	nan	0.501	ok
inlet	mpi	naive	w400	1	0.252632	nan	0.618	ok
inlet	mpi	naive	w600	1	0.273467	nan	0.571	ok
inlet	mpi	naive	w800	1	0.291041	nan	0.536	ok
inlet	mpi	naive	w1000	1	0.286106	163.2927	0.546	ok
inlet	mpi	naive	w1200	1	0.292786	nan	0.533	ok
inlet	mpi	naive	w2000	1	0.335115	nan	0.466	ok
inlet	mpi-gpu	patoh	w400	1	0.20292	nan	0.769	ok
inlet	mpi-gpu	patoh	w600	1	0.206572	nan	0.756	ok
inlet	mpi-gpu	patoh	w800	1	0.210034	nan	0.743	ok
inlet	mpi-gpu	patoh	w1000	1	0.211029	nan	0.740	ok
inlet	mpi-gpu	patoh	w1200	1	0.211656	nan	0.738	ok
inlet	mpi-gpu	patoh	w2000	1	0.212505	nan	0.735	ok
inlet	mpi-gpu	naive	w400	1	0.204449	nan	0.764	ok
inlet	mpi-gpu	naive	w600	1	0.206596	nan	0.756	ok
inlet	mpi-gpu	naive	w800	1	0.210736	nan	0.741	ok
inlet	mpi-gpu	naive	w1000	1	0.210589	nan	0.741	ok
inlet	mpi-gpu	naive	w1200	1	0.210592	nan	0.741	ok
inlet	mpi-gpu	naive	w2000	1	0.212943	nan	0.733	ok
tmt_unsym	cpu	-	-	4	12.142923	7.679978e-05	0.098	ok
tmt_unsym	gpu	-	-	1	1.187117	1.137946e-05	1.000	ok
tmt_unsym	gpu-dp	-	-	1	0.890851	6.179192e-06	1.333	ok
tmt_unsym	gpu-pipelined	-	-	1	1.832028	5.633705e-05	0.648	ok
tmt_unsym	hybrid-async	patoh	w400	4	1.713278	1.931185e-05	0.693	ok
tmt_unsym	hybrid-async	patoh	w600	4	1.602761	3.287346e-05	0.741	ok
tmt_unsym	hybrid-async	patoh	w800	4	1.549909	5.335672e-05	0.766	ok
tmt_unsym	hybrid-async	patoh	w1000	4	1.518909	7.414821e-05	0.782	ok
tmt_unsym	hybrid-async	patoh	w1200	4	1.487837	3.445026e-05	0.798	ok
tmt_unsym	hybrid-async	patoh	w2000	4	1.442302	2.118992e-05	0.823	ok
tmt_unsym	hybrid-async	naive	w400	4	1.703345	3.171431e-05	0.697	ok
tmt_unsym	hybrid-async	naive	w600	4	1.594388	2.192899e-05	0.745	ok
tmt_unsym	hybrid-async	naive	w800	4	1.53795	5.496564e-05	0.772	ok
tmt_unsym	hybrid-async	naive	w1000	4	1.503206	2.140152e-05	0.790	ok
tmt_unsym	hybrid-async	naive	w1200	4	1.473516	0.002226116	0.806	ok
tmt_unsym	hybrid-async	naive	w2000	4	1.45128	3.165385e-05	0.818	ok
tmt_unsym	hybrid-async-dp	patoh	w400	4	1.415199	1.041203e-05	0.839	ok
tmt_unsym	hybrid-async-dp	patoh	w600	4	1.298975	2.998828e-05	0.914	ok
tmt_unsym	hybrid-async-dp	patoh	w800	4	1.24941	1.390894e-05	0.950	ok
tmt_unsym	hybrid-async-dp	patoh	w1000	4	1.217125	3.011381e-05	0.975	ok
tmt_unsym	hybrid-async-dp	patoh	w1200	4	1.188495	1.565527e-05	0.999	ok
tmt_unsym	hybrid-async-dp	patoh	w2000	4	1.155884	4.721581e-05	1.027	ok
tmt_unsym	hybrid-async-dp	naive	w400	4	1.386244	1.795663e-05	0.856	ok
tmt_unsym	hybrid-async-dp	naive	w600	4	1.298763	6.57273e-05	0.914	ok
tmt_unsym	hybrid-async-dp	naive	w800	4	1.242988	1.538583e-05	0.955	ok
tmt_unsym	hybrid-async-dp	naive	w1000	4	1.206932	9.466855e-05	0.984	ok
tmt_unsym	hybrid-async-dp	naive	w1200	4	1.178312	0.000173736	1.007	ok
tmt_unsym	hybrid-async-dp	naive	w2000	4	1.125646	6.028128e-05	1.055	ok
tmt_unsym	hybrid-dist-dp	patoh	w400	4	0.922486	3.246183e-05	1.287	ok
tmt_unsym	hybrid-dist-dp	patoh	w600	4	0.934092	1.839224e-05	1.271	ok
tmt_unsym	hybrid-dist-dp	patoh	w800	2	0.926042	3.859793e-05	1.282	ok
tmt_unsym	hybrid-dist-dp	patoh	w1000	4	0.921958	2.328138e-05	1.288	ok
tmt_unsym	hybrid-dist-dp	patoh	w1200	4	0.932867	2.065616e-05	1.273	ok
tmt_unsym	hybrid-dist-dp	patoh	w2000	1	0.952625	3.827801e-05	1.246	ok
tmt_unsym	hybrid-dist-dp	naive	w400	4	0.923793	3.282263e-05	1.285	ok
tmt_unsym	hybrid-dist-dp	naive	w600	2	0.935336	4.077622e-05	1.269	ok
tmt_unsym	hybrid-dist-dp	naive	w800	4	0.923359	1.822826e-05	1.286	ok
tmt_unsym	hybrid-dist-dp	naive	w1000	4	0.921294	2.084597e-05	1.289	ok
tmt_unsym	hybrid-dist-dp	naive	w1200	4	0.929002	3.485453e-05	1.278	ok
tmt_unsym	hybrid-dist-dp	naive	w2000	2	0.954339	3.130206e-05	1.244	ok
tmt_unsym	hybrid-dist-pipelined	patoh	w400	4	1.316583	0.0001869135	0.902	ok
tmt_unsym	hybrid-dist-pipelined	patoh	w600	4	1.337885	0.0001070909	0.887	ok
tmt_unsym	hybrid-dist-pipelined	patoh	w800	4	1.349596	0.0001139265	0.880	ok
tmt_unsym	hybrid-dist-pipelined	patoh	w1000	2	1.345955	2.10985e-05	0.882	ok
tmt_unsym	hybrid-dist-pipelined	patoh	w1200	2	1.354377	5.996401e-05	0.877	ok
tmt_unsym	hybrid-dist-pipelined	patoh	w2000	1	1.372985	0.0001691944	0.865	ok
tmt_unsym	hybrid-dist-pipelined	naive	w400	4	1.320026	5.518783e-05	0.899	ok
tmt_unsym	hybrid-dist-pipelined	naive	w600	4	1.341297	4.628211e-05	0.885	ok
tmt_unsym	hybrid-dist-pipelined	naive	w800	2	1.345427	2.731903e-05	0.882	ok
tmt_unsym	hybrid-dist-pipelined	naive	w1000	2	1.345307	2.905197e-05	0.882	ok
tmt_unsym	hybrid-dist-pipelined	naive	w1200	4	1.353786	4.75066e-05	0.877	ok
tmt_unsym	hybrid-dist-pipelined	naive	w2000	2	1.375419	3.377646e-05	0.863	ok
tmt_unsym	mpi	patoh	w400	1	11.50617	2.596292e-05	0.103	ok
tmt_unsym	mpi	patoh	w600	1	12.042513	1.822593e-05	0.099	ok
tmt_unsym	mpi	patoh	w800	1	12.333621	1.644652e-05	0.096	ok
tmt_unsym	mpi	patoh	w1000	1	12.472737	1.894817e-05	0.095	ok
tmt_unsym	mpi	patoh	w1200	1	12.454442	0.0001005922	0.095	ok
tmt_unsym	mpi	patoh	w2000	1	12.760712	2.423195e-05	0.093	ok
tmt_unsym	mpi	naive	w400	1	11.485842	2.596815e-05	0.103	ok
tmt_unsym	mpi	naive	w600	1	11.974204	4.559071e-05	0.099	ok
tmt_unsym	mpi	naive	w800	1	12.188796	3.623148e-05	0.097	ok
tmt_unsym	mpi	naive	w1000	1	12.370841	3.39622e-05	0.096	ok
tmt_unsym	mpi	naive	w1200	1	12.438726	3.479856e-05	0.095	ok
tmt_unsym	mpi	naive	w2000	1	12.727434	3.190212e-05	0.093	ok
tmt_unsym	mpi-gpu	patoh	w400	1	2.345594	3.286559e-05	0.506	ok
tmt_unsym	mpi-gpu	patoh	w600	1	2.162928	5.175487e-05	0.549	ok
tmt_unsym	mpi-gpu	patoh	w800	1	2.17007	1.071241e-05	0.547	ok
tmt_unsym	mpi-gpu	patoh	w1000	1	2.20305	6.197493e-05	0.539	ok
tmt_unsym	mpi-gpu	patoh	w1200	1	2.231569	3.42712e-05	0.532	ok
tmt_unsym	mpi-gpu	patoh	w2000	1	2.298133	6.817101e-05	0.517	ok
tmt_unsym	mpi-gpu	naive	w400	1	2.349849	3.329822e-05	0.505	ok
tmt_unsym	mpi-gpu	naive	w600	1	2.164584	2.88477e-05	0.548	ok
tmt_unsym	mpi-gpu	naive	w800	1	2.170722	2.250682e-05	0.547	ok
tmt_unsym	mpi-gpu	naive	w1000	1	2.206762	1.382066e-05	0.538	ok
tmt_unsym	mpi-gpu	naive	w1200	1	2.23204	4.526623e-05	0.532	ok
tmt_unsym	mpi-gpu	naive	w2000	1	2.280454	1.312706e-05	0.521	ok
pre2	cpu	-	-	16	11.129405	0.4441038	0.099	ok
pre2	gpu	-	-	1	1.100674	nan	1.000	ok
pre2	gpu-dp	-	-	1	0.864228	nan	1.274	ok
pre2	gpu-pipelined	-	-	1	1.608755	nan	0.684	ok
pre2	hybrid-async	patoh	w400	4	1.409972	nan	0.781	ok
pre2	hybrid-async	patoh	w600	4	1.289569	nan	0.854	ok
pre2	hybrid-async	patoh	w800	4	1.228394	nan	0.896	ok
pre2	hybrid-async	patoh	w1000	4	1.176684	nan	0.935	ok
pre2	hybrid-async	patoh	w1200	4	1.155699	nan	0.952	ok
pre2	hybrid-async	patoh	w2000	4	1.088808	nan	1.011	ok
pre2	hybrid-async	naive	w400	4	1.416085	nan	0.777	ok
pre2	hybrid-async	naive	w600	4	1.310144	nan	0.840	ok
pre2	hybrid-async	naive	w800	4	1.234221	nan	0.892	ok
pre2	hybrid-async	naive	w1000	4	1.19542	nan	0.921	ok
pre2	hybrid-async	naive	w1200	4	1.167977	nan	0.942	ok
pre2	hybrid-async	naive	w2000	4	1.106936	nan	0.994	ok
pre2	hybrid-async-dp	patoh	w400	4	1.188503	nan	0.926	ok
pre2	hybrid-async-dp	patoh	w600	4	1.073301	nan	1.026	ok
pre2	hybrid-async-dp	patoh	w800	4	1.007046	nan	1.093	ok
pre2	hybrid-async-dp	patoh	w1000	4	0.964268	nan	1.141	ok
pre2	hybrid-async-dp	patoh	w1200	4	0.93209	nan	1.181	ok
pre2	hybrid-async-dp	patoh	w2000	4	0.868335	nan	1.268	ok
pre2	hybrid-async-dp	naive	w400	4	1.204443	nan	0.914	ok
pre2	hybrid-async-dp	naive	w600	4	1.090274	nan	1.010	ok
pre2	hybrid-async-dp	naive	w800	4	1.032333	nan	1.066	ok
pre2	hybrid-async-dp	naive	w1000	4	0.986305	nan	1.116	ok
pre2	hybrid-async-dp	naive	w1200	4	0.946407	nan	1.163	ok
pre2	hybrid-async-dp	naive	w2000	4	0.87874	nan	1.253	ok
pre2	hybrid-dist-dp	patoh	w400	4	0.905793	nan	1.215	ok
pre2	hybrid-dist-dp	patoh	w600	4	0.885917	nan	1.242	ok
pre2	hybrid-dist-dp	patoh	w800	4	0.880311	nan	1.250	ok
pre2	hybrid-dist-dp	patoh	w1000	4	0.89644	nan	1.228	ok
pre2	hybrid-dist-dp	patoh	w1200	1	0.89537	nan	1.229	ok
pre2	hybrid-dist-dp	patoh	w2000	1	0.914436	nan	1.204	ok
pre2	hybrid-dist-dp	naive	w400	4	0.89761	nan	1.226	ok
pre2	hybrid-dist-dp	naive	w600	4	0.887838	nan	1.240	ok
pre2	hybrid-dist-dp	naive	w800	2	0.893883	nan	1.231	ok
pre2	hybrid-dist-dp	naive	w1000	4	0.894489	nan	1.231	ok
pre2	hybrid-dist-dp	naive	w1200	2	0.89521	nan	1.230	ok
pre2	hybrid-dist-dp	naive	w2000	4	0.911506	nan	1.208	ok
pre2	hybrid-dist-pipelined	patoh	w400	4	1.203262	nan	0.915	ok
pre2	hybrid-dist-pipelined	patoh	w600	2	1.206041	nan	0.913	ok
pre2	hybrid-dist-pipelined	patoh	w800	2	1.22878	nan	0.896	ok
pre2	hybrid-dist-pipelined	patoh	w1000	2	1.230619	nan	0.894	ok
pre2	hybrid-dist-pipelined	patoh	w1200	1	1.240513	nan	0.887	ok
pre2	hybrid-dist-pipelined	patoh	w2000	1	1.247448	nan	0.882	ok
pre2	hybrid-dist-pipelined	naive	w400	4	1.207414	nan	0.912	ok
pre2	hybrid-dist-pipelined	naive	w600	4	1.216621	nan	0.905	ok
pre2	hybrid-dist-pipelined	naive	w800	2	1.228914	nan	0.896	ok
pre2	hybrid-dist-pipelined	naive	w1000	4	1.233687	nan	0.892	ok
pre2	hybrid-dist-pipelined	naive	w1200	2	1.23193	nan	0.893	ok
pre2	hybrid-dist-pipelined	naive	w2000	1	1.248995	nan	0.881	ok
pre2	mpi	patoh	w400	1	10.59941	nan	0.104	ok
pre2	mpi	patoh	w600	1	11.229177	nan	0.098	ok
pre2	mpi	patoh	w800	1	11.440793	nan	0.096	ok
pre2	mpi	patoh	w1000	1	11.712156	nan	0.094	ok
pre2	mpi	patoh	w1200	1	11.941485	nan	0.092	ok
pre2	mpi	patoh	w2000	1	12.081786	nan	0.091	ok
pre2	mpi	naive	w400	1	10.630891	nan	0.104	ok
pre2	mpi	naive	w600	1	11.161987	nan	0.099	ok
pre2	mpi	naive	w800	1	11.266711	nan	0.098	ok
pre2	mpi	naive	w1000	1	11.537247	nan	0.095	ok
pre2	mpi	naive	w1200	1	11.69857	nan	0.094	ok
pre2	mpi	naive	w2000	1	11.917992	nan	0.092	ok
pre2	mpi-gpu	patoh	w400	1	1.972652	nan	0.558	ok
pre2	mpi-gpu	patoh	w600	1	1.76722	nan	0.623	ok
pre2	mpi-gpu	patoh	w800	1	1.79172	nan	0.614	ok
pre2	mpi-gpu	patoh	w1000	1	1.826336	nan	0.603	ok
pre2	mpi-gpu	patoh	w1200	1	1.880236	nan	0.585	ok
pre2	mpi-gpu	patoh	w2000	1	1.909739	nan	0.576	ok
pre2	mpi-gpu	naive	w400	1	2.036761	14253410000000.0	0.540	ok
pre2	mpi-gpu	naive	w600	1	1.797899	nan	0.612	ok
pre2	mpi-gpu	naive	w800	1	1.811364	nan	0.608	ok
pre2	mpi-gpu	naive	w1000	1	1.836312	nan	0.599	ok
pre2	mpi-gpu	naive	w1200	1	1.871534	nan	0.588	ok
pre2	mpi-gpu	naive	w2000	1	1.910377	nan	0.576	ok
para-5	cpu	-	-	16	6.843155	2.624897e+64	0.099	ok
para-5	gpu	-	-	1	0.675786	nan	1.000	ok
para-5	gpu-dp	-	-	1	0.592218	nan	1.141	ok
para-5	gpu-pipelined	-	-	1	0.83359	nan	0.811	ok
para-5	hybrid-async	patoh	w400	4	0.606504	nan	1.114	ok
para-5	hybrid-async	patoh	w600	4	0.598181	nan	1.130	ok
para-5	hybrid-async	patoh	w800	4	0.615816	1.694988e+103	1.097	ok
para-5	hybrid-async	patoh	w1000	2	0.624162	4.864042e+71	1.083	ok
para-5	hybrid-async	patoh	w1200	4	0.627921	nan	1.076	ok
para-5	hybrid-async	patoh	w2000	4	0.645619	nan	1.047	ok
para-5	hybrid-async	naive	w400	4	0.626594	nan	1.079	ok
para-5	hybrid-async	naive	w600	4	0.596524	nan	1.133	ok
para-5	hybrid-async	naive	w800	4	0.612336	nan	1.104	ok
para-5	hybrid-async	naive	w1000	4	0.619007	nan	1.092	ok
para-5	hybrid-async	naive	w1200	2	0.628867	nan	1.075	ok
para-5	hybrid-async	naive	w2000	2	0.639347	nan	1.057	ok
para-5	hybrid-async-dp	patoh	w400	4	0.523395	nan	1.291	ok
para-5	hybrid-async-dp	patoh	w600	4	0.518934	nan	1.302	ok
para-5	hybrid-async-dp	patoh	w800	4	0.536656	1.808843e+84	1.259	ok
para-5	hybrid-async-dp	patoh	w1000	4	0.540451	3.109051e+77	1.250	ok
para-5	hybrid-async-dp	patoh	w1200	4	0.550418	nan	1.228	ok
para-5	hybrid-async-dp	patoh	w2000	4	0.56247	nan	1.201	ok
para-5	hybrid-async-dp	naive	w400	4	0.548714	nan	1.232	ok
para-5	hybrid-async-dp	naive	w600	4	0.519871	nan	1.300	ok
para-5	hybrid-async-dp	naive	w800	4	0.532958	nan	1.268	ok
para-5	hybrid-async-dp	naive	w1000	4	0.539986	nan	1.251	ok
para-5	hybrid-async-dp	naive	w1200	2	0.543156	nan	1.244	ok
para-5	hybrid-async-dp	naive	w2000	1	0.555701	nan	1.216	ok
para-5	hybrid-dist-dp	patoh	w400	4	0.582471	nan	1.160	ok
para-5	hybrid-dist-dp	patoh	w600	4	0.598836	nan	1.128	ok
para-5	hybrid-dist-dp	patoh	w800	2	0.60548	2.690217e+106	1.116	ok
para-5	hybrid-dist-dp	patoh	w1000	1	0.604401	1.463988e+58	1.118	ok
para-5	hybrid-dist-dp	patoh	w1200	1	0.601203	1.65186e+87	1.124	ok
para-5	hybrid-dist-dp	patoh	w2000	1	0.610433	4.21212e+94	1.107	ok
para-5	hybrid-dist-dp	naive	w400	4	0.643698	9.566314e+83	1.050	ok
para-5	hybrid-dist-dp	naive	w600	4	0.653336	6.411676e+97	1.034	ok
para-5	hybrid-dist-dp	naive	w800	2	0.62848	6.465401e+60	1.075	ok
para-5	hybrid-dist-dp	naive	w1000	2	0.636119	1.078472e+75	1.062	ok
para-5	hybrid-dist-dp	naive	w1200	2	0.626776	9.774966e+78	1.078	ok
para-5	hybrid-dist-dp	naive	w2000	4	0.631156	5.745415e+92	1.071	ok
para-5	hybrid-dist-pipelined	patoh	w400	4	0.7023	nan	0.962	ok
para-5	hybrid-dist-pipelined	patoh	w600	2	0.731977	nan	0.923	ok
para-5	hybrid-dist-pipelined	patoh	w800	4	0.741322	3.573367e+102	0.912	ok
para-5	hybrid-dist-pipelined	patoh	w1000	4	0.75369	2.046061e+94	0.897	ok
para-5	hybrid-dist-pipelined	patoh	w1200	2	0.75605	3.360765e+80	0.894	ok
para-5	hybrid-dist-pipelined	patoh	w2000	1	0.756566	2.207171e+52	0.893	ok
para-5	hybrid-dist-pipelined	naive	w400	4	0.771387	1.074933e+86	0.876	ok
para-5	hybrid-dist-pipelined	naive	w600	4	0.768426	1.236308e+116	0.879	ok
para-5	hybrid-dist-pipelined	naive	w800	2	0.777582	3.666564e+75	0.869	ok
para-5	hybrid-dist-pipelined	naive	w1000	2	0.787659	6.239178e+93	0.858	ok
para-5	hybrid-dist-pipelined	naive	w1200	2	0.781334	1.752098e+82	0.865	ok
para-5	hybrid-dist-pipelined	naive	w2000	1	0.766777	8.255296e+84	0.881	ok
para-5	mpi	patoh	w400	1	6.426365	nan	0.105	ok
para-5	mpi	patoh	w600	1	6.915546	nan	0.098	ok
para-5	mpi	patoh	w800	1	7.171263	9.664982e+57	0.094	ok
para-5	mpi	patoh	w1000	1	7.440074	2.209374e+104	0.091	ok
para-5	mpi	patoh	w1200	1	7.439357	3.900149e+97	0.091	ok
para-5	mpi	patoh	w2000	1	7.593383	1.06702e+71	0.089	ok
para-5	mpi	naive	w400	1	6.845018	3.085099e+51	0.099	ok
para-5	mpi	naive	w600	1	7.175966	2.08779e+77	0.094	ok
para-5	mpi	naive	w800	1	7.378077	2.208405e+93	0.092	ok
para-5	mpi	naive	w1000	1	7.756455	4.254348e+56	0.087	ok
para-5	mpi	naive	w1200	1	7.505215	2.180937e+62	0.090	ok
para-5	mpi	naive	w2000	1	7.553225	2.658208e+115	0.089	ok
para-5	mpi-gpu	patoh	w400	1	1.374294	nan	0.492	ok
para-5	mpi-gpu	patoh	w600	1	0.941372	nan	0.718	ok
para-5	mpi-gpu	patoh	w800	1	0.791641	nan	0.854	ok
para-5	mpi-gpu	patoh	w1000	1	0.805763	8.589371e+82	0.839	ok
para-5	mpi-gpu	patoh	w1200	1	0.814678	2.018857e+82	0.830	ok
para-5	mpi-gpu	patoh	w2000	1	0.822872	nan	0.821	ok
para-5	mpi-gpu	naive	w400	1	2.153332	9.553206e+62	0.314	ok
para-5	mpi-gpu	naive	w600	1	1.658508	1.424051e+77	0.407	ok
para-5	mpi-gpu	naive	w800	1	1.392059	1.241375e+97	0.485	ok
para-5	mpi-gpu	naive	w1000	1	1.260998	1.860147e+100	0.536	ok
para-5	mpi-gpu	naive	w1200	1	1.18699	1.624203e+75	0.569	ok
para-5	mpi-gpu	naive	w2000	1	0.986149	4.013009e+86	0.685	ok
largebasis	cpu	-	-	16	8.485025	0.6819163	0.107	ok
largebasis	gpu	-	-	1	0.909875	nan	1.000	ok
largebasis	gpu-dp	-	-	1	0.747763	nan	1.217	ok
largebasis	gpu-pipelined	-	-	1	1.277237	nan	0.712	ok
largebasis	hybrid-async	patoh	w400	4	0.97728	nan	0.931	ok
largebasis	hybrid-async	patoh	w600	4	0.918828	nan	0.990	ok
largebasis	hybrid-async	patoh	w800	4	0.863796	nan	1.053	ok
largebasis	hybrid-async	patoh	w1000	4	0.867414	nan	1.049	ok
largebasis	hybrid-async	patoh	w1200	4	0.875127	nan	1.040	ok
largebasis	hybrid-async	patoh	w2000	4	0.880867	nan	1.033	ok
largebasis	hybrid-async	naive	w400	4	0.99421	nan	0.915	ok
largebasis	hybrid-async	naive	w600	4	0.901025	nan	1.010	ok
largebasis	hybrid-async	naive	w800	4	0.867791	nan	1.048	ok
largebasis	hybrid-async	naive	w1000	4	0.869888	nan	1.046	ok
largebasis	hybrid-async	naive	w1200	4	0.875248	nan	1.040	ok
largebasis	hybrid-async	naive	w2000	2	0.882599	nan	1.031	ok
largebasis	hybrid-async-dp	patoh	w400	4	0.829008	nan	1.098	ok
largebasis	hybrid-async-dp	patoh	w600	4	0.74637	0.6292855	1.219	ok
largebasis	hybrid-async-dp	patoh	w800	4	0.711602	nan	1.279	ok
largebasis	hybrid-async-dp	patoh	w1000	4	0.700388	nan	1.299	ok
largebasis	hybrid-async-dp	patoh	w1200	4	0.712335	nan	1.277	ok
largebasis	hybrid-async-dp	patoh	w2000	2	0.721139	nan	1.262	ok
largebasis	hybrid-async-dp	naive	w400	4	0.851264	nan	1.069	ok
largebasis	hybrid-async-dp	naive	w600	4	0.762559	nan	1.193	ok
largebasis	hybrid-async-dp	naive	w800	4	0.716382	nan	1.270	ok
largebasis	hybrid-async-dp	naive	w1000	4	0.707869	nan	1.285	ok
largebasis	hybrid-async-dp	naive	w1200	4	0.704668	nan	1.291	ok
largebasis	hybrid-async-dp	naive	w2000	4	0.727316	nan	1.251	ok
largebasis	hybrid-dist-dp	patoh	w400	4	0.764525	0.6995187	1.190	ok
largebasis	hybrid-dist-dp	patoh	w600	4	0.775339	nan	1.174	ok
largebasis	hybrid-dist-dp	patoh	w800	2	0.766504	nan	1.187	ok
largebasis	hybrid-dist-dp	patoh	w1000	1	0.771333	nan	1.180	ok
largebasis	hybrid-dist-dp	patoh	w1200	4	0.77338	nan	1.176	ok
largebasis	hybrid-dist-dp	patoh	w2000	4	0.782811	nan	1.162	ok
largebasis	hybrid-dist-dp	naive	w400	4	0.852127	nan	1.068	ok
largebasis	hybrid-dist-dp	naive	w600	4	0.831536	0.6350709	1.094	ok
largebasis	hybrid-dist-dp	naive	w800	4	0.819006	nan	1.111	ok
largebasis	hybrid-dist-dp	naive	w1000	4	0.811279	0.6365065	1.122	ok
largebasis	hybrid-dist-dp	naive	w1200	2	0.808539	nan	1.125	ok
largebasis	hybrid-dist-dp	naive	w2000	1	0.803465	nan	1.132	ok
largebasis	hybrid-dist-pipelined	patoh	w400	4	0.991451	nan	0.918	ok
largebasis	hybrid-dist-pipelined	patoh	w600	2	1.025714	nan	0.887	ok
largebasis	hybrid-dist-pipelined	patoh	w800	2	1.019638	0.6757621	0.892	ok
largebasis	hybrid-dist-pipelined	patoh	w1000	2	1.024975	0.7623274	0.888	ok
largebasis	hybrid-dist-pipelined	patoh	w1200	1	1.034482	nan	0.880	ok
largebasis	hybrid-dist-pipelined	patoh	w2000	4	1.041874	nan	0.873	ok
largebasis	hybrid-dist-pipelined	naive	w400	4	1.086388	nan	0.838	ok
largebasis	hybrid-dist-pipelined	naive	w600	4	1.081964	nan	0.841	ok
largebasis	hybrid-dist-pipelined	naive	w800	2	1.075861	nan	0.846	ok
largebasis	hybrid-dist-pipelined	naive	w1000	4	1.069605	nan	0.851	ok
largebasis	hybrid-dist-pipelined	naive	w1200	4	1.07156	nan	0.849	ok
largebasis	hybrid-dist-pipelined	naive	w2000	2	1.06524	nan	0.854	ok
largebasis	mpi	patoh	w400	1	7.745718	nan	0.117	ok
largebasis	mpi	patoh	w600	1	7.984234	0.7522891	0.114	ok
largebasis	mpi	patoh	w800	1	8.26491	0.7638897	0.110	ok
largebasis	mpi	patoh	w1000	1	8.312471	nan	0.109	ok
largebasis	mpi	patoh	w1200	1	8.63088	0.7433166	0.105	ok
largebasis	mpi	patoh	w2000	1	8.60835	0.73264	0.106	ok
largebasis	mpi	naive	w400	1	8.334421	0.6777746	0.109	ok
largebasis	mpi	naive	w600	1	8.659816	0.7586967	0.105	ok
largebasis	mpi	naive	w800	1	8.635168	0.7511882	0.105	ok
largebasis	mpi	naive	w1000	1	8.830152	0.7619568	0.103	ok
largebasis	mpi	naive	w1200	1	8.942926	0.6594873	0.102	ok
largebasis	mpi	naive	w2000	1	9.013412	0.6810305	0.101	ok
largebasis	mpi-gpu	patoh	w400	1	1.335154	nan	0.681	ok
largebasis	mpi-gpu	patoh	w600	1	1.25468	nan	0.725	ok
largebasis	mpi-gpu	patoh	w800	1	1.298606	nan	0.701	ok
largebasis	mpi-gpu	patoh	w1000	1	1.327319	nan	0.685	ok
largebasis	mpi-gpu	patoh	w1200	1	1.353942	nan	0.672	ok
largebasis	mpi-gpu	patoh	w2000	1	1.396862	nan	0.651	ok
largebasis	mpi-gpu	naive	w400	1	2.16332	0.6383486	0.421	ok
largebasis	mpi-gpu	naive	w600	1	1.679752	0.6378223	0.542	ok
largebasis	mpi-gpu	naive	w800	1	1.490519	0.6369273	0.610	ok
largebasis	mpi-gpu	naive	w1000	1	1.482789	nan	0.614	ok
largebasis	mpi-gpu	naive	w1200	1	1.490241	nan	0.611	ok
largebasis	mpi-gpu	naive	w2000	1	1.486583	nan	0.612	ok
trans4	cpu	-	-	16	1.071783	6.762046e-06	0.246	ok
trans4	gpu	-	-	1	0.263898	9.142347e-06	1.000	ok
trans4	gpu-dp	-	-	1	0.196009	7.113591e-06	1.346	ok
trans4	gpu-pipelined	-	-	1	0.357731	9.741297e-06	0.738	ok
trans4	hybrid-async	patoh	w400	4	0.388518	6.12232e-06	0.679	ok
trans4	hybrid-async	patoh	w600	4	0.37919	5.860075e-06	0.696	ok
trans4	hybrid-async	patoh	w800	4	0.377364	6.781141e-06	0.699	ok
trans4	hybrid-async	patoh	w1000	4	0.369258	6.897418e-06	0.715	ok
trans4	hybrid-async	patoh	w1200	4	0.358507	6.82506e-06	0.736	ok
trans4	hybrid-async	patoh	w2000	4	0.346804	7.229217e-06	0.761	ok
trans4	hybrid-async	naive	w400	4	0.330094	6.932524e-06	0.799	ok
trans4	hybrid-async	naive	w600	4	0.31897	6.234046e-06	0.827	ok
trans4	hybrid-async	naive	w800	4	0.309756	7.530643e-06	0.852	ok
trans4	hybrid-async	naive	w1000	4	0.308011	6.514685e-06	0.857	ok
trans4	hybrid-async	naive	w1200	4	0.303028	6.031933e-06	0.871	ok
trans4	hybrid-async	naive	w2000	4	0.297294	6.375293e-06	0.888	ok
trans4	hybrid-async-dp	patoh	w400	4	0.307811	5.821283e-06	0.857	ok
trans4	hybrid-async-dp	patoh	w600	4	0.294824	6.239227e-06	0.895	ok
trans4	hybrid-async-dp	patoh	w800	4	0.295403	6.640916e-06	0.893	ok
trans4	hybrid-async-dp	patoh	w1000	4	0.280721	6.077283e-06	0.940	ok
trans4	hybrid-async-dp	patoh	w1200	4	0.285377	6.915339e-06	0.925	ok
trans4	hybrid-async-dp	patoh	w2000	4	0.278688	7.880902e-06	0.947	ok
trans4	hybrid-async-dp	naive	w400	4	0.261162	7.023812e-06	1.010	ok
trans4	hybrid-async-dp	naive	w600	4	0.248605	6.030525e-06	1.062	ok
trans4	hybrid-async-dp	naive	w800	4	0.240005	7.011215e-06	1.100	ok
trans4	hybrid-async-dp	naive	w1000	4	0.229813	5.527831e-06	1.148	ok
trans4	hybrid-async-dp	naive	w1200	4	0.224122	5.406715e-06	1.177	ok
trans4	hybrid-async-dp	naive	w2000	4	0.216679	1.832402e-05	1.218	ok
trans4	hybrid-dist-dp	patoh	w400	4	0.291275	6.849185e-06	0.906	ok
trans4	hybrid-dist-dp	patoh	w600	4	0.286093	6.931912e-06	0.922	ok
trans4	hybrid-dist-dp	patoh	w800	4	0.286622	7.361226e-06	0.921	ok
trans4	hybrid-dist-dp	patoh	w1000	4	0.27106	6.389605e-06	0.974	ok
trans4	hybrid-dist-dp	patoh	w1200	2	0.280523	5.886423e-06	0.941	ok
trans4	hybrid-dist-dp	patoh	w2000	2	0.276314	6.190492e-06	0.955	ok
trans4	hybrid-dist-dp	naive	w400	4	0.266425	6.956767e-06	0.991	ok
trans4	hybrid-dist-dp	naive	w600	2	0.257275	8.022638e-06	1.026	ok
trans4	hybrid-dist-dp	naive	w800	1	0.244365	5.810881e-06	1.080	ok
trans4	hybrid-dist-dp	naive	w1000	1	0.237408	6.022993e-06	1.112	ok
trans4	hybrid-dist-dp	naive	w1200	1	0.23132	8.993657e-06	1.141	ok
trans4	hybrid-dist-dp	naive	w2000	1	0.228225	6.692787e-06	1.156	ok
trans4	hybrid-dist-pipelined	patoh	w400	4	0.364572	9.644909e-06	0.724	ok
trans4	hybrid-dist-pipelined	patoh	w600	4	0.354482	9.478049e-06	0.744	ok
trans4	hybrid-dist-pipelined	patoh	w800	4	0.357314	8.569245e-06	0.739	ok
trans4	hybrid-dist-pipelined	patoh	w1000	4	0.343828	3.788405e-05	0.768	ok
trans4	hybrid-dist-pipelined	patoh	w1200	2	0.338801	9.625593e-06	0.779	ok
trans4	hybrid-dist-pipelined	patoh	w2000	2	0.339042	1.470984e-05	0.778	ok
trans4	hybrid-dist-pipelined	naive	w400	4	0.321619	9.42339e-06	0.821	ok
trans4	hybrid-dist-pipelined	naive	w600	2	0.310072	7.775189e-06	0.851	ok
trans4	hybrid-dist-pipelined	naive	w800	1	0.302245	8.800298e-06	0.873	ok
trans4	hybrid-dist-pipelined	naive	w1000	1	0.311514	1.025888e-05	0.847	ok
trans4	hybrid-dist-pipelined	naive	w1200	1	0.306457	8.658302e-06	0.861	ok
trans4	hybrid-dist-pipelined	naive	w2000	1	0.301571	7.772841e-06	0.875	ok
trans4	mpi	patoh	w400	1	1.176692	7.361106e-06	0.224	ok
trans4	mpi	patoh	w600	1	1.250799	6.130866e-06	0.211	ok
trans4	mpi	patoh	w800	1	1.29081	8.554307e-06	0.204	ok
trans4	mpi	patoh	w1000	1	1.356688	6.277681e-06	0.195	ok
trans4	mpi	patoh	w1200	1	1.337022	6.697722e-06	0.197	ok
trans4	mpi	patoh	w2000	1	1.374901	1.304432e-05	0.192	ok
trans4	mpi	naive	w400	1	1.170444	5.830977e-06	0.225	ok
trans4	mpi	naive	w600	1	1.175803	6.214749e-06	0.224	ok
trans4	mpi	naive	w800	1	1.252808	6.114435e-06	0.211	ok
trans4	mpi	naive	w1000	1	1.231356	6.358611e-06	0.214	ok
trans4	mpi	naive	w1200	1	1.260867	6.275074e-06	0.209	ok
trans4	mpi	naive	w2000	1	1.305013	6.721315e-06	0.202	ok
trans4	mpi-gpu	patoh	w400	1	0.899973	7.12324e-06	0.293	ok
trans4	mpi-gpu	patoh	w600	1	0.917218	7.52249e-06	0.288	ok
trans4	mpi-gpu	patoh	w800	1	0.927463	6.493525e-06	0.285	ok
trans4	mpi-gpu	patoh	w1000	1	0.929692	6.761865e-06	0.284	ok
trans4	mpi-gpu	patoh	w1200	1	0.919592	7.498131e-06	0.287	ok
trans4	mpi-gpu	patoh	w2000	1	0.922138	8.425594e-06	0.286	ok
trans4	mpi-gpu	naive	w400	1	0.903341	6.518342e-06	0.292	ok
trans4	mpi-gpu	naive	w600	1	0.904517	1.100219e-05	0.292	ok
trans4	mpi-gpu	naive	w800	1	0.906312	6.336512e-06	0.291	ok
trans4	mpi-gpu	naive	w1000	1	0.905996	6.659406e-06	0.291	ok
trans4	mpi-gpu	naive	w1200	1	0.90853	6.211287e-06	0.290	ok
trans4	mpi-gpu	naive	w2000	1	0.899069	6.453856e-06	0.294	ok
venkat50	cpu	-	-	8	1.404549	0.008629834	0.206	ok
venkat50	gpu	-	-	1	0.289558	0.008429453	1.000	ok
venkat50	gpu-dp	-	-	1	0.252214	0.01168509	1.148	ok
venkat50	gpu-pipelined	-	-	1	0.369103	0.01828607	0.784	ok
venkat50	hybrid-async	patoh	w400	4	0.287823	0.01218066	1.006	ok
venkat50	hybrid-async	patoh	w600	4	0.271776	0.006796899	1.065	ok
venkat50	hybrid-async	patoh	w800	4	0.274875	0.002438359	1.053	ok
venkat50	hybrid-async	patoh	w1000	4	0.275734	0.01047069	1.050	ok
venkat50	hybrid-async	patoh	w1200	2	0.277171	0.008716867	1.045	ok
venkat50	hybrid-async	patoh	w2000	4	0.281457	0.01043648	1.029	ok
venkat50	hybrid-async	naive	w400	4	0.296737	0.007353043	0.976	ok
venkat50	hybrid-async	naive	w600	4	0.276887	0.01110634	1.046	ok
venkat50	hybrid-async	naive	w800	4	0.27412	0.007681306	1.056	ok
venkat50	hybrid-async	naive	w1000	4	0.276114	0.009799235	1.049	ok
venkat50	hybrid-async	naive	w1200	4	0.274471	0.005487808	1.055	ok
venkat50	hybrid-async	naive	w2000	2	0.281945	0.008216318	1.027	ok
venkat50	hybrid-async-dp	patoh	w400	4	0.22231	0.008387794	1.302	ok
venkat50	hybrid-async-dp	patoh	w600	4	0.223774	0.01246265	1.294	ok
venkat50	hybrid-async-dp	patoh	w800	4	0.229733	0.007942132	1.260	ok
venkat50	hybrid-async-dp	patoh	w1000	2	0.230232	0.007690654	1.258	ok
venkat50	hybrid-async-dp	patoh	w1200	2	0.232595	0.007795596	1.245	ok
venkat50	hybrid-async-dp	patoh	w2000	2	0.238266	0.006280501	1.215	ok
venkat50	hybrid-async-dp	naive	w400	4	0.227281	0.01122929	1.274	ok
venkat50	hybrid-async-dp	naive	w600	4	0.223683	0.01020976	1.295	ok
venkat50	hybrid-async-dp	naive	w800	4	0.229824	0.009835566	1.260	ok
venkat50	hybrid-async-dp	naive	w1000	4	0.230245	0.005880266	1.258	ok
venkat50	hybrid-async-dp	naive	w1200	2	0.231364	0.007068954	1.252	ok
venkat50	hybrid-async-dp	naive	w2000	4	0.238523	0.01009506	1.214	ok
venkat50	hybrid-dist-dp	patoh	w400	4	0.286886	0.01124344	1.009	ok
venkat50	hybrid-dist-dp	patoh	w600	2	0.290556	0.01181165	0.997	ok
venkat50	hybrid-dist-dp	patoh	w800	1	0.291104	0.007204654	0.995	ok
venkat50	hybrid-dist-dp	patoh	w1000	1	0.282779	0.00618601	1.024	ok
venkat50	hybrid-dist-dp	patoh	w1200	1	0.280258	0.007694829	1.033	ok
venkat50	hybrid-dist-dp	patoh	w2000	1	0.286666	0.009764425	1.010	ok
venkat50	hybrid-dist-dp	naive	w400	4	0.286253	0.01073236	1.012	ok
venkat50	hybrid-dist-dp	naive	w600	2	0.29142	0.0108061	0.994	ok
venkat50	hybrid-dist-dp	naive	w800	2	0.294387	0.01013846	0.984	ok
venkat50	hybrid-dist-dp	naive	w1000	1	0.282312	0.008352899	1.026	ok
venkat50	hybrid-dist-dp	naive	w1200	1	0.281245	0.01371969	1.030	ok
venkat50	hybrid-dist-dp	naive	w2000	1	0.287613	0.01150314	1.007	ok
venkat50	hybrid-dist-pipelined	patoh	w400	4	0.350302	0.008706177	0.827	ok
venkat50	hybrid-dist-pipelined	patoh	w600	2	0.354969	0.01243069	0.816	ok
venkat50	hybrid-dist-pipelined	patoh	w800	1	0.334434	0.02014932	0.866	ok
venkat50	hybrid-dist-pipelined	patoh	w1000	1	0.332718	0.01238956	0.870	ok
venkat50	hybrid-dist-pipelined	patoh	w1200	1	0.334226	0.005339889	0.866	ok
venkat50	hybrid-dist-pipelined	patoh	w2000	1	0.343519	0.01692553	0.843	ok
venkat50	hybrid-dist-pipelined	naive	w400	4	0.353168	0.008407699	0.820	ok
venkat50	hybrid-dist-pipelined	naive	w600	2	0.351927	0.01370131	0.823	ok
venkat50	hybrid-dist-pipelined	naive	w800	1	0.345835	0.009976085	0.837	ok
venkat50	hybrid-dist-pipelined	naive	w1000	1	0.336504	0.0127585	0.860	ok
venkat50	hybrid-dist-pipelined	naive	w1200	1	0.338598	0.01834561	0.855	ok
venkat50	hybrid-dist-pipelined	naive	w2000	1	0.350091	0.004454091	0.827	ok
venkat50	mpi	patoh	w400	1	1.411037	0.01115323	0.205	ok
venkat50	mpi	patoh	w600	1	1.518119	0.01153947	0.191	ok
venkat50	mpi	patoh	w800	1	1.57593	0.01059982	0.184	ok
venkat50	mpi	patoh	w1000	1	1.612883	0.005512142	0.180	ok
venkat50	mpi	patoh	w1200	1	1.649223	0.014953	0.176	ok
venkat50	mpi	patoh	w2000	1	1.707715	0.007125147	0.170	ok
venkat50	mpi	naive	w400	1	1.439084	0.008974301	0.201	ok
venkat50	mpi	naive	w600	1	1.550053	0.0112862	0.187	ok
venkat50	mpi	naive	w800	1	1.644854	0.01140162	0.176	ok
venkat50	mpi	naive	w1000	1	1.634812	0.007987737	0.177	ok
venkat50	mpi	naive	w1200	1	1.666988	0.006724755	0.174	ok
venkat50	mpi	naive	w2000	1	1.803416	0.01026101	0.161	ok
venkat50	mpi-gpu	patoh	w400	1	0.391438	0.01172363	0.740	ok
venkat50	mpi-gpu	patoh	w600	1	0.357035	0.005640013	0.811	ok
venkat50	mpi-gpu	patoh	w800	1	0.364575	0.009581913	0.794	ok
venkat50	mpi-gpu	patoh	w1000	1	0.365955	0.009188737	0.791	ok
venkat50	mpi-gpu	patoh	w1200	1	0.369816	0.010863	0.783	ok
venkat50	mpi-gpu	patoh	w2000	1	0.372965	0.0120248	0.776	ok
venkat50	mpi-gpu	naive	w400	1	0.39007	0.006975365	0.742	ok
venkat50	mpi-gpu	naive	w600	1	0.380304	0.01206876	0.761	ok
venkat50	mpi-gpu	naive	w800	1	0.387237	0.01169292	0.748	ok
venkat50	mpi-gpu	naive	w1000	1	0.390178	0.007058228	0.742	ok
venkat50	mpi-gpu	naive	w1200	1	0.392764	0.241215	0.737	ok
venkat50	mpi-gpu	naive	w2000	1	0.402059	0.00720957	0.720	ok
appu	cpu	-	-	4	1.595457	nan	0.173	ok
appu	gpu	-	-	1	0.276496	1.808962e-16	1.000	ok
appu	gpu-dp	-	-	1	0.226954	1.578182e-16	1.218	ok
appu	gpu-pipelined	-	-	1	0.341915	1.327668e-16	0.809	ok
appu	hybrid-async	patoh	w400	4	0.244956	2.659373e-16	1.129	ok
appu	hybrid-async	patoh	w600	4	0.249233	2.380907e-16	1.109	ok
appu	hybrid-async	patoh	w800	4	0.253899	nan	1.089	ok
appu	hybrid-async	patoh	w1000	4	0.255014	2.168961e-16	1.084	ok
appu	hybrid-async	patoh	w1200	2	0.261804	2.094062e-16	1.056	ok
appu	hybrid-async	patoh	w2000	1	0.261474	1.923558e-16	1.057	ok
appu	hybrid-async	naive	w400	4	0.243149	2.469466e-16	1.137	ok
appu	hybrid-async	naive	w600	4	0.24703	2.335612e-16	1.119	ok
appu	hybrid-async	naive	w800	2	0.253685	2.200155e-16	1.090	ok
appu	hybrid-async	naive	w1000	4	0.254337	2.106434e-16	1.087	ok
appu	hybrid-async	naive	w1200	2	0.260252	nan	1.062	ok
appu	hybrid-async	naive	w2000	1	0.2604	1.963828e-16	1.062	ok
appu	hybrid-async-dp	patoh	w400	4	0.194628	nan	1.421	ok
appu	hybrid-async-dp	patoh	w600	4	0.199425	2.267785e-16	1.386	ok
appu	hybrid-async-dp	patoh	w800	4	0.205902	nan	1.343	ok
appu	hybrid-async-dp	patoh	w1000	2	0.206355	nan	1.340	ok
appu	hybrid-async-dp	patoh	w1200	1	0.212956	1.873108e-16	1.298	ok
appu	hybrid-async-dp	patoh	w2000	1	0.213743	nan	1.294	ok
appu	hybrid-async-dp	naive	w400	4	0.195819	2.298629e-16	1.412	ok
appu	hybrid-async-dp	naive	w600	4	0.198273	2.104676e-16	1.395	ok
appu	hybrid-async-dp	naive	w800	4	0.206325	2.025706e-16	1.340	ok
appu	hybrid-async-dp	naive	w1000	4	0.205703	nan	1.344	ok
appu	hybrid-async-dp	naive	w1200	4	0.212233	1.855158e-16	1.303	ok
appu	hybrid-async-dp	naive	w2000	2	0.213693	1.726091e-16	1.294	ok
appu	hybrid-dist-dp	patoh	w400	4	0.258669	nan	1.069	ok
appu	hybrid-dist-dp	patoh	w600	2	0.26478	2.262752e-16	1.044	ok
appu	hybrid-dist-dp	patoh	w800	2	0.272239	nan	1.016	ok
appu	hybrid-dist-dp	patoh	w1000	1	0.257908	nan	1.072	ok
appu	hybrid-dist-dp	patoh	w1200	1	0.264259	1.88992e-16	1.046	ok
appu	hybrid-dist-dp	patoh	w2000	1	0.267544	1.743784e-16	1.033	ok
appu	hybrid-dist-dp	naive	w400	4	0.261829	nan	1.056	ok
appu	hybrid-dist-dp	naive	w600	4	0.269831	2.129667e-16	1.025	ok
appu	hybrid-dist-dp	naive	w800	2	0.267931	2.008053e-16	1.032	ok
appu	hybrid-dist-dp	naive	w1000	1	0.262101	nan	1.055	ok
appu	hybrid-dist-dp	naive	w1200	1	0.264036	1.858723e-16	1.047	ok
appu	hybrid-dist-dp	naive	w2000	1	0.267784	1.75011e-16	1.033	ok
appu	hybrid-dist-pipelined	patoh	w400	4	0.309646	1.77399e-16	0.893	ok
appu	hybrid-dist-pipelined	patoh	w600	4	0.316707	1.723742e-16	0.873	ok
appu	hybrid-dist-pipelined	patoh	w800	2	0.317978	1.549777e-16	0.870	ok
appu	hybrid-dist-pipelined	patoh	w1000	1	0.299199	1.454694e-16	0.924	ok
appu	hybrid-dist-pipelined	patoh	w1200	1	0.305278	1.405089e-16	0.906	ok
appu	hybrid-dist-pipelined	patoh	w2000	1	0.305141	1.343551e-16	0.906	ok
appu	hybrid-dist-pipelined	naive	w400	4	0.305629	1.725963e-16	0.905	ok
appu	hybrid-dist-pipelined	naive	w600	4	0.311933	1.699698e-16	0.886	ok
appu	hybrid-dist-pipelined	naive	w800	4	0.319299	1.521838e-16	0.866	ok
appu	hybrid-dist-pipelined	naive	w1000	1	0.304756	1.447816e-16	0.907	ok
appu	hybrid-dist-pipelined	naive	w1200	1	0.304705	1.426314e-16	0.907	ok
appu	hybrid-dist-pipelined	naive	w2000	1	0.305447	1.346132e-16	0.905	ok
appu	mpi	patoh	w400	1	1.60599	4.963168e-16	0.172	ok
appu	mpi	patoh	w600	1	1.76679	nan	0.156	ok
appu	mpi	patoh	w800	1	1.852547	4.816031e-16	0.149	ok
appu	mpi	patoh	w1000	1	1.94864	nan	0.142	ok
appu	mpi	patoh	w1200	1	1.97178	4.824977e-16	0.140	ok
appu	mpi	patoh	w2000	1	2.213765	4.751839e-16	0.125	ok
appu	mpi	naive	w400	1	1.633593	nan	0.169	ok
appu	mpi	naive	w600	1	1.759639	4.751307e-16	0.157	ok
appu	mpi	naive	w800	1	1.86163	nan	0.149	ok
appu	mpi	naive	w1000	1	1.885031	4.786145e-16	0.147	ok
appu	mpi	naive	w1200	1	1.941853	4.804231e-16	0.142	ok
appu	mpi	naive	w2000	1	2.03381	nan	0.136	ok
appu	mpi-gpu	patoh	w400	1	0.491282	nan	0.563	ok
appu	mpi-gpu	patoh	w600	1	0.425031	4.827458e-16	0.651	ok
appu	mpi-gpu	patoh	w800	1	0.398394	4.781462e-16	0.694	ok
appu	mpi-gpu	patoh	w1000	1	0.373946	4.806015e-16	0.739	ok
appu	mpi-gpu	patoh	w1200	1	0.352267	4.77146e-16	0.785	ok
appu	mpi-gpu	patoh	w2000	1	0.325181	nan	0.850	ok
appu	mpi-gpu	naive	w400	1	0.49301	nan	0.561	ok
appu	mpi-gpu	naive	w600	1	0.431471	4.791214e-16	0.641	ok
appu	mpi-gpu	naive	w800	1	0.404312	4.762508e-16	0.684	ok
appu	mpi-gpu	naive	w1000	1	0.389856	nan	0.709	ok
appu	mpi-gpu	naive	w1200	1	0.377835	4.623387e-16	0.732	ok
appu	mpi-gpu	naive	w2000	1	0.335661	4.717302e-16	0.824	ok
k3plates	cpu	-	-	4	0.279689	7.253403e-05	0.577	ok
k3plates	gpu	-	-	1	0.161323	4.814536e-05	1.000	ok
k3plates	gpu-dp	-	-	1	0.109269	5.67393e-05	1.476	ok
k3plates	gpu-pipelined	-	-	1	0.209824	5.172984e-05	0.769	ok
k3plates	hybrid-async	patoh	w400	4	0.159617	4.169266e-05	1.011	ok
k3plates	hybrid-async	patoh	w600	4	0.154198	5.283099e-05	1.046	ok
k3plates	hybrid-async	patoh	w800	4	0.152392	3.779837e-05	1.059	ok
k3plates	hybrid-async	patoh	w1000	2	0.149279	5.101036e-05	1.081	ok
k3plates	hybrid-async	patoh	w1200	2	0.14564	4.604533e-05	1.108	ok
k3plates	hybrid-async	patoh	w2000	1	0.144592	5.443304e-05	1.116	ok
k3plates	hybrid-async	naive	w400	4	0.156528	5.725071e-05	1.031	ok
k3plates	hybrid-async	naive	w600	4	0.150946	4.707303e-05	1.069	ok
k3plates	hybrid-async	naive	w800	4	0.148443	3.363394e-05	1.087	ok
k3plates	hybrid-async	naive	w1000	4	0.148237	6.415787e-05	1.088	ok
k3plates	hybrid-async	naive	w1200	4	0.149296	4.616992e-05	1.081	ok
k3plates	hybrid-async	naive	w2000	1	0.143745	5.310828e-05	1.122	ok
k3plates	hybrid-async-dp	patoh	w400	4	0.102013	4.552874e-05	1.581	ok
k3plates	hybrid-async-dp	patoh	w600	4	0.101157	4.14488e-05	1.595	ok
k3plates	hybrid-async-dp	patoh	w800	2	0.100648	5.795615e-05	1.603	ok
k3plates	hybrid-async-dp	patoh	w1000	4	0.09934	3.967435e-05	1.624	ok
k3plates	hybrid-async-dp	patoh	w1200	2	0.099103	5.472434e-05	1.628	ok
k3plates	hybrid-async-dp	patoh	w2000	1	0.097972	6.332689e-05	1.647	ok
k3plates	hybrid-async-dp	naive	w400	4	0.101466	5.004665e-05	1.590	ok
k3plates	hybrid-async-dp	naive	w600	4	0.100922	3.688753e-05	1.598	ok
k3plates	hybrid-async-dp	naive	w800	4	0.099963	4.512522e-05	1.614	ok
k3plates	hybrid-async-dp	naive	w1000	4	0.09926	5.975001e-05	1.625	ok
k3plates	hybrid-async-dp	naive	w1200	2	0.098676	5.869965e-05	1.635	ok
k3plates	hybrid-async-dp	naive	w2000	1	0.098609	5.905923e-05	1.636	ok
k3plates	hybrid-dist-dp	patoh	w400	2	0.163903	6.108976e-05	0.984	ok
k3plates	hybrid-dist-dp	patoh	w600	1	0.150424	5.040056e-05	1.072	ok
k3plates	hybrid-dist-dp	patoh	w800	1	0.145776	5.055161e-05	1.107	ok
k3plates	hybrid-dist-dp	patoh	w1000	1	0.144945	5.752161e-05	1.113	ok
k3plates	hybrid-dist-dp	patoh	w1200	1	0.144576	4.521507e-05	1.116	ok
k3plates	hybrid-dist-dp	patoh	w2000	1	0.14371	4.049754e-05	1.123	ok
k3plates	hybrid-dist-dp	naive	w400	4	0.16489	6.06421e-05	0.978	ok
k3plates	hybrid-dist-dp	naive	w600	1	0.152019	4.820774e-05	1.061	ok
k3plates	hybrid-dist-dp	naive	w800	1	0.1453	8.127608e-05	1.110	ok
k3plates	hybrid-dist-dp	naive	w1000	1	0.145233	4.798318e-05	1.111	ok
k3plates	hybrid-dist-dp	naive	w1200	1	0.14492	4.614023e-05	1.113	ok
k3plates	hybrid-dist-dp	naive	w2000	1	0.143945	4.413915e-05	1.121	ok
k3plates	hybrid-dist-pipelined	patoh	w400	1	0.20258	5.683022e-05	0.796	ok
k3plates	hybrid-dist-pipelined	patoh	w600	1	0.180393	4.973606e-05	0.894	ok
k3plates	hybrid-dist-pipelined	patoh	w800	1	0.166371	5.933044e-05	0.970	ok
k3plates	hybrid-dist-pipelined	patoh	w1000	1	0.170554	6.074113e-05	0.946	ok
k3plates	hybrid-dist-pipelined	patoh	w1200	1	0.165243	4.374624e-05	0.976	ok
k3plates	hybrid-dist-pipelined	patoh	w2000	1	0.167736	4.271408e-05	0.962	ok
k3plates	hybrid-dist-pipelined	naive	w400	1	0.202679	3.952648e-05	0.796	ok
k3plates	hybrid-dist-pipelined	naive	w600	1	0.177798	0.0001023151	0.907	ok
k3plates	hybrid-dist-pipelined	naive	w800	1	0.167055	5.306208e-05	0.966	ok
k3plates	hybrid-dist-pipelined	naive	w1000	1	0.17014	6.805137e-05	0.948	ok
k3plates	hybrid-dist-pipelined	naive	w1200	1	0.166355	5.211784e-05	0.970	ok
k3plates	hybrid-dist-pipelined	naive	w2000	1	0.171314	4.908191e-05	0.942	ok
k3plates	mpi	patoh	w400	1	0.320243	5.194596e-05	0.504	ok
k3plates	mpi	patoh	w600	1	0.336599	5.397899e-05	0.479	ok
k3plates	mpi	patoh	w800	1	0.332435	4.52753e-05	0.485	ok
k3plates	mpi	patoh	w1000	1	0.336191	5.182061e-05	0.480	ok
k3plates	mpi	patoh	w1200	1	0.343925	4.37861e-05	0.469	ok
k3plates	mpi	patoh	w2000	1	0.353832	8.474052e-05	0.456	ok
k3plates	mpi	naive	w400	1	0.314861	0.0001040926	0.512	ok
k3plates	mpi	naive	w600	1	0.328922	4.469945e-05	0.490	ok
k3plates	mpi	naive	w800	1	0.340353	4.633553e-05	0.474	ok
k3plates	mpi	naive	w1000	1	0.369245	8.914755e-05	0.437	ok
k3plates	mpi	naive	w1200	1	0.370798	4.529312e-05	0.435	ok
k3plates	mpi	naive	w2000	1	0.383446	5.122266e-05	0.421	ok
k3plates	mpi-gpu	patoh	w400	1	0.208746	9.114649e-05	0.773	ok
k3plates	mpi-gpu	patoh	w600	1	0.209882	5.110117e-05	0.769	ok
k3plates	mpi-gpu	patoh	w800	1	0.21279	5.387557e-05	0.758	ok
k3plates	mpi-gpu	patoh	w1000	1	0.212511	5.536219e-05	0.759	ok
k3plates	mpi-gpu	patoh	w1200	1	0.212333	4.864824e-05	0.760	ok
k3plates	mpi-gpu	patoh	w2000	1	0.213017	5.228557e-05	0.757	ok
k3plates	mpi-gpu	naive	w400	1	0.208657	9.247811e-05	0.773	ok
k3plates	mpi-gpu	naive	w600	1	0.209431	5.228986e-05	0.770	ok
k3plates	mpi-gpu	naive	w800	1	0.21107	4.996303e-05	0.764	ok
k3plates	mpi-gpu	naive	w1000	1	0.212682	5.712653e-05	0.759	ok
k3plates	mpi-gpu	naive	w1200	1	0.212086	7.052691e-05	0.761	ok
k3plates	mpi-gpu	naive	w2000	1	0.216328	8.247188e-05	0.746	ok
marine1	cpu	-	-	4	9.702279	0.03619066	0.095	ok
marine1	gpu	-	-	1	0.919452	0.0364237	1.000	ok
marine1	gpu-dp	-	-	1	0.783615	0.1056256	1.173	ok
marine1	gpu-pipelined	-	-	1	1.268251	0.05072887	0.725	ok
marine1	hybrid-async	patoh	w400	4	1.016099	0.03554548	0.905	ok
marine1	hybrid-async	patoh	w600	4	0.907847	0.03984029	1.013	ok
marine1	hybrid-async	patoh	w800	4	0.867897	0.03406715	1.059	ok
marine1	hybrid-async	patoh	w1000	4	0.872415	0.04777507	1.054	ok
marine1	hybrid-async	patoh	w1200	4	0.879539	1.474545	1.045	ok
marine1	hybrid-async	patoh	w2000	4	0.894197	0.0347641	1.028	ok
marine1	hybrid-async	naive	w400	4	1.030718	0.06600386	0.892	ok
marine1	hybrid-async	naive	w600	4	0.912508	0.3897492	1.008	ok
marine1	hybrid-async	naive	w800	4	0.866862	0.08534754	1.061	ok
marine1	hybrid-async	naive	w1000	4	0.871747	0.04454805	1.055	ok
marine1	hybrid-async	naive	w1200	4	0.878549	0.2277149	1.047	ok
marine1	hybrid-async	naive	w2000	4	0.892508	0.2919942	1.030	ok
marine1	hybrid-async-dp	patoh	w400	4	0.879169	0.03566326	1.046	ok
marine1	hybrid-async-dp	patoh	w600	4	0.764623	0.1055908	1.202	ok
marine1	hybrid-async-dp	patoh	w800	4	0.725333	0.04426671	1.268	ok
marine1	hybrid-async-dp	patoh	w1000	4	0.720311	0.03697469	1.276	ok
marine1	hybrid-async-dp	patoh	w1200	4	0.737968	0.03970026	1.246	ok
marine1	hybrid-async-dp	patoh	w2000	2	0.746842	0.04833955	1.231	ok
marine1	hybrid-async-dp	naive	w400	4	0.884118	0.03691691	1.040	ok
marine1	hybrid-async-dp	naive	w600	4	0.782102	0.03883287	1.176	ok
marine1	hybrid-async-dp	naive	w800	4	0.730028	0.05984925	1.259	ok
marine1	hybrid-async-dp	naive	w1000	4	0.72998	0.06271753	1.260	ok
marine1	hybrid-async-dp	naive	w1200	4	0.727722	0.2419943	1.263	ok
marine1	hybrid-async-dp	naive	w2000	2	0.741289	0.07175168	1.240	ok
marine1	hybrid-dist-dp	patoh	w400	4	0.785632	0.05731907	1.170	ok
marine1	hybrid-dist-dp	patoh	w600	2	0.792534	0.03817608	1.160	ok
marine1	hybrid-dist-dp	patoh	w800	2	0.781994	0.03943344	1.176	ok
marine1	hybrid-dist-dp	patoh	w1000	4	0.806698	0.04588704	1.140	ok
marine1	hybrid-dist-dp	patoh	w1200	2	0.801094	0.03573538	1.148	ok
marine1	hybrid-dist-dp	patoh	w2000	2	0.811471	0.04576974	1.133	ok
marine1	hybrid-dist-dp	naive	w400	4	0.777408	0.04701676	1.183	ok
marine1	hybrid-dist-dp	naive	w600	4	0.803071	0.04271809	1.145	ok
marine1	hybrid-dist-dp	naive	w800	4	0.790577	0.4078361	1.163	ok
marine1	hybrid-dist-dp	naive	w1000	4	0.819145	0.1153097	1.122	ok
marine1	hybrid-dist-dp	naive	w1200	2	0.811134	0.1456053	1.134	ok
marine1	hybrid-dist-dp	naive	w2000	4	0.813907	0.1720854	1.130	ok
marine1	hybrid-dist-pipelined	patoh	w400	4	0.998826	0.04685157	0.921	ok
marine1	hybrid-dist-pipelined	patoh	w600	2	1.027991	0.03490558	0.894	ok
marine1	hybrid-dist-pipelined	patoh	w800	2	1.034279	0.03330943	0.889	ok
marine1	hybrid-dist-pipelined	patoh	w1000	2	1.044148	0.03355719	0.881	ok
marine1	hybrid-dist-pipelined	patoh	w1200	1	1.043112	0.02246655	0.881	ok
marine1	hybrid-dist-pipelined	patoh	w2000	4	1.063399	0.04021213	0.865	ok
marine1	hybrid-dist-pipelined	naive	w400	4	1.015387	0.03715485	0.906	ok
marine1	hybrid-dist-pipelined	naive	w600	4	1.042246	0.03711736	0.882	ok
marine1	hybrid-dist-pipelined	naive	w800	2	1.034843	0.04542065	0.888	ok
marine1	hybrid-dist-pipelined	naive	w1000	4	1.055059	0.05706048	0.871	ok
marine1	hybrid-dist-pipelined	naive	w1200	2	1.061608	0.01936247	0.866	ok
marine1	hybrid-dist-pipelined	naive	w2000	1	1.056276	0.03421936	0.870	ok
marine1	mpi	patoh	w400	1	8.935526	0.03584346	0.103	ok
marine1	mpi	patoh	w600	1	9.615707	0.03805946	0.096	ok
marine1	mpi	patoh	w800	1	9.910824	0.1530942	0.093	ok
marine1	mpi	patoh	w1000	1	9.995896	0.03730385	0.092	ok
marine1	mpi	patoh	w1200	1	10.473639	0.03809869	0.088	ok
marine1	mpi	patoh	w2000	1	10.769739	0.1577419	0.085	ok
marine1	mpi	naive	w400	1	9.362967	0.05004134	0.098	ok
marine1	mpi	naive	w600	1	9.653539	0.03932841	0.095	ok
marine1	mpi	naive	w800	1	10.207397	0.0412929	0.090	ok
marine1	mpi	naive	w1000	1	10.120363	0.04065107	0.091	ok
marine1	mpi	naive	w1200	1	10.497189	0.08029095	0.088	ok
marine1	mpi	naive	w2000	1	10.652071	0.03696746	0.086	ok
marine1	mpi-gpu	patoh	w400	1	1.861231	0.05613539	0.494	ok
marine1	mpi-gpu	patoh	w600	1	1.308631	0.03760773	0.703	ok
marine1	mpi-gpu	patoh	w800	1	1.251581	0.0754167	0.735	ok
marine1	mpi-gpu	patoh	w1000	1	1.255889	0.05015324	0.732	ok
marine1	mpi-gpu	patoh	w1200	1	1.293912	0.04835611	0.711	ok
marine1	mpi-gpu	patoh	w2000	1	1.338004	0.04465115	0.687	ok
marine1	mpi-gpu	naive	w400	1	2.067462	0.05641507	0.445	ok
marine1	mpi-gpu	naive	w600	1	1.459417	0.202339	0.630	ok
marine1	mpi-gpu	naive	w800	1	1.343449	0.1144651	0.684	ok
marine1	mpi-gpu	naive	w1000	1	1.35798	0.09346774	0.677	ok
marine1	mpi-gpu	naive	w1200	1	1.364387	0.0416942	0.674	ok
marine1	mpi-gpu	naive	w2000	1	1.379068	0.0461364	0.667	ok
shar_te2-b3	cpu	-	-	8	1.585902	27.59609	0.197	ok
shar_te2-b3	gpu	-	-	1	0.312138	nan	1.000	ok
shar_te2-b3	gpu-dp	-	-	1	0.240867	nan	1.296	ok
shar_te2-b3	gpu-pipelined	-	-	1	0.425499	nan	0.734	ok
shar_te2-b3	hybrid-async	patoh	w400	4	0.504564	nan	0.619	ok
shar_te2-b3	hybrid-async	patoh	w600	4	0.475271	nan	0.657	ok
shar_te2-b3	hybrid-async	patoh	w800	4	0.472961	nan	0.660	ok
shar_te2-b3	hybrid-async	patoh	w1000	4	0.457218	nan	0.683	ok
shar_te2-b3	hybrid-async	patoh	w1200	4	0.451784	nan	0.691	ok
shar_te2-b3	hybrid-async	patoh	w2000	4	0.433855	nan	0.719	ok
shar_te2-b3	hybrid-async	naive	w400	4	0.504833	nan	0.618	ok
shar_te2-b3	hybrid-async	naive	w600	4	0.470799	nan	0.663	ok
shar_te2-b3	hybrid-async	naive	w800	4	0.462293	nan	0.675	ok
shar_te2-b3	hybrid-async	naive	w1000	4	0.454841	nan	0.686	ok
shar_te2-b3	hybrid-async	naive	w1200	4	0.451675	nan	0.691	ok
shar_te2-b3	hybrid-async	naive	w2000	4	0.423736	nan	0.737	ok
shar_te2-b3	hybrid-async-dp	patoh	w400	4	0.41582	nan	0.751	ok
shar_te2-b3	hybrid-async-dp	patoh	w600	4	0.396438	nan	0.787	ok
shar_te2-b3	hybrid-async-dp	patoh	w800	4	0.379468	nan	0.823	ok
shar_te2-b3	hybrid-async-dp	patoh	w1000	4	0.362831	nan	0.860	ok
shar_te2-b3	hybrid-async-dp	patoh	w1200	4	0.359041	nan	0.869	ok
shar_te2-b3	hybrid-async-dp	patoh	w2000	4	0.339265	nan	0.920	ok
shar_te2-b3	hybrid-async-dp	naive	w400	4	0.413478	nan	0.755	ok
shar_te2-b3	hybrid-async-dp	naive	w600	4	0.394777	nan	0.791	ok
shar_te2-b3	hybrid-async-dp	naive	w800	4	0.379374	nan	0.823	ok
shar_te2-b3	hybrid-async-dp	naive	w1000	4	0.363118	nan	0.860	ok
shar_te2-b3	hybrid-async-dp	naive	w1200	4	0.351553	nan	0.888	ok
shar_te2-b3	hybrid-async-dp	naive	w2000	4	0.331066	nan	0.943	ok
shar_te2-b3	hybrid-dist-dp	patoh	w400	4	0.395326	nan	0.790	ok
shar_te2-b3	hybrid-dist-dp	patoh	w600	4	0.361319	nan	0.864	ok
shar_te2-b3	hybrid-dist-dp	patoh	w800	4	0.318817	nan	0.979	ok
shar_te2-b3	hybrid-dist-dp	patoh	w1000	2	0.317908	nan	0.982	ok
shar_te2-b3	hybrid-dist-dp	patoh	w1200	1	0.295287	nan	1.057	ok
shar_te2-b3	hybrid-dist-dp	patoh	w2000	1	0.289268	nan	1.079	ok
shar_te2-b3	hybrid-dist-dp	naive	w400	4	0.362674	nan	0.861	ok
shar_te2-b3	hybrid-dist-dp	naive	w600	4	0.333568	nan	0.936	ok
shar_te2-b3	hybrid-dist-dp	naive	w800	2	0.313723	nan	0.995	ok
shar_te2-b3	hybrid-dist-dp	naive	w1000	1	0.30406	nan	1.027	ok
shar_te2-b3	hybrid-dist-dp	naive	w1200	1	0.298973	nan	1.044	ok
shar_te2-b3	hybrid-dist-dp	naive	w2000	1	0.291198	nan	1.072	ok
shar_te2-b3	hybrid-dist-pipelined	patoh	w400	4	0.498789	nan	0.626	ok
shar_te2-b3	hybrid-dist-pipelined	patoh	w600	4	0.471211	nan	0.662	ok
shar_te2-b3	hybrid-dist-pipelined	patoh	w800	2	0.442938	nan	0.705	ok
shar_te2-b3	hybrid-dist-pipelined	patoh	w1000	2	0.436729	nan	0.715	ok
shar_te2-b3	hybrid-dist-pipelined	patoh	w1200	1	0.431872	nan	0.723	ok
shar_te2-b3	hybrid-dist-pipelined	patoh	w2000	1	0.409869	nan	0.762	ok
shar_te2-b3	hybrid-dist-pipelined	naive	w400	4	0.462878	nan	0.674	ok
shar_te2-b3	hybrid-dist-pipelined	naive	w600	4	0.437584	nan	0.713	ok
shar_te2-b3	hybrid-dist-pipelined	naive	w800	4	0.42428	nan	0.736	ok
shar_te2-b3	hybrid-dist-pipelined	naive	w1000	4	0.425628	nan	0.733	ok
shar_te2-b3	hybrid-dist-pipelined	naive	w1200	4	0.426065	nan	0.733	ok
shar_te2-b3	hybrid-dist-pipelined	naive	w2000	4	0.417355	nan	0.748	ok
shar_te2-b3	mpi	patoh	w400	1	2.646213	21.69916	0.118	ok
shar_te2-b3	mpi	patoh	w600	1	2.595674	16.77774	0.120	ok
shar_te2-b3	mpi	patoh	w800	1	2.279133	nan	0.137	ok
shar_te2-b3	mpi	patoh	w1000	1	2.429874	33.32966	0.128	ok
shar_te2-b3	mpi	patoh	w1200	1	2.205028	nan	0.142	ok
shar_te2-b3	mpi	patoh	w2000	1	2.048699	nan	0.152	ok
shar_te2-b3	mpi	naive	w400	1	1.836814	nan	0.170	ok
shar_te2-b3	mpi	naive	w600	1	1.92506	11.16855	0.162	ok
shar_te2-b3	mpi	naive	w800	1	1.898166	nan	0.164	ok
shar_te2-b3	mpi	naive	w1000	1	1.90261	32.83362	0.164	ok
shar_te2-b3	mpi	naive	w1200	1	1.959686	nan	0.159	ok
shar_te2-b3	mpi	naive	w2000	1	1.941595	nan	0.161	ok
shar_te2-b3	mpi-gpu	patoh	w400	1	1.21126	nan	0.258	ok
shar_te2-b3	mpi-gpu	patoh	w600	1	0.952598	nan	0.328	ok
shar_te2-b3	mpi-gpu	patoh	w800	1	0.799282	nan	0.391	ok
shar_te2-b3	mpi-gpu	patoh	w1000	1	0.7742	nan	0.403	ok
shar_te2-b3	mpi-gpu	patoh	w1200	1	0.752688	nan	0.415	ok
shar_te2-b3	mpi-gpu	patoh	w2000	1	0.718953	nan	0.434	ok
shar_te2-b3	mpi-gpu	naive	w400	1	0.747303	nan	0.418	ok
shar_te2-b3	mpi-gpu	naive	w600	1	0.72617	nan	0.430	ok
shar_te2-b3	mpi-gpu	naive	w800	1	0.722555	nan	0.432	ok
shar_te2-b3	mpi-gpu	naive	w1000	1	0.721972	nan	0.432	ok
shar_te2-b3	mpi-gpu	naive	w1200	1	0.722644	nan	0.432	ok
shar_te2-b3	mpi-gpu	naive	w2000	1	0.71212	nan	0.438	ok
ss1	cpu	-	-	8	1.765844	nan	0.181	ok
ss1	gpu	-	-	1	0.319475	nan	1.000	ok
ss1	gpu-dp	-	-	1	0.249539	nan	1.280	ok
ss1	gpu-pipelined	-	-	1	0.432722	3.878131e-17	0.738	ok
ss1	hybrid-async	patoh	w400	4	0.544937	nan	0.586	ok
ss1	hybrid-async	patoh	w600	4	0.511983	nan	0.624	ok
ss1	hybrid-async	patoh	w800	4	0.502784	nan	0.635	ok
ss1	hybrid-async	patoh	w1000	4	0.477979	nan	0.668	ok
ss1	hybrid-async	patoh	w1200	2	0.475259	nan	0.672	ok
ss1	hybrid-async	patoh	w2000	2	0.441533	nan	0.724	ok
ss1	hybrid-async	naive	w400	4	0.475551	nan	0.672	ok
ss1	hybrid-async	naive	w600	4	0.447905	nan	0.713	ok
ss1	hybrid-async	naive	w800	4	0.443174	nan	0.721	ok
ss1	hybrid-async	naive	w1000	4	0.436657	nan	0.732	ok
ss1	hybrid-async	naive	w1200	4	0.432139	nan	0.739	ok
ss1	hybrid-async	naive	w2000	4	0.422485	nan	0.756	ok
ss1	hybrid-async-dp	patoh	w400	4	0.465794	nan	0.686	ok
ss1	hybrid-async-dp	patoh	w600	4	0.441426	nan	0.724	ok
ss1	hybrid-async-dp	patoh	w800	4	0.429467	nan	0.744	ok
ss1	hybrid-async-dp	patoh	w1000	4	0.405117	nan	0.789	ok
ss1	hybrid-async-dp	patoh	w1200	4	0.383423	nan	0.833	ok
ss1	hybrid-async-dp	patoh	w2000	4	0.344317	nan	0.928	ok
ss1	hybrid-async-dp	naive	w400	4	0.389927	nan	0.819	ok
ss1	hybrid-async-dp	naive	w600	4	0.369007	nan	0.866	ok
ss1	hybrid-async-dp	naive	w800	4	0.358933	nan	0.890	ok
ss1	hybrid-async-dp	naive	w1000	4	0.341502	nan	0.935	ok
ss1	hybrid-async-dp	naive	w1200	4	0.340133	nan	0.939	ok
ss1	hybrid-async-dp	naive	w2000	4	0.330883	nan	0.966	ok
ss1	hybrid-dist-dp	patoh	w400	4	0.419486	nan	0.762	ok
ss1	hybrid-dist-dp	patoh	w600	4	0.399398	nan	0.800	ok
ss1	hybrid-dist-dp	patoh	w800	4	0.378644	nan	0.844	ok
ss1	hybrid-dist-dp	patoh	w1000	4	0.36353	nan	0.879	ok
ss1	hybrid-dist-dp	patoh	w1200	4	0.347026	nan	0.921	ok
ss1	hybrid-dist-dp	patoh	w2000	4	0.299901	nan	1.065	ok
ss1	hybrid-dist-dp	naive	w400	4	0.315739	nan	1.012	ok
ss1	hybrid-dist-dp	naive	w600	2	0.311558	nan	1.025	ok
ss1	hybrid-dist-dp	naive	w800	4	0.2945	nan	1.085	ok
ss1	hybrid-dist-dp	naive	w1000	1	0.296428	nan	1.078	ok
ss1	hybrid-dist-dp	naive	w1200	1	0.295535	nan	1.081	ok
ss1	hybrid-dist-dp	naive	w2000	1	0.287218	nan	1.112	ok
ss1	hybrid-dist-pipelined	patoh	w400	4	0.505455	2.661029e-17	0.632	ok
ss1	hybrid-dist-pipelined	patoh	w600	4	0.47257	2.345749e-17	0.676	ok
ss1	hybrid-dist-pipelined	patoh	w800	4	0.444931	2.451656e-17	0.718	ok
ss1	hybrid-dist-pipelined	patoh	w1000	4	0.41681	2.634253e-17	0.766	ok
ss1	hybrid-dist-pipelined	patoh	w1200	4	0.408185	2.178708e-17	0.783	ok
ss1	hybrid-dist-pipelined	patoh	w2000	2	0.397936	2.649797e-17	0.803	ok
ss1	hybrid-dist-pipelined	naive	w400	4	0.410521	2.975053e-17	0.778	ok
ss1	hybrid-dist-pipelined	naive	w600	2	0.416291	2.88393e-17	0.767	ok
ss1	hybrid-dist-pipelined	naive	w800	2	0.412315	2.91179e-17	0.775	ok
ss1	hybrid-dist-pipelined	naive	w1000	2	0.418128	2.825133e-17	0.764	ok
ss1	hybrid-dist-pipelined	naive	w1200	4	0.420876	3.499018e-17	0.759	ok
ss1	hybrid-dist-pipelined	naive	w2000	2	0.409464	2.680428e-17	0.780	ok
ss1	mpi	patoh	w400	1	1.196358	nan	0.267	ok
ss1	mpi	patoh	w600	1	1.236896	nan	0.258	ok
ss1	mpi	patoh	w800	1	1.274238	nan	0.251	ok
ss1	mpi	patoh	w1000	1	1.410367	nan	0.227	ok
ss1	mpi	patoh	w1200	1	1.517357	nan	0.211	ok
ss1	mpi	patoh	w2000	1	1.700279	nan	0.188	ok
ss1	mpi	naive	w400	1	1.651809	nan	0.193	ok
ss1	mpi	naive	w600	1	1.848489	nan	0.173	ok
ss1	mpi	naive	w800	1	1.847732	nan	0.173	ok
ss1	mpi	naive	w1000	1	1.876512	nan	0.170	ok
ss1	mpi	naive	w1200	1	1.93114	nan	0.165	ok
ss1	mpi	naive	w2000	1	1.95941	nan	0.163	ok
ss1	mpi-gpu	patoh	w400	1	0.732002	nan	0.436	ok
ss1	mpi-gpu	patoh	w600	1	0.664422	nan	0.481	ok
ss1	mpi-gpu	patoh	w800	1	0.618261	nan	0.517	ok
ss1	mpi-gpu	patoh	w1000	1	0.603082	nan	0.530	ok
ss1	mpi-gpu	patoh	w1200	1	0.583411	nan	0.548	ok
ss1	mpi-gpu	patoh	w2000	1	0.563365	nan	0.567	ok
ss1	mpi-gpu	naive	w400	1	0.663295	nan	0.482	ok
ss1	mpi-gpu	naive	w600	1	0.67649	nan	0.472	ok
ss1	mpi-gpu	naive	w800	1	0.691455	nan	0.462	ok
ss1	mpi-gpu	naive	w1000	1	0.696146	nan	0.459	ok
ss1	mpi-gpu	naive	w1200	1	0.681113	nan	0.469	ok
ss1	mpi-gpu	naive	w2000	1	0.683712	nan	0.467	ok
venkat01	cpu	-	-	4	1.420052	0.000710352	0.204	ok
venkat01	gpu	-	-	1	0.289724	0.0005673019	1.000	ok
venkat01	gpu-dp	-	-	1	0.252397	0.0008394273	1.148	ok
venkat01	gpu-pipelined	-	-	1	0.368622	0.009853638	0.786	ok
venkat01	hybrid-async	patoh	w400	4	0.29494	0.000652505	0.982	ok
venkat01	hybrid-async	patoh	w600	4	0.271322	0.0007870289	1.068	ok
venkat01	hybrid-async	patoh	w800	4	0.274168	0.0006808107	1.057	ok
venkat01	hybrid-async	patoh	w1000	4	0.275439	0.001397584	1.052	ok
venkat01	hybrid-async	patoh	w1200	4	0.2767	0.001649153	1.047	ok
venkat01	hybrid-async	patoh	w2000	4	0.281748	0.00323297	1.028	ok
venkat01	hybrid-async	naive	w400	4	0.299791	0.002710626	0.966	ok
venkat01	hybrid-async	naive	w600	4	0.273614	0.003861949	1.059	ok
venkat01	hybrid-async	naive	w800	4	0.273791	0.0005661967	1.058	ok
venkat01	hybrid-async	naive	w1000	4	0.275984	0.000708342	1.050	ok
venkat01	hybrid-async	naive	w1200	4	0.277003	0.0005746963	1.046	ok
venkat01	hybrid-async	naive	w2000	4	0.281641	0.0007699947	1.029	ok
venkat01	hybrid-async-dp	patoh	w400	4	0.219359	0.0005658863	1.321	ok
venkat01	hybrid-async-dp	patoh	w600	4	0.22285	0.0006417788	1.300	ok
venkat01	hybrid-async-dp	patoh	w800	2	0.229238	0.0003114045	1.264	ok
venkat01	hybrid-async-dp	patoh	w1000	4	0.231136	0.0005279449	1.253	ok
venkat01	hybrid-async-dp	patoh	w1200	2	0.232032	0.0003643125	1.249	ok
venkat01	hybrid-async-dp	patoh	w2000	2	0.239131	0.0006763223	1.212	ok
venkat01	hybrid-async-dp	naive	w400	4	0.226035	0.0005688858	1.282	ok
venkat01	hybrid-async-dp	naive	w600	4	0.223975	0.003322305	1.294	ok
venkat01	hybrid-async-dp	naive	w800	4	0.229743	0.0007110455	1.261	ok
venkat01	hybrid-async-dp	naive	w1000	2	0.23109	0.000545347	1.254	ok
venkat01	hybrid-async-dp	naive	w1200	4	0.232364	0.001366403	1.247	ok
venkat01	hybrid-async-dp	naive	w2000	4	0.23814	0.006865643	1.217	ok
venkat01	hybrid-dist-dp	patoh	w400	4	0.288915	0.0005619727	1.003	ok
venkat01	hybrid-dist-dp	patoh	w600	2	0.289217	0.0007473141	1.002	ok
venkat01	hybrid-dist-dp	patoh	w800	2	0.292551	0.0005983017	0.990	ok
venkat01	hybrid-dist-dp	patoh	w1000	1	0.281654	0.0005376079	1.029	ok
venkat01	hybrid-dist-dp	patoh	w1200	1	0.280978	0.0006494365	1.031	ok
venkat01	hybrid-dist-dp	patoh	w2000	1	0.286946	0.0003391025	1.010	ok
venkat01	hybrid-dist-dp	naive	w400	4	0.287524	0.0006645306	1.008	ok
venkat01	hybrid-dist-dp	naive	w600	2	0.292407	0.0005296504	0.991	ok
venkat01	hybrid-dist-dp	naive	w800	2	0.293623	0.0009804672	0.987	ok
venkat01	hybrid-dist-dp	naive	w1000	1	0.284552	0.0004635783	1.018	ok
venkat01	hybrid-dist-dp	naive	w1200	1	0.281229	0.0009446477	1.030	ok
venkat01	hybrid-dist-dp	naive	w2000	1	0.286891	0.01798212	1.010	ok
venkat01	hybrid-dist-pipelined	patoh	w400	4	0.351963	0.007983264	0.823	ok
venkat01	hybrid-dist-pipelined	patoh	w600	2	0.353462	0.01039648	0.820	ok
venkat01	hybrid-dist-pipelined	patoh	w800	1	0.335814	0.1343732	0.863	ok
venkat01	hybrid-dist-pipelined	patoh	w1000	1	0.332942	0.06335098	0.870	ok
venkat01	hybrid-dist-pipelined	patoh	w1200	1	0.334842	0.03009276	0.865	ok
venkat01	hybrid-dist-pipelined	patoh	w2000	1	0.343358	0.003132635	0.844	ok
venkat01	hybrid-dist-pipelined	naive	w400	4	0.352627	0.005614444	0.822	ok
venkat01	hybrid-dist-pipelined	naive	w600	2	0.352429	0.004648369	0.822	ok
venkat01	hybrid-dist-pipelined	naive	w800	1	0.346383	0.008150345	0.836	ok
venkat01	hybrid-dist-pipelined	naive	w1000	1	0.335378	0.005089104	0.864	ok
venkat01	hybrid-dist-pipelined	naive	w1200	1	0.339171	0.02096612	0.854	ok
venkat01	hybrid-dist-pipelined	naive	w2000	1	0.350857	0.005183605	0.826	ok
venkat01	mpi	patoh	w400	1	1.411204	0.00121456	0.205	ok
venkat01	mpi	patoh	w600	1	1.685626	0.0007381899	0.172	ok
venkat01	mpi	patoh	w800	1	1.571482	0.0003696121	0.184	ok
venkat01	mpi	patoh	w1000	1	1.612839	0.0007885832	0.180	ok
venkat01	mpi	patoh	w1200	1	1.667797	0.0008253254	0.174	ok
venkat01	mpi	patoh	w2000	1	1.710095	0.0003902163	0.169	ok
venkat01	mpi	naive	w400	1	1.444233	0.0006330178	0.201	ok
venkat01	mpi	naive	w600	1	1.54776	0.0005366061	0.187	ok
venkat01	mpi	naive	w800	1	1.628229	0.002225465	0.178	ok
venkat01	mpi	naive	w1000	1	1.639717	0.0006425027	0.177	ok
venkat01	mpi	naive	w1200	1	1.662474	0.0008043566	0.174	ok
venkat01	mpi	naive	w2000	1	1.716628	0.0006802671	0.169	ok
venkat01	mpi-gpu	patoh	w400	1	0.393546	0.0007137899	0.736	ok
venkat01	mpi-gpu	patoh	w600	1	0.356314	0.0006291563	0.813	ok
venkat01	mpi-gpu	patoh	w800	1	0.364768	0.0005476628	0.794	ok
venkat01	mpi-gpu	patoh	w1000	1	0.365855	0.0007946689	0.792	ok
venkat01	mpi-gpu	patoh	w1200	1	0.36901	0.0006574397	0.785	ok
venkat01	mpi-gpu	patoh	w2000	1	0.374191	0.0006146737	0.774	ok
venkat01	mpi-gpu	naive	w400	1	0.390311	0.0008063908	0.742	ok
venkat01	mpi-gpu	naive	w600	1	0.379679	0.002504914	0.763	ok
venkat01	mpi-gpu	naive	w800	1	0.388031	0.003268032	0.747	ok
venkat01	mpi-gpu	naive	w1000	1	0.392709	0.0006462286	0.738	ok
venkat01	mpi-gpu	naive	w1200	1	0.393293	0.0007315023	0.737	ok
venkat01	mpi-gpu	naive	w2000	1	0.401243	0.0007786032	0.722	ok
webbase-1M	cpu	-	-	4	12.832638	0.3445641	0.090	ok
webbase-1M	gpu	-	-	1	1.153338	nan	1.000	ok
webbase-1M	gpu-dp	-	-	1	0.833612	nan	1.384	ok
webbase-1M	gpu-pipelined	-	-	1	1.834919	nan	0.629	ok
webbase-1M	hybrid-async	patoh	w400	4	2.044678	nan	0.564	ok
webbase-1M	hybrid-async	patoh	w600	4	1.869367	nan	0.617	ok
webbase-1M	hybrid-async	patoh	w800	4	1.813394	nan	0.636	ok
webbase-1M	hybrid-async	patoh	w1000	4	1.787871	nan	0.645	ok
webbase-1M	hybrid-async	patoh	w1200	4	1.766198	nan	0.653	ok
webbase-1M	hybrid-async	patoh	w2000	4	1.740398	nan	0.663	ok
webbase-1M	hybrid-async	naive	w400	4	1.942533	nan	0.594	ok
webbase-1M	hybrid-async	naive	w600	4	1.806941	nan	0.638	ok
webbase-1M	hybrid-async	naive	w800	4	1.729686	nan	0.667	ok
webbase-1M	hybrid-async	naive	w1000	4	1.685209	nan	0.684	ok
webbase-1M	hybrid-async	naive	w1200	4	1.647306	nan	0.700	ok
webbase-1M	hybrid-async	naive	w2000	4	1.577868	nan	0.731	ok
webbase-1M	hybrid-async-dp	patoh	w400	4	1.718192	nan	0.671	ok
webbase-1M	hybrid-async-dp	patoh	w600	4	1.545863	nan	0.746	ok
webbase-1M	hybrid-async-dp	patoh	w800	4	1.486188	nan	0.776	ok
webbase-1M	hybrid-async-dp	patoh	w1000	4	1.455196	nan	0.793	ok
webbase-1M	hybrid-async-dp	patoh	w1200	4	1.44354	nan	0.799	ok
webbase-1M	hybrid-async-dp	patoh	w2000	4	1.43037	nan	0.806	ok
webbase-1M	hybrid-async-dp	naive	w400	4	1.615373	nan	0.714	ok
webbase-1M	hybrid-async-dp	naive	w600	4	1.481964	nan	0.778	ok
webbase-1M	hybrid-async-dp	naive	w800	4	1.413417	nan	0.816	ok
webbase-1M	hybrid-async-dp	naive	w1000	4	1.363926	nan	0.846	ok
webbase-1M	hybrid-async-dp	naive	w1200	4	1.333431	nan	0.865	ok
webbase-1M	hybrid-async-dp	naive	w2000	4	1.261459	nan	0.914	ok
webbase-1M	hybrid-dist-dp	patoh	w400	4	1.042889	nan	1.106	ok
webbase-1M	hybrid-dist-dp	patoh	w600	4	0.890554	nan	1.295	ok
webbase-1M	hybrid-dist-dp	patoh	w800	4	0.889149	nan	1.297	ok
webbase-1M	hybrid-dist-dp	patoh	w1000	2	0.892232	nan	1.293	ok
webbase-1M	hybrid-dist-dp	patoh	w1200	4	0.889538	nan	1.297	ok
webbase-1M	hybrid-dist-dp	patoh	w2000	4	0.912705	nan	1.264	ok
webbase-1M	hybrid-dist-dp	naive	w400	4	0.989675	nan	1.165	ok
webbase-1M	hybrid-dist-dp	naive	w600	4	0.902665	nan	1.278	ok
webbase-1M	hybrid-dist-dp	naive	w800	2	0.900331	nan	1.281	ok
webbase-1M	hybrid-dist-dp	naive	w1000	4	0.896457	nan	1.287	ok
webbase-1M	hybrid-dist-dp	naive	w1200	2	0.892868	nan	1.292	ok
webbase-1M	hybrid-dist-dp	naive	w2000	2	0.897248	nan	1.285	ok
webbase-1M	hybrid-dist-pipelined	patoh	w400	4	1.507135	nan	0.765	ok
webbase-1M	hybrid-dist-pipelined	patoh	w600	4	1.327868	nan	0.869	ok
webbase-1M	hybrid-dist-pipelined	patoh	w800	4	1.340892	nan	0.860	ok
webbase-1M	hybrid-dist-pipelined	patoh	w1000	2	1.332227	0.2620049	0.866	ok
webbase-1M	hybrid-dist-pipelined	patoh	w1200	2	1.338518	nan	0.862	ok
webbase-1M	hybrid-dist-pipelined	patoh	w2000	4	1.356559	nan	0.850	ok
webbase-1M	hybrid-dist-pipelined	naive	w400	4	1.480082	nan	0.779	ok
webbase-1M	hybrid-dist-pipelined	naive	w600	4	1.318327	nan	0.875	ok
webbase-1M	hybrid-dist-pipelined	naive	w800	2	1.325168	nan	0.870	ok
webbase-1M	hybrid-dist-pipelined	naive	w1000	2	1.333586	nan	0.865	ok
webbase-1M	hybrid-dist-pipelined	naive	w1200	1	1.335266	nan	0.864	ok
webbase-1M	hybrid-dist-pipelined	naive	w2000	1	1.342765	nan	0.859	ok
webbase-1M	mpi	patoh	w400	1	12.284756	nan	0.094	ok
webbase-1M	mpi	patoh	w600	1	12.583581	0.2925	0.092	ok
webbase-1M	mpi	patoh	w800	1	12.91914	nan	0.089	ok
webbase-1M	mpi	patoh	w1000	1	13.008881	nan	0.089	ok
webbase-1M	mpi	patoh	w1200	1	13.091513	nan	0.088	ok
webbase-1M	mpi	patoh	w2000	1	13.393852	nan	0.086	ok
webbase-1M	mpi	naive	w400	1	11.629962	0.2691185	0.099	ok
webbase-1M	mpi	naive	w600	1	12.24161	0.2647432	0.094	ok
webbase-1M	mpi	naive	w800	1	12.50991	0.2362029	0.092	ok
webbase-1M	mpi	naive	w1000	1	12.727671	0.2674057	0.091	ok
webbase-1M	mpi	naive	w1200	1	12.896627	nan	0.089	ok
webbase-1M	mpi	naive	w2000	1	13.248115	0.255945	0.087	ok
webbase-1M	mpi-gpu	patoh	w400	1	2.389125	nan	0.483	ok
webbase-1M	mpi-gpu	patoh	w600	1	2.34478	nan	0.492	ok
webbase-1M	mpi-gpu	patoh	w800	1	2.353274	nan	0.490	ok
webbase-1M	mpi-gpu	patoh	w1000	1	2.352189	nan	0.490	ok
webbase-1M	mpi-gpu	patoh	w1200	1	2.405696	nan	0.479	ok
webbase-1M	mpi-gpu	patoh	w2000	1	2.500886	nan	0.461	ok
webbase-1M	mpi-gpu	naive	w400	1	2.79206	nan	0.413	ok
webbase-1M	mpi-gpu	naive	w600	1	2.472569	nan	0.466	ok
webbase-1M	mpi-gpu	naive	w800	1	2.37033	nan	0.487	ok
webbase-1M	mpi-gpu	naive	w1000	1	2.33093	nan	0.495	ok
webbase-1M	mpi-gpu	naive	w1200	1	2.33555	nan	0.494	ok
webbase-1M	mpi-gpu	naive	w2000	1	2.40287	0.6916355	0.480	ok
poli4	cpu	-	-	8	0.250575	nan	0.538	ok
poli4	gpu	-	-	1	0.134741	nan	1.000	ok
poli4	gpu-dp	-	-	1	0.085843	nan	1.570	ok
poli4	gpu-pipelined	-	-	1	0.174622	4.136411e-17	0.772	ok
poli4	hybrid-async	patoh	w400	4	0.183468	nan	0.734	ok
poli4	hybrid-async	patoh	w600	2	0.158755	nan	0.849	ok
poli4	hybrid-async	patoh	w800	1	0.157179	nan	0.857	ok
poli4	hybrid-async	patoh	w1000	1	0.156654	nan	0.860	ok
poli4	hybrid-async	patoh	w1200	1	0.153494	nan	0.878	ok
poli4	hybrid-async	patoh	w2000	1	0.149324	nan	0.902	ok
poli4	hybrid-async	naive	w400	2	0.187059	nan	0.720	ok
poli4	hybrid-async	naive	w600	2	0.183864	nan	0.733	ok
poli4	hybrid-async	naive	w800	2	0.181664	nan	0.742	ok
poli4	hybrid-async	naive	w1000	4	0.176836	nan	0.762	ok
poli4	hybrid-async	naive	w1200	4	0.16198	nan	0.832	ok
poli4	hybrid-async	naive	w2000	1	0.153233	nan	0.879	ok
poli4	hybrid-async-dp	patoh	w400	4	0.123768	nan	1.089	ok
poli4	hybrid-async-dp	patoh	w600	2	0.120144	nan	1.121	ok
poli4	hybrid-async-dp	patoh	w800	2	0.113597	nan	1.186	ok
poli4	hybrid-async-dp	patoh	w1000	1	0.111238	nan	1.211	ok
poli4	hybrid-async-dp	patoh	w1200	1	0.101365	nan	1.329	ok
poli4	hybrid-async-dp	patoh	w2000	1	0.097051	nan	1.388	ok
poli4	hybrid-async-dp	naive	w400	4	0.124731	nan	1.080	ok
poli4	hybrid-async-dp	naive	w600	4	0.120737	nan	1.116	ok
poli4	hybrid-async-dp	naive	w800	4	0.119565	nan	1.127	ok
poli4	hybrid-async-dp	naive	w1000	2	0.118616	nan	1.136	ok
poli4	hybrid-async-dp	naive	w1200	4	0.116779	nan	1.154	ok
poli4	hybrid-async-dp	naive	w2000	2	0.108939	nan	1.237	ok
poli4	hybrid-dist-dp	patoh	w400	1	0.146291	nan	0.921	ok
poli4	hybrid-dist-dp	patoh	w600	1	0.134357	nan	1.003	ok
poli4	hybrid-dist-dp	patoh	w800	1	0.130683	nan	1.031	ok
poli4	hybrid-dist-dp	patoh	w1000	1	0.129032	nan	1.044	ok
poli4	hybrid-dist-dp	patoh	w1200	1	0.102727	nan	1.312	ok
poli4	hybrid-dist-dp	patoh	w2000	1	0.125122	nan	1.077	ok
poli4	hybrid-dist-dp	naive	w400	1	0.1347	nan	1.000	ok
poli4	hybrid-dist-dp	naive	w600	1	0.117093	nan	1.151	ok
poli4	hybrid-dist-dp	naive	w800	1	0.114491	nan	1.177	ok
poli4	hybrid-dist-dp	naive	w1000	1	0.111295	nan	1.211	ok
poli4	hybrid-dist-dp	naive	w1200	1	0.107751	nan	1.250	ok
poli4	hybrid-dist-dp	naive	w2000	1	0.104491	nan	1.289	ok
poli4	hybrid-dist-pipelined	patoh	w400	4	0.307607	4.542155e-17	0.438	ok
poli4	hybrid-dist-pipelined	patoh	w600	4	0.238937	4.334008e-17	0.564	ok
poli4	hybrid-dist-pipelined	patoh	w800	1	0.231066	5.782225e-17	0.583	ok
poli4	hybrid-dist-pipelined	patoh	w1000	2	0.210159	5.669544e-17	0.641	ok
poli4	hybrid-dist-pipelined	patoh	w1200	4	0.178657	5.112708e-17	0.754	ok
poli4	hybrid-dist-pipelined	patoh	w2000	1	0.175846	4.968272e-17	0.766	ok
poli4	hybrid-dist-pipelined	naive	w400	4	0.27623	4.173926e-17	0.488	ok
poli4	hybrid-dist-pipelined	naive	w600	4	0.245884	7.460193e-17	0.548	ok
poli4	hybrid-dist-pipelined	naive	w800	4	0.222994	6.072938e-17	0.604	ok
poli4	hybrid-dist-pipelined	naive	w1000	2	0.22372	6.238077e-17	0.602	ok
poli4	hybrid-dist-pipelined	naive	w1200	4	0.210813	6.780041e-17	0.639	ok
poli4	hybrid-dist-pipelined	naive	w2000	1	0.179189	4.548905e-17	0.752	ok
poli4	mpi	patoh	w400	1	0.236711	nan	0.569	ok
poli4	mpi	patoh	w600	1	0.247434	nan	0.545	ok
poli4	mpi	patoh	w800	1	0.252856	nan	0.533	ok
poli4	mpi	patoh	w1000	1	0.26473	nan	0.509	ok
poli4	mpi	patoh	w1200	1	0.272924	nan	0.494	ok
poli4	mpi	patoh	w2000	1	0.278134	nan	0.484	ok
poli4	mpi	naive	w400	1	0.224084	nan	0.601	ok
poli4	mpi	naive	w600	1	0.244298	nan	0.552	ok
poli4	mpi	naive	w800	1	0.258458	nan	0.521	ok
poli4	mpi	naive	w1000	1	0.255951	nan	0.526	ok
poli4	mpi	naive	w1200	1	0.269567	nan	0.500	ok
poli4	mpi	naive	w2000	1	0.271417	nan	0.496	ok
poli4	mpi-gpu	patoh	w400	1	0.230444	nan	0.585	ok
poli4	mpi-gpu	patoh	w600	1	0.231489	nan	0.582	ok
poli4	mpi-gpu	patoh	w800	1	0.232662	nan	0.579	ok
poli4	mpi-gpu	patoh	w1000	1	0.230051	nan	0.586	ok
poli4	mpi-gpu	patoh	w1200	1	0.233512	nan	0.577	ok
poli4	mpi-gpu	patoh	w2000	1	0.234027	nan	0.576	ok
poli4	mpi-gpu	naive	w400	1	0.249257	nan	0.541	ok
poli4	mpi-gpu	naive	w600	1	0.257204	nan	0.524	ok
poli4	mpi-gpu	naive	w800	1	0.245143	nan	0.550	ok
poli4	mpi-gpu	naive	w1000	1	0.241487	nan	0.558	ok
poli4	mpi-gpu	naive	w1200	1	0.242144	nan	0.556	ok
poli4	mpi-gpu	naive	w2000	1	0.241578	nan	0.558	ok
coupled	cpu	-	-	4	0.204237	7.982913e-07	0.641	ok
coupled	gpu	-	-	1	0.130851	1.147858e-05	1.000	ok
coupled	gpu-dp	-	-	1	0.079016	3.258865e-06	1.656	ok
coupled	gpu-pipelined	-	-	1	0.174728	7.332184e-06	0.749	ok
coupled	hybrid-async	patoh	w400	2	0.142997	3.445056e-06	0.915	ok
coupled	hybrid-async	patoh	w600	2	0.138644	2.251644e-06	0.944	ok
coupled	hybrid-async	patoh	w800	1	0.135536	1.215045e-06	0.965	ok
coupled	hybrid-async	patoh	w1000	1	0.133448	3.076394e-06	0.981	ok
coupled	hybrid-async	patoh	w1200	1	0.131554	1.503446e-06	0.995	ok
coupled	hybrid-async	patoh	w2000	1	0.129006	6.682386e-06	1.014	ok
coupled	hybrid-async	naive	w400	2	0.145633	2.344205e-06	0.898	ok
coupled	hybrid-async	naive	w600	4	0.140696	0.0003955431	0.930	ok
coupled	hybrid-async	naive	w800	4	0.140802	4.550168e-06	0.929	ok
coupled	hybrid-async	naive	w1000	2	0.139001	2.059567e-06	0.941	ok
coupled	hybrid-async	naive	w1200	2	0.140242	1.832671e-05	0.933	ok
coupled	hybrid-async	naive	w2000	2	0.135758	1.028108e-05	0.964	ok
coupled	hybrid-async-dp	patoh	w400	4	0.084508	2.295193e-06	1.548	ok
coupled	hybrid-async-dp	patoh	w600	2	0.081923	6.187429e-06	1.597	ok
coupled	hybrid-async-dp	patoh	w800	4	0.080334	1.256343e-05	1.629	ok
coupled	hybrid-async-dp	patoh	w1000	2	0.079109	9.606072e-06	1.654	ok
coupled	hybrid-async-dp	patoh	w1200	2	0.075337	1.705812e-06	1.737	ok
coupled	hybrid-async-dp	patoh	w2000	1	0.072648	1.038912e-05	1.801	ok
coupled	hybrid-async-dp	naive	w400	4	0.089786	1.309458e-05	1.457	ok
coupled	hybrid-async-dp	naive	w600	4	0.082661	5.31437e-06	1.583	ok
coupled	hybrid-async-dp	naive	w800	2	0.083702	1.181973e-05	1.563	ok
coupled	hybrid-async-dp	naive	w1000	4	0.083281	2.433889e-06	1.571	ok
coupled	hybrid-async-dp	naive	w1200	1	0.081834	5.133541e-06	1.599	ok
coupled	hybrid-async-dp	naive	w2000	1	0.075902	1.404181e-06	1.724	ok
coupled	hybrid-dist-dp	patoh	w400	1	0.134529	4.407452e-06	0.973	ok
coupled	hybrid-dist-dp	patoh	w600	1	0.123639	1.103617e-05	1.058	ok
coupled	hybrid-dist-dp	patoh	w800	1	0.118437	9.289596e-06	1.105	ok
coupled	hybrid-dist-dp	patoh	w1000	1	0.114086	2.232314e-06	1.147	ok
coupled	hybrid-dist-dp	patoh	w1200	1	0.112345	3.589526e-06	1.165	ok
coupled	hybrid-dist-dp	patoh	w2000	1	0.117082	1.194223e-05	1.118	ok
coupled	hybrid-dist-dp	naive	w400	1	0.140494	1.166665e-05	0.931	ok
coupled	hybrid-dist-dp	naive	w600	1	0.126738	9.315359e-07	1.032	ok
coupled	hybrid-dist-dp	naive	w800	1	0.123936	7.407229e-06	1.056	ok
coupled	hybrid-dist-dp	naive	w1000	1	0.125179	1.155434e-05	1.045	ok
coupled	hybrid-dist-dp	naive	w1200	1	0.118093	8.526839e-06	1.108	ok
coupled	hybrid-dist-dp	naive	w2000	1	0.11139	1.735047e-06	1.175	ok
coupled	hybrid-dist-pipelined	patoh	w400	1	0.144491	1.900295e-05	0.906	ok
coupled	hybrid-dist-pipelined	patoh	w600	1	0.13392	2.996645e-06	0.977	ok
coupled	hybrid-dist-pipelined	patoh	w800	1	0.13032	1.77088e-05	1.004	ok
coupled	hybrid-dist-pipelined	patoh	w1000	1	0.128657	2.553708e-05	1.017	ok
coupled	hybrid-dist-pipelined	patoh	w1200	1	0.127475	6.737317e-06	1.026	ok
coupled	hybrid-dist-pipelined	patoh	w2000	1	0.136006	3.600465e-06	0.962	ok
coupled	hybrid-dist-pipelined	naive	w400	1	0.156455	9.92067e-06	0.836	ok
coupled	hybrid-dist-pipelined	naive	w600	1	0.137366	1.661064e-05	0.953	ok
coupled	hybrid-dist-pipelined	naive	w800	1	0.137136	8.266457e-06	0.954	ok
coupled	hybrid-dist-pipelined	naive	w1000	1	0.132436	8.061104e-06	0.988	ok
coupled	hybrid-dist-pipelined	naive	w1200	1	0.132291	5.958216e-06	0.989	ok
coupled	hybrid-dist-pipelined	naive	w2000	1	0.128786	3.077835e-06	1.016	ok
coupled	mpi	patoh	w400	1	0.182683	5.286297e-06	0.716	ok
coupled	mpi	patoh	w600	1	0.192177	5.354554e-06	0.681	ok
coupled	mpi	patoh	w800	1	0.204825	1.23506e-05	0.639	ok
coupled	mpi	patoh	w1000	1	0.203726	4.405e-06	0.642	ok
coupled	mpi	patoh	w1200	1	0.205961	7.637227e-06	0.635	ok
coupled	mpi	patoh	w2000	1	0.211759	1.033984e-06	0.618	ok
coupled	mpi	naive	w400	1	0.199943	3.400827e-06	0.654	ok
coupled	mpi	naive	w600	1	0.214022	3.973643e-06	0.611	ok
coupled	mpi	naive	w800	1	0.209396	1.357362e-05	0.625	ok
coupled	mpi	naive	w1000	1	0.214133	1.124045e-05	0.611	ok
coupled	mpi	naive	w1200	1	0.216789	9.647439e-06	0.604	ok
coupled	mpi	naive	w2000	1	0.216551	1.194498e-05	0.604	ok
coupled	mpi-gpu	patoh	w400	1	0.199465	5.146225e-06	0.656	ok
coupled	mpi-gpu	patoh	w600	1	0.198768	1.000712e-05	0.658	ok
coupled	mpi-gpu	patoh	w800	1	0.19744	7.62375e-06	0.663	ok
coupled	mpi-gpu	patoh	w1000	1	0.198244	2.291431e-05	0.660	ok
coupled	mpi-gpu	patoh	w1200	1	0.199395	8.722966e-06	0.656	ok
coupled	mpi-gpu	patoh	w2000	1	0.19784	1.867216e-06	0.661	ok
coupled	mpi-gpu	naive	w400	1	0.20445	4.974503e-06	0.640	ok
coupled	mpi-gpu	naive	w600	1	0.209366	3.529876e-06	0.625	ok
coupled	mpi-gpu	naive	w800	1	0.210865	5.967529e-06	0.621	ok
coupled	mpi-gpu	naive	w1000	1	0.209541	5.06694e-06	0.624	ok
coupled	mpi-gpu	naive	w1200	1	0.210187	3.477325e-06	0.623	ok
coupled	mpi-gpu	naive	w2000	1	0.209584	5.733909e-06	0.624	ok
Ill_Stokes	cpu	-	-	4	0.270129	4.805374e-05	0.548	ok
Ill_Stokes	gpu	-	-	1	0.148071	6.529233e-05	1.000	ok
Ill_Stokes	gpu-dp	-	-	1	0.099674	3.627255e-05	1.486	ok
Ill_Stokes	gpu-pipelined	-	-	1	0.196024	8.506987e-06	0.755	ok
Ill_Stokes	hybrid-async	patoh	w400	4	0.162379	6.27664e-05	0.912	ok
Ill_Stokes	hybrid-async	patoh	w600	4	0.154388	9.388019e-05	0.959	ok
Ill_Stokes	hybrid-async	patoh	w800	2	0.157479	0.0001220934	0.940	ok
Ill_Stokes	hybrid-async	patoh	w1000	2	0.154867	5.055011e-05	0.956	ok
Ill_Stokes	hybrid-async	patoh	w1200	2	0.150836	5.217235e-05	0.982	ok
Ill_Stokes	hybrid-async	patoh	w2000	2	0.144621	0.000106203	1.024	ok
Ill_Stokes	hybrid-async	naive	w400	4	0.163037	4.986706e-05	0.908	ok
Ill_Stokes	hybrid-async	naive	w600	4	0.16002	0.0002020952	0.925	ok
Ill_Stokes	hybrid-async	naive	w800	4	0.156015	5.067893e-05	0.949	ok
Ill_Stokes	hybrid-async	naive	w1000	4	0.159202	5.689907e-05	0.930	ok
Ill_Stokes	hybrid-async	naive	w1200	4	0.154158	6.017529e-05	0.961	ok
Ill_Stokes	hybrid-async	naive	w2000	2	0.153222	6.556174e-05	0.966	ok
Ill_Stokes	hybrid-async-dp	patoh	w400	4	0.106838	3.37618e-05	1.386	ok
Ill_Stokes	hybrid-async-dp	patoh	w600	4	0.101849	6.944536e-05	1.454	ok
Ill_Stokes	hybrid-async-dp	patoh	w800	4	0.101247	4.64467e-05	1.462	ok
Ill_Stokes	hybrid-async-dp	patoh	w1000	4	0.098362	8.678937e-05	1.505	ok
Ill_Stokes	hybrid-async-dp	patoh	w1200	2	0.096115	0.0001690601	1.541	ok
Ill_Stokes	hybrid-async-dp	patoh	w2000	1	0.089335	0.0001423736	1.657	ok
Ill_Stokes	hybrid-async-dp	naive	w400	4	0.10574	3.744444e-05	1.400	ok
Ill_Stokes	hybrid-async-dp	naive	w600	4	0.103304	7.939306e-05	1.433	ok
Ill_Stokes	hybrid-async-dp	naive	w800	4	0.101597	0.0001027781	1.457	ok
Ill_Stokes	hybrid-async-dp	naive	w1000	4	0.098977	7.501063e-05	1.496	ok
Ill_Stokes	hybrid-async-dp	naive	w1200	4	0.096852	5.587362e-05	1.529	ok
Ill_Stokes	hybrid-async-dp	naive	w2000	4	0.095461	0.0001007122	1.551	ok
Ill_Stokes	hybrid-dist-dp	patoh	w400	1	0.155484	5.962742e-05	0.952	ok
Ill_Stokes	hybrid-dist-dp	patoh	w600	1	0.136963	8.903628e-05	1.081	ok
Ill_Stokes	hybrid-dist-dp	patoh	w800	1	0.133832	3.188e-05	1.106	ok
Ill_Stokes	hybrid-dist-dp	patoh	w1000	1	0.133417	4.940438e-05	1.110	ok
Ill_Stokes	hybrid-dist-dp	patoh	w1200	1	0.133477	0.0001415891	1.109	ok
Ill_Stokes	hybrid-dist-dp	patoh	w2000	1	0.132067	0.0002310604	1.121	ok
Ill_Stokes	hybrid-dist-dp	naive	w400	4	0.177787	7.895537e-05	0.833	ok
Ill_Stokes	hybrid-dist-dp	naive	w600	4	0.162392	1.991727e-05	0.912	ok
Ill_Stokes	hybrid-dist-dp	naive	w800	1	0.152151	0.0001470916	0.973	ok
Ill_Stokes	hybrid-dist-dp	naive	w1000	1	0.139787	0.0001337389	1.059	ok
Ill_Stokes	hybrid-dist-dp	naive	w1200	1	0.1413	9.694643e-05	1.048	ok
Ill_Stokes	hybrid-dist-dp	naive	w2000	1	0.131771	9.226072e-05	1.124	ok
Ill_Stokes	hybrid-dist-pipelined	patoh	w400	1	0.177991	2.004777e-05	0.832	ok
Ill_Stokes	hybrid-dist-pipelined	patoh	w600	1	0.159889	1.707642e-05	0.926	ok
Ill_Stokes	hybrid-dist-pipelined	patoh	w800	1	0.154393	2.705094e-05	0.959	ok
Ill_Stokes	hybrid-dist-pipelined	patoh	w1000	1	0.158717	1.788896e-05	0.933	ok
Ill_Stokes	hybrid-dist-pipelined	patoh	w1200	1	0.15855	0.0001238722	0.934	ok
Ill_Stokes	hybrid-dist-pipelined	patoh	w2000	1	0.152964	1.865649e-05	0.968	ok
Ill_Stokes	hybrid-dist-pipelined	naive	w400	1	0.200332	6.504556e-05	0.739	ok
Ill_Stokes	hybrid-dist-pipelined	naive	w600	1	0.182403	6.105873e-05	0.812	ok
Ill_Stokes	hybrid-dist-pipelined	naive	w800	1	0.18824	8.684063e-05	0.787	ok
Ill_Stokes	hybrid-dist-pipelined	naive	w1000	1	0.172224	9.474506e-05	0.860	ok
Ill_Stokes	hybrid-dist-pipelined	naive	w1200	1	0.160996	1.048937e-05	0.920	ok
Ill_Stokes	hybrid-dist-pipelined	naive	w2000	1	0.155109	0.0001034089	0.955	ok
Ill_Stokes	mpi	patoh	w400	1	0.243996	0.0001227446	0.607	ok
Ill_Stokes	mpi	patoh	w600	1	0.275616	0.0001106443	0.537	ok
Ill_Stokes	mpi	patoh	w800	1	0.281426	5.584764e-05	0.526	ok
Ill_Stokes	mpi	patoh	w1000	1	0.308174	3.155152e-05	0.480	ok
Ill_Stokes	mpi	patoh	w1200	1	0.314124	8.295946e-05	0.471	ok
Ill_Stokes	mpi	patoh	w2000	1	0.308269	5.142231e-05	0.480	ok
Ill_Stokes	mpi	naive	w400	1	0.326944	8.555091e-05	0.453	ok
Ill_Stokes	mpi	naive	w600	1	0.343695	5.801452e-05	0.431	ok
Ill_Stokes	mpi	naive	w800	1	0.359708	0.0001958966	0.412	ok
Ill_Stokes	mpi	naive	w1000	1	0.354558	0.0001791824	0.418	ok
Ill_Stokes	mpi	naive	w1200	1	0.358876	0.0002025134	0.413	ok
Ill_Stokes	mpi	naive	w2000	1	0.353937	8.450194e-05	0.418	ok
Ill_Stokes	mpi-gpu	patoh	w400	1	0.214871	0.0001314908	0.689	ok
Ill_Stokes	mpi-gpu	patoh	w600	1	0.216853	9.37796e-05	0.683	ok
Ill_Stokes	mpi-gpu	patoh	w800	1	0.222211	0.0001524242	0.666	ok
Ill_Stokes	mpi-gpu	patoh	w1000	1	0.219606	0.000171098	0.674	ok
Ill_Stokes	mpi-gpu	patoh	w1200	1	0.218617	9.902105e-05	0.677	ok
Ill_Stokes	mpi-gpu	patoh	w2000	1	0.220032	5.252062e-05	0.673	ok
Ill_Stokes	mpi-gpu	naive	w400	1	0.24539	0.0002439125	0.603	ok
Ill_Stokes	mpi-gpu	naive	w600	1	0.234516	0.0002790544	0.631	ok
Ill_Stokes	mpi-gpu	naive	w800	1	0.235332	7.919696e-05	0.629	ok
Ill_Stokes	mpi-gpu	naive	w1000	1	0.23509	6.831614e-05	0.630	ok
Ill_Stokes	mpi-gpu	naive	w1200	1	0.234101	2.276059e-05	0.633	ok
Ill_Stokes	mpi-gpu	naive	w2000	1	0.232779	7.534024e-05	0.636	ok
bayer02	cpu	-	-	16	0.093919	52279460000.0	1.304	ok
bayer02	gpu	-	-	1	0.122503	nan	1.000	ok
bayer02	gpu-dp	-	-	1	0.074472	nan	1.645	ok
bayer02	gpu-pipelined	-	-	1	0.165371	nan	0.741	ok
bayer02	hybrid-async	patoh	w400	4	0.142583	nan	0.859	ok
bayer02	hybrid-async	patoh	w600	2	0.13772	nan	0.890	ok
bayer02	hybrid-async	patoh	w800	1	0.136037	nan	0.901	ok
bayer02	hybrid-async	patoh	w1000	2	0.13487	nan	0.908	ok
bayer02	hybrid-async	patoh	w1200	1	0.131297	nan	0.933	ok
bayer02	hybrid-async	patoh	w2000	1	0.129603	nan	0.945	ok
bayer02	hybrid-async	naive	w400	2	0.14215	nan	0.862	ok
bayer02	hybrid-async	naive	w600	2	0.136973	nan	0.894	ok
bayer02	hybrid-async	naive	w800	1	0.134958	nan	0.908	ok
bayer02	hybrid-async	naive	w1000	1	0.133177	nan	0.920	ok
bayer02	hybrid-async	naive	w1200	1	0.13178	nan	0.930	ok
bayer02	hybrid-async	naive	w2000	1	0.128284	nan	0.955	ok
bayer02	hybrid-async-dp	patoh	w400	2	0.091226	nan	1.343	ok
bayer02	hybrid-async-dp	patoh	w600	2	0.088383	nan	1.386	ok
bayer02	hybrid-async-dp	patoh	w800	1	0.08319	nan	1.473	ok
bayer02	hybrid-async-dp	patoh	w1000	1	0.082638	nan	1.482	ok
bayer02	hybrid-async-dp	patoh	w1200	1	0.080521	nan	1.521	ok
bayer02	hybrid-async-dp	patoh	w2000	1	0.078248	nan	1.566	ok
bayer02	hybrid-async-dp	naive	w400	4	0.092679	nan	1.322	ok
bayer02	hybrid-async-dp	naive	w600	1	0.086089	nan	1.423	ok
bayer02	hybrid-async-dp	naive	w800	1	0.084082	nan	1.457	ok
bayer02	hybrid-async-dp	naive	w1000	1	0.081752	nan	1.498	ok
bayer02	hybrid-async-dp	naive	w1200	1	0.080949	nan	1.513	ok
bayer02	hybrid-async-dp	naive	w2000	1	0.077352	nan	1.584	ok
bayer02	hybrid-dist-dp	patoh	w400	1	0.122288	nan	1.002	ok
bayer02	hybrid-dist-dp	patoh	w600	1	0.116797	nan	1.049	ok
bayer02	hybrid-dist-dp	patoh	w800	1	0.115994	nan	1.056	ok
bayer02	hybrid-dist-dp	patoh	w1000	1	0.114705	nan	1.068	ok
bayer02	hybrid-dist-dp	patoh	w1200	1	0.113174	958867500.0	1.082	ok
bayer02	hybrid-dist-dp	patoh	w2000	1	0.114986	nan	1.065	ok
bayer02	hybrid-dist-dp	naive	w400	1	0.120911	nan	1.013	ok
bayer02	hybrid-dist-dp	naive	w600	1	0.117117	nan	1.046	ok
bayer02	hybrid-dist-dp	naive	w800	1	0.116242	nan	1.054	ok
bayer02	hybrid-dist-dp	naive	w1000	1	0.1148	nan	1.067	ok
bayer02	hybrid-dist-dp	naive	w1200	1	0.114272	3459452000.0	1.072	ok
bayer02	hybrid-dist-dp	naive	w2000	1	0.113178	443535800.0	1.082	ok
bayer02	hybrid-dist-pipelined	patoh	w400	1	0.140933	nan	0.869	ok
bayer02	hybrid-dist-pipelined	patoh	w600	1	0.137778	nan	0.889	ok
bayer02	hybrid-dist-pipelined	patoh	w800	1	0.135284	nan	0.906	ok
bayer02	hybrid-dist-pipelined	patoh	w1000	1	0.137781	nan	0.889	ok
bayer02	hybrid-dist-pipelined	patoh	w1200	1	0.130518	243321700.0	0.939	ok
bayer02	hybrid-dist-pipelined	patoh	w2000	1	0.131869	nan	0.929	ok
bayer02	hybrid-dist-pipelined	naive	w400	1	0.142767	nan	0.858	ok
bayer02	hybrid-dist-pipelined	naive	w600	1	0.136262	nan	0.899	ok
bayer02	hybrid-dist-pipelined	naive	w800	1	0.133337	130046600.0	0.919	ok
bayer02	hybrid-dist-pipelined	naive	w1000	1	0.133059	nan	0.921	ok
bayer02	hybrid-dist-pipelined	naive	w1200	1	0.131293	1763065000.0	0.933	ok
bayer02	hybrid-dist-pipelined	naive	w2000	1	0.13044	1417483000.0	0.939	ok
bayer02	mpi	patoh	w400	1	0.104436	nan	1.173	ok
bayer02	mpi	patoh	w600	1	0.11242	nan	1.090	ok
bayer02	mpi	patoh	w800	1	0.112012	nan	1.094	ok
bayer02	mpi	patoh	w1000	1	0.116145	nan	1.055	ok
bayer02	mpi	patoh	w1200	1	0.117244	1068022000.0	1.045	ok
bayer02	mpi	patoh	w2000	1	0.120607	nan	1.016	ok
bayer02	mpi	naive	w400	1	0.103877	nan	1.179	ok
bayer02	mpi	naive	w600	1	0.109938	6895750000000.0	1.114	ok
bayer02	mpi	naive	w800	1	0.111698	9409621000.0	1.097	ok
bayer02	mpi	naive	w1000	1	0.111417	3820153000.0	1.100	ok
bayer02	mpi	naive	w1200	1	0.11564	12446710000.0	1.059	ok
bayer02	mpi	naive	w2000	1	0.119463	961073300.0	1.025	ok
bayer02	mpi-gpu	patoh	w400	1	0.204954	nan	0.598	ok
bayer02	mpi-gpu	patoh	w600	1	0.203815	nan	0.601	ok
bayer02	mpi-gpu	patoh	w800	1	0.202651	nan	0.605	ok
bayer02	mpi-gpu	patoh	w1000	1	0.203136	nan	0.603	ok
bayer02	mpi-gpu	patoh	w1200	1	0.202463	65868240000.0	0.605	ok
bayer02	mpi-gpu	patoh	w2000	1	0.200923	nan	0.610	ok
bayer02	mpi-gpu	naive	w400	1	0.205807	nan	0.595	ok
bayer02	mpi-gpu	naive	w600	1	0.20251	nan	0.605	ok
bayer02	mpi-gpu	naive	w800	1	0.200844	nan	0.610	ok
bayer02	mpi-gpu	naive	w1000	1	0.201325	nan	0.608	ok
bayer02	mpi-gpu	naive	w1200	1	0.200295	62257620000.0	0.612	ok
bayer02	mpi-gpu	naive	w2000	1	0.199945	920146800000.0	0.613	ok
wang3	cpu	-	-	4	0.21963	8.37342e-14	0.660	ok
wang3	gpu	-	-	1	0.144924	7.76989e-14	1.000	ok
wang3	gpu-dp	-	-	1	0.093417	8.711494e-14	1.551	ok
wang3	gpu-pipelined	-	-	1	0.18602	8.38891e-15	0.779	ok
wang3	hybrid-async	patoh	w400	4	0.16187	7.330645e-14	0.895	ok
wang3	hybrid-async	patoh	w600	4	0.160764	7.82797e-14	0.901	ok
wang3	hybrid-async	patoh	w800	4	0.164106	7.574509e-14	0.883	ok
wang3	hybrid-async	patoh	w1000	4	0.159734	7.790943e-14	0.907	ok
wang3	hybrid-async	patoh	w1200	2	0.158647	7.561482e-14	0.913	ok
wang3	hybrid-async	patoh	w2000	1	0.153263	7.701502e-14	0.946	ok
wang3	hybrid-async	naive	w400	4	0.164339	7.295871e-14	0.882	ok
wang3	hybrid-async	naive	w600	4	0.156541	7.60269e-14	0.926	ok
wang3	hybrid-async	naive	w800	2	0.163195	7.55062e-14	0.888	ok
wang3	hybrid-async	naive	w1000	4	0.155949	7.607493e-14	0.929	ok
wang3	hybrid-async	naive	w1200	1	0.155741	7.761004e-14	0.931	ok
wang3	hybrid-async	naive	w2000	2	0.154633	7.698875e-14	0.937	ok
wang3	hybrid-async-dp	patoh	w400	4	0.11028	7.823251e-14	1.314	ok
wang3	hybrid-async-dp	patoh	w600	4	0.103706	8.449807e-14	1.397	ok
wang3	hybrid-async-dp	patoh	w800	4	0.104509	8.196788e-14	1.387	ok
wang3	hybrid-async-dp	patoh	w1000	4	0.101149	8.403149e-14	1.433	ok
wang3	hybrid-async-dp	patoh	w1200	4	0.0968	8.247795e-14	1.497	ok
wang3	hybrid-async-dp	patoh	w2000	2	0.093753	8.347108e-14	1.546	ok
wang3	hybrid-async-dp	naive	w400	4	0.10922	7.923872e-14	1.327	ok
wang3	hybrid-async-dp	naive	w600	4	0.100943	8.04984e-14	1.436	ok
wang3	hybrid-async-dp	naive	w800	4	0.100857	8.253601e-14	1.437	ok
wang3	hybrid-async-dp	naive	w1000	2	0.098325	8.359262e-14	1.474	ok
wang3	hybrid-async-dp	naive	w1200	2	0.097511	8.245982e-14	1.486	ok
wang3	hybrid-async-dp	naive	w2000	1	0.092114	8.209419e-14	1.573	ok
wang3	hybrid-dist-dp	patoh	w400	1	0.141123	8.724406e-14	1.027	ok
wang3	hybrid-dist-dp	patoh	w600	1	0.132337	8.525989e-14	1.095	ok
wang3	hybrid-dist-dp	patoh	w800	1	0.132314	8.341303e-14	1.095	ok
wang3	hybrid-dist-dp	patoh	w1000	1	0.132823	8.470607e-14	1.091	ok
wang3	hybrid-dist-dp	patoh	w1200	1	0.132685	8.476043e-14	1.092	ok
wang3	hybrid-dist-dp	patoh	w2000	1	0.132222	8.44097e-14	1.096	ok
wang3	hybrid-dist-dp	naive	w400	1	0.145345	8.45187e-14	0.997	ok
wang3	hybrid-dist-dp	naive	w600	1	0.134741	8.495904e-14	1.076	ok
wang3	hybrid-dist-dp	naive	w800	1	0.135571	8.229054e-14	1.069	ok
wang3	hybrid-dist-dp	naive	w1000	1	0.135346	8.411604e-14	1.071	ok
wang3	hybrid-dist-dp	naive	w1200	1	0.133352	8.495089e-14	1.087	ok
wang3	hybrid-dist-dp	naive	w2000	1	0.132367	8.425888e-14	1.095	ok
wang3	hybrid-dist-pipelined	patoh	w400	1	0.16991	6.221701e-16	0.853	ok
wang3	hybrid-dist-pipelined	patoh	w600	1	0.158073	2.982603e-15	0.917	ok
wang3	hybrid-dist-pipelined	patoh	w800	1	0.153691	7.746122e-16	0.943	ok
wang3	hybrid-dist-pipelined	patoh	w1000	1	0.15736	6.759497e-16	0.921	ok
wang3	hybrid-dist-pipelined	patoh	w1200	1	0.16082	7.571408e-16	0.901	ok
wang3	hybrid-dist-pipelined	patoh	w2000	1	0.155682	2.279211e-15	0.931	ok
wang3	hybrid-dist-pipelined	naive	w400	1	0.166103	1.735783e-15	0.872	ok
wang3	hybrid-dist-pipelined	naive	w600	1	0.15776	6.415888e-16	0.919	ok
wang3	hybrid-dist-pipelined	naive	w800	1	0.154622	7.188065e-16	0.937	ok
wang3	hybrid-dist-pipelined	naive	w1000	1	0.155016	3.017789e-15	0.935	ok
wang3	hybrid-dist-pipelined	naive	w1200	1	0.161186	6.77294e-16	0.899	ok
wang3	hybrid-dist-pipelined	naive	w2000	1	0.156849	5.387573e-15	0.924	ok
wang3	mpi	patoh	w400	1	0.216379	8.205616e-14	0.670	ok
wang3	mpi	patoh	w600	1	0.23011	8.202162e-14	0.630	ok
wang3	mpi	patoh	w800	1	0.256355	8.307019e-14	0.565	ok
wang3	mpi	patoh	w1000	1	0.256975	8.199228e-14	0.564	ok
wang3	mpi	patoh	w1200	1	0.26364	8.295262e-14	0.550	ok
wang3	mpi	patoh	w2000	1	0.258761	8.366682e-14	0.560	ok
wang3	mpi	naive	w400	1	0.237029	8.138172e-14	0.611	ok
wang3	mpi	naive	w600	1	0.231148	8.07167e-14	0.627	ok
wang3	mpi	naive	w800	1	0.261816	8.197557e-14	0.554	ok
wang3	mpi	naive	w1000	1	0.260264	8.131296e-14	0.557	ok
wang3	mpi	naive	w1200	1	0.249033	8.313473e-14	0.582	ok
wang3	mpi	naive	w2000	1	0.28312	8.232585e-14	0.512	ok
wang3	mpi-gpu	patoh	w400	1	0.219499	8.157675e-14	0.660	ok
wang3	mpi-gpu	patoh	w600	1	0.221386	7.581389e-14	0.655	ok
wang3	mpi-gpu	patoh	w800	1	0.225373	7.612927e-14	0.643	ok
wang3	mpi-gpu	patoh	w1000	1	0.225777	7.688647e-14	0.642	ok
wang3	mpi-gpu	patoh	w1200	1	0.229554	7.674551e-14	0.631	ok
wang3	mpi-gpu	patoh	w2000	1	0.228448	7.692217e-14	0.634	ok
wang3	mpi-gpu	naive	w400	1	0.219129	7.921761e-14	0.661	ok
wang3	mpi-gpu	naive	w600	1	0.221638	7.942832e-14	0.654	ok
wang3	mpi-gpu	naive	w800	1	0.222091	7.932466e-14	0.653	ok
wang3	mpi-gpu	naive	w1000	1	0.226306	7.743036e-14	0.640	ok
wang3	mpi-gpu	naive	w1200	1	0.227334	7.700061e-14	0.637	ok
wang3	mpi-gpu	naive	w2000	1	0.229161	7.890228e-14	0.632	ok
powersim	cpu	-	-	8	0.116208	1.725572	1.061	ok
powersim	gpu	-	-	1	0.123317	0.1561052	1.000	ok
powersim	gpu-dp	-	-	1	0.074069	0.4144037	1.665	ok
powersim	gpu-pipelined	-	-	1	0.166108	0.3400794	0.742	ok
powersim	hybrid-async	patoh	w400	1	0.152917	0.2089403	0.806	ok
powersim	hybrid-async	patoh	w600	1	0.138808	0.1141795	0.888	ok
powersim	hybrid-async	patoh	w800	1	0.134428	0.8237305	0.917	ok
powersim	hybrid-async	patoh	w1000	1	0.133855	0.2483444	0.921	ok
powersim	hybrid-async	patoh	w1200	1	0.130361	0.1809024	0.946	ok
powersim	hybrid-async	patoh	w2000	1	0.129074	0.183983	0.955	ok
powersim	hybrid-async	naive	w400	4	0.139888	0.1658921	0.882	ok
powersim	hybrid-async	naive	w600	2	0.137416	0.4480884	0.897	ok
powersim	hybrid-async	naive	w800	1	0.135389	0.8935695	0.911	ok
powersim	hybrid-async	naive	w1000	1	0.134829	0.1348988	0.915	ok
powersim	hybrid-async	naive	w1200	1	0.132418	0.2992823	0.931	ok
powersim	hybrid-async	naive	w2000	1	0.130383	0.1402437	0.946	ok
powersim	hybrid-async-dp	patoh	w400	2	0.088156	0.1313003	1.399	ok
powersim	hybrid-async-dp	patoh	w600	1	0.084937	0.1351398	1.452	ok
powersim	hybrid-async-dp	patoh	w800	1	0.084772	0.1733606	1.455	ok
powersim	hybrid-async-dp	patoh	w1000	1	0.083028	0.6059191	1.485	ok
powersim	hybrid-async-dp	patoh	w1200	1	0.081447	0.1429407	1.514	ok
powersim	hybrid-async-dp	patoh	w2000	1	0.078239	0.3155162	1.576	ok
powersim	hybrid-async-dp	naive	w400	2	0.09007	1.330496	1.369	ok
powersim	hybrid-async-dp	naive	w600	1	0.086908	0.2044761	1.419	ok
powersim	hybrid-async-dp	naive	w800	1	0.086555	0.1804136	1.425	ok
powersim	hybrid-async-dp	naive	w1000	1	0.083114	4.989939	1.484	ok
powersim	hybrid-async-dp	naive	w1200	2	0.084747	0.1595605	1.455	ok
powersim	hybrid-async-dp	naive	w2000	1	0.080189	0.1451017	1.538	ok
powersim	hybrid-dist-dp	patoh	w400	1	0.123228	0.1383607	1.001	ok
powersim	hybrid-dist-dp	patoh	w600	1	0.116353	0.6693883	1.060	ok
powersim	hybrid-dist-dp	patoh	w800	1	0.115664	0.1501253	1.066	ok
powersim	hybrid-dist-dp	patoh	w1000	1	0.115868	0.1900149	1.064	ok
powersim	hybrid-dist-dp	patoh	w1200	1	0.114575	0.4009486	1.076	ok
powersim	hybrid-dist-dp	patoh	w2000	1	0.113714	0.1232136	1.084	ok
powersim	hybrid-dist-dp	naive	w400	1	0.115108	0.1680241	1.071	ok
powersim	hybrid-dist-dp	naive	w600	1	0.114933	0.168821	1.073	ok
powersim	hybrid-dist-dp	naive	w800	1	0.114082	0.2137424	1.081	ok
powersim	hybrid-dist-dp	naive	w1000	1	0.113483	0.1727264	1.087	ok
powersim	hybrid-dist-dp	naive	w1200	1	0.113561	0.1714424	1.086	ok
powersim	hybrid-dist-dp	naive	w2000	1	0.113453	1.139484	1.087	ok
powersim	hybrid-dist-pipelined	patoh	w400	1	0.138898	0.1327215	0.888	ok
powersim	hybrid-dist-pipelined	patoh	w600	1	0.135082	0.1536285	0.913	ok
powersim	hybrid-dist-pipelined	patoh	w800	1	0.136879	0.1368601	0.901	ok
powersim	hybrid-dist-pipelined	patoh	w1000	1	0.133634	0.1360019	0.923	ok
powersim	hybrid-dist-pipelined	patoh	w1200	1	0.132438	0.1205141	0.931	ok
powersim	hybrid-dist-pipelined	patoh	w2000	1	0.132955	0.1882242	0.928	ok
powersim	hybrid-dist-pipelined	naive	w400	1	0.136398	0.1223608	0.904	ok
powersim	hybrid-dist-pipelined	naive	w600	1	0.134744	0.1204222	0.915	ok
powersim	hybrid-dist-pipelined	naive	w800	1	0.132213	0.1303229	0.933	ok
powersim	hybrid-dist-pipelined	naive	w1000	1	0.132952	0.1343685	0.928	ok
powersim	hybrid-dist-pipelined	naive	w1200	1	0.132126	0.2230711	0.933	ok
powersim	hybrid-dist-pipelined	naive	w2000	1	0.133602	0.1819186	0.923	ok
powersim	mpi	patoh	w400	1	0.107703	0.1447832	1.145	ok
powersim	mpi	patoh	w600	1	0.113717	0.2238266	1.084	ok
powersim	mpi	patoh	w800	1	0.123207	0.1474155	1.001	ok
powersim	mpi	patoh	w1000	1	0.125812	1.191749	0.980	ok
powersim	mpi	patoh	w1200	1	0.121182	0.2367006	1.018	ok
powersim	mpi	patoh	w2000	1	0.129713	0.1196089	0.951	ok
powersim	mpi	naive	w400	1	0.130356	0.2245952	0.946	ok
powersim	mpi	naive	w600	1	0.13886	0.8895224	0.888	ok
powersim	mpi	naive	w800	1	0.140602	0.1376116	0.877	ok
powersim	mpi	naive	w1000	1	0.139734	0.6035224	0.883	ok
powersim	mpi	naive	w1200	1	0.139014	7.671379	0.887	ok
powersim	mpi	naive	w2000	1	0.138102	0.6952562	0.893	ok
powersim	mpi-gpu	patoh	w400	1	0.194673	0.1505	0.633	ok
powersim	mpi-gpu	patoh	w600	1	0.195327	0.3979063	0.631	ok
powersim	mpi-gpu	patoh	w800	1	0.196805	4.11781	0.627	ok
powersim	mpi-gpu	patoh	w1000	1	0.191801	0.140787	0.643	ok
powersim	mpi-gpu	patoh	w1200	1	0.191923	0.1245096	0.643	ok
powersim	mpi-gpu	patoh	w2000	1	0.192653	0.1290921	0.640	ok
powersim	mpi-gpu	naive	w400	1	0.204705	0.5149476	0.602	ok
powersim	mpi-gpu	naive	w600	1	0.204176	0.1411026	0.604	ok
powersim	mpi-gpu	naive	w800	1	0.204743	0.1852964	0.602	ok
powersim	mpi-gpu	naive	w1000	1	0.203305	0.605168	0.607	ok
powersim	mpi-gpu	naive	w1200	1	0.202751	0.1409606	0.608	ok
powersim	mpi-gpu	naive	w2000	1	0.203769	0.5705151	0.605	ok
