matrix	solver	part_src	weight	threads	spmv_time	relative_residual	speedup_vs_gpu	status
Freescale2	cpu	-	-	16	13.365482	0.01539329	0.062	ok
Freescale2	gpu	-	-	1	0.828852		1.0	ok
Freescale2	gpu-dp	-	-	1	0.662942	0.003011599	1.25	ok
Freescale2	gpu-pipelined	-	-	1	1.249079	0.00316383	0.664	ok
Freescale2	hybrid-async	naive	w100	4	2.81883	0.003033827	0.294	ok
Freescale2	hybrid-async	naive	w1000	4	1.091409	0.003121375	0.759	ok
Freescale2	hybrid-async	naive	w1100	4	1.051547		0.788	ok
Freescale2	hybrid-async	naive	w1200	4	1.014706	0.002947614	0.817	ok
Freescale2	hybrid-async	naive	w2000	4	0.94412	0.00302526	0.878	ok
Freescale2	hybrid-async	naive	w2720	4	0.904968		0.916	ok
Freescale2	hybrid-async	naive	w400	4	1.536744	0.003104312	0.539	ok
Freescale2	hybrid-async	naive	w500	4	1.390486	0.003526435	0.596	ok
Freescale2	hybrid-async	naive	w600	4	1.284859	0.00311105	0.645	ok
Freescale2	hybrid-async	naive	w700	4	1.210304	0.003035822	0.685	ok
Freescale2	hybrid-async	naive	w800	4	1.166267	0.0031026	0.711	ok
Freescale2	hybrid-async	naive	w900	4	1.097375	0.003077696	0.755	ok
Freescale2	hybrid-async	patoh	w100	4	2.766867	0.003128454	0.3	ok
Freescale2	hybrid-async	patoh	w1000	4	1.050694	0.003011808	0.789	ok
Freescale2	hybrid-async	patoh	w1100	4	1.009499	0.003030466	0.821	ok
Freescale2	hybrid-async	patoh	w1200	4	0.977327	0.003093988	0.848	ok
Freescale2	hybrid-async	patoh	w2000	4	0.932441	0.003102417	0.889	ok
Freescale2	hybrid-async	patoh	w2720	4	0.886452	0.003021529	0.935	ok
Freescale2	hybrid-async	patoh	w400	4	1.484889	0.008020437	0.558	ok
Freescale2	hybrid-async	patoh	w500	4	1.339338	0.008644209	0.619	ok
Freescale2	hybrid-async	patoh	w600	4	1.232996	0.002933025	0.672	ok
Freescale2	hybrid-async	patoh	w700	4	1.153877	0.003053394	0.718	ok
Freescale2	hybrid-async	patoh	w800	4	1.125213	0.003015459	0.737	ok
Freescale2	hybrid-async	patoh	w900	4	1.07501	0.00303064	0.771	ok
Freescale2	hybrid-async-dp	naive	w100	4	2.644453	0.003018683	0.313	ok
Freescale2	hybrid-async-dp	naive	w1000	4	0.921229	0.004606614	0.9	ok
Freescale2	hybrid-async-dp	naive	w1100	4	0.860696		0.963	ok
Freescale2	hybrid-async-dp	naive	w1200	4	0.843336	0.003410843	0.983	ok
Freescale2	hybrid-async-dp	naive	w2000	4	0.773513	0.003018159	1.072	ok
Freescale2	hybrid-async-dp	naive	w2720	4	0.732703	0.003002838	1.131	ok
Freescale2	hybrid-async-dp	naive	w400	4	1.379219	0.003913697	0.601	ok
Freescale2	hybrid-async-dp	naive	w500	4	1.216465	0.003236898	0.681	ok
Freescale2	hybrid-async-dp	naive	w600	4	1.111964		0.745	ok
Freescale2	hybrid-async-dp	naive	w700	4	1.042971	0.004312101	0.795	ok
Freescale2	hybrid-async-dp	naive	w800	4	0.995175	0.003182452	0.833	ok
Freescale2	hybrid-async-dp	naive	w900	4	0.939303	0.003882461	0.882	ok
Freescale2	hybrid-async-dp	patoh	w100	4	2.611646	0.003050851	0.317	ok
Freescale2	hybrid-async-dp	patoh	w1000	4	0.882851		0.939	ok
Freescale2	hybrid-async-dp	patoh	w1100	4	0.839628	0.003171633	0.987	ok
Freescale2	hybrid-async-dp	patoh	w1200	4	0.821858	0.003048703	1.009	ok
Freescale2	hybrid-async-dp	patoh	w2000	4	0.752584	0.003053362	1.101	ok
Freescale2	hybrid-async-dp	patoh	w2720	4	0.712303		1.164	ok
Freescale2	hybrid-async-dp	patoh	w400	4	1.311857		0.632	ok
Freescale2	hybrid-async-dp	patoh	w500	4	1.171064	0.003053436	0.708	ok
Freescale2	hybrid-async-dp	patoh	w600	4	1.065987	0.002848653	0.778	ok
Freescale2	hybrid-async-dp	patoh	w700	4	0.993055	0.003160723	0.835	ok
Freescale2	hybrid-async-dp	patoh	w800	4	0.940022	0.003048662	0.882	ok
Freescale2	hybrid-async-dp	patoh	w900	4	0.907831	0.003002942	0.913	ok
Freescale2	hybrid-dist-dp	naive	w100	4	4.016501	0.003235432	0.206	ok
Freescale2	hybrid-dist-dp	naive	w1000	4	0.696614	0.003375018	1.19	ok
Freescale2	hybrid-dist-dp	naive	w1100	4	0.698498	0.003344767	1.187	ok
Freescale2	hybrid-dist-dp	naive	w1200	4	0.699088	0.0031692	1.186	ok
Freescale2	hybrid-dist-dp	naive	w2000	1	0.71188	0.004574991	1.164	ok
Freescale2	hybrid-dist-dp	naive	w2720	2	0.71253	0.003026564	1.163	ok
Freescale2	hybrid-dist-dp	naive	w400	4	1.39603	0.003352778	0.594	ok
Freescale2	hybrid-dist-dp	naive	w500	4	1.133162	0.003108286	0.731	ok
Freescale2	hybrid-dist-dp	naive	w600	4	0.964054	0.003057948	0.86	ok
Freescale2	hybrid-dist-dp	naive	w700	4	0.840527	0.003181406	0.986	ok
Freescale2	hybrid-dist-dp	naive	w800	4	0.750315	0.003343637	1.105	ok
Freescale2	hybrid-dist-dp	naive	w900	4	0.708419	0.002991888	1.17	ok
Freescale2	hybrid-dist-dp	patoh	w100	4	3.617158	0.003369321	0.229	ok
Freescale2	hybrid-dist-dp	patoh	w1000	4	0.685052	0.003327376	1.21	ok
Freescale2	hybrid-dist-dp	patoh	w1100	4	0.683873	0.00336238	1.212	ok
Freescale2	hybrid-dist-dp	patoh	w1200	2	0.675611	0.00301823	1.227	ok
Freescale2	hybrid-dist-dp	patoh	w2000	1	0.684492	0.003099242	1.211	ok
Freescale2	hybrid-dist-dp	patoh	w2720	1	0.69102	0.03573114	1.199	ok
Freescale2	hybrid-dist-dp	patoh	w400	4	1.214161	0.003091903	0.683	ok
Freescale2	hybrid-dist-dp	patoh	w500	4	0.962882	0.01873605	0.861	ok
Freescale2	hybrid-dist-dp	patoh	w600	4	0.778863	0.005523264	1.064	ok
Freescale2	hybrid-dist-dp	patoh	w700	4	0.706672	0.00701966	1.173	ok
Freescale2	hybrid-dist-dp	patoh	w800	4	0.695387	0.003371889	1.192	ok
Freescale2	hybrid-dist-dp	patoh	w900	4	0.694179	0.004823675	1.194	ok
Freescale2	hybrid-dist-pipelined	naive	w100	4	5.424493	0.003600144	0.153	ok
Freescale2	hybrid-dist-pipelined	naive	w1000	4	0.985891	0.01415256	0.841	ok
Freescale2	hybrid-dist-pipelined	naive	w1100	4	0.971663	0.007534776	0.853	ok
Freescale2	hybrid-dist-pipelined	naive	w1200	4	0.969172	0.005812221	0.855	ok
Freescale2	hybrid-dist-pipelined	naive	w2000	1	0.98427	0.007323344	0.842	ok
Freescale2	hybrid-dist-pipelined	naive	w2720	2	0.986658	0.003420835	0.84	ok
Freescale2	hybrid-dist-pipelined	naive	w400	4	1.974961	0.003853356	0.42	ok
Freescale2	hybrid-dist-pipelined	naive	w500	4	1.603031	0.003311672	0.517	ok
Freescale2	hybrid-dist-pipelined	naive	w600	4	1.364216	0.02263669	0.608	ok
Freescale2	hybrid-dist-pipelined	naive	w700	4	1.234981	0.003294326	0.671	ok
Freescale2	hybrid-dist-pipelined	naive	w800	4	1.101604	0.006996089	0.752	ok
Freescale2	hybrid-dist-pipelined	naive	w900	4	1.021293	0.003366562	0.812	ok
Freescale2	hybrid-dist-pipelined	patoh	w100	4	4.887612	0.006980966	0.17	ok
Freescale2	hybrid-dist-pipelined	patoh	w1000	4	0.953355	0.003597382	0.869	ok
Freescale2	hybrid-dist-pipelined	patoh	w1100	4	0.954853	0.003410169	0.868	ok
Freescale2	hybrid-dist-pipelined	patoh	w1200	4	0.950819	0.004800414	0.872	ok
Freescale2	hybrid-dist-pipelined	patoh	w2000	1	0.955533	0.003384365	0.867	ok
Freescale2	hybrid-dist-pipelined	patoh	w2720	4	0.962301	0.003016574	0.861	ok
Freescale2	hybrid-dist-pipelined	patoh	w400	4	1.718466		0.482	ok
Freescale2	hybrid-dist-pipelined	patoh	w500	4	1.37582	0.01681919	0.602	ok
Freescale2	hybrid-dist-pipelined	patoh	w600	4	1.154564	0.006761069	0.718	ok
Freescale2	hybrid-dist-pipelined	patoh	w700	4	1.030919	0.00356423	0.804	ok
Freescale2	hybrid-dist-pipelined	patoh	w800	4	0.967666	0.008111725	0.857	ok
Freescale2	hybrid-dist-pipelined	patoh	w900	4	0.962681	0.004724885	0.861	ok
Freescale2	mpi	naive	w100	1	11.680115	0.006463342	0.071	ok
Freescale2	mpi	naive	w1000	1	14.102656	0.006902245	0.059	ok
Freescale2	mpi	naive	w1100	1	14.123336	0.03575972	0.059	ok
Freescale2	mpi	naive	w1200	1	14.172707	0.007053982	0.058	ok
Freescale2	mpi	naive	w2000	1	14.305816	0.02366655	0.058	ok
Freescale2	mpi	naive	w2720	1	14.274323	0.0120584	0.058	ok
Freescale2	mpi	naive	w400	1	13.351744	0.01023557	0.062	ok
Freescale2	mpi	naive	w500	1	13.604395	0.004509826	0.061	ok
Freescale2	mpi	naive	w600	1	13.755125	0.005216037	0.06	ok
Freescale2	mpi	naive	w700	1	13.851611	0.06087748	0.06	ok
Freescale2	mpi	naive	w800	1	13.907902	0.003586396	0.06	ok
Freescale2	mpi	naive	w900	1	13.994317	0.003304837	0.059	ok
Freescale2	mpi	patoh	w100	1	9.621172	0.003857124	0.086	ok
Freescale2	mpi	patoh	w1000	1	13.710369	0.003395058	0.06	ok
Freescale2	mpi	patoh	w1100	1	13.751871	0.003579597	0.06	ok
Freescale2	mpi	patoh	w1200	1	13.836732	0.003731149	0.06	ok
Freescale2	mpi	patoh	w2000	1	13.959879	0.003408219	0.059	ok
Freescale2	mpi	patoh	w2720	1	13.995312	0.01860174	0.059	ok
Freescale2	mpi	patoh	w400	1	12.786581	0.01004237	0.065	ok
Freescale2	mpi	patoh	w500	1	13.093049	0.0044231	0.063	ok
Freescale2	mpi	patoh	w600	1	13.240347	0.003399046	0.063	ok
Freescale2	mpi	patoh	w700	1	13.438637	0.009185104	0.062	ok
Freescale2	mpi	patoh	w800	1	13.525464	0.003358017	0.061	ok
Freescale2	mpi	patoh	w900	1	13.631785	0.01033032	0.061	ok
Freescale2	mpi-gpu	naive	w100	1	9.369197	0.003309809	0.088	ok
Freescale2	mpi-gpu	naive	w1000	1	2.048024	0.003273817	0.405	ok
Freescale2	mpi-gpu	naive	w1100	1	2.007276	0.003342813	0.413	ok
Freescale2	mpi-gpu	naive	w1200	1	1.966898	0.006100649	0.421	ok
Freescale2	mpi-gpu	naive	w2000	1	1.806991	0.003453227	0.459	ok
Freescale2	mpi-gpu	naive	w2720	1	1.772286	0.002976	0.468	ok
Freescale2	mpi-gpu	naive	w400	1	3.722346	0.004596966	0.223	ok
Freescale2	mpi-gpu	naive	w500	1	3.052081	0.004024794	0.272	ok
Freescale2	mpi-gpu	naive	w600	1	2.628824	0.01855696	0.315	ok
Freescale2	mpi-gpu	naive	w700	1	2.275294	0.003667591	0.364	ok
Freescale2	mpi-gpu	naive	w800	1	2.137499	0.003342736	0.388	ok
Freescale2	mpi-gpu	naive	w900	1	2.122276	0.003383027	0.391	ok
Freescale2	mpi-gpu	patoh	w100	1	7.262222	0.003314199	0.114	ok
Freescale2	mpi-gpu	patoh	w1000	1	1.774995	0.003087374	0.467	ok
Freescale2	mpi-gpu	patoh	w1100	1	1.742384	0.004090206	0.476	ok
Freescale2	mpi-gpu	patoh	w1200	1	1.703747	0.003055724	0.486	ok
Freescale2	mpi-gpu	patoh	w2000	1	1.632771	0.1479366	0.508	ok
Freescale2	mpi-gpu	patoh	w2720	1	1.639306	0.003244465	0.506	ok
Freescale2	mpi-gpu	patoh	w400	1	2.898754	0.009342464	0.286	ok
Freescale2	mpi-gpu	patoh	w500	1	2.390386	0.003397514	0.347	ok
Freescale2	mpi-gpu	patoh	w600	1	2.051583	0.003109365	0.404	ok
Freescale2	mpi-gpu	patoh	w700	1	1.844433	0.003348597	0.449	ok
Freescale2	mpi-gpu	patoh	w800	1	1.802191	0.01083128	0.46	ok
Freescale2	mpi-gpu	patoh	w900	1	1.780651	0.003319426	0.465	ok
Hamrle3	cpu	-	-	8	19.124986	70.69462	0.092	ok
Hamrle3	gpu	-	-	1	1.760048		1.0	ok
Hamrle3	gpu-dp	-	-	1	1.33052		1.323	ok
Hamrle3	gpu-pipelined	-	-	1	2.76492		0.637	ok
Hamrle3	hybrid-async	naive	w100	4	5.182377		0.34	ok
Hamrle3	hybrid-async	naive	w1000	4	2.546521		0.691	ok
Hamrle3	hybrid-async	naive	w1100	4	2.502988		0.703	ok
Hamrle3	hybrid-async	naive	w1200	4	2.467358		0.713	ok
Hamrle3	hybrid-async	naive	w2000	4	2.312013		0.761	ok
Hamrle3	hybrid-async	naive	w2720	4	2.23726		0.787	ok
Hamrle3	hybrid-async	naive	w400	4	3.18861		0.552	ok
Hamrle3	hybrid-async	naive	w500	4	2.966696		0.593	ok
Hamrle3	hybrid-async	naive	w600	4	2.82776		0.622	ok
Hamrle3	hybrid-async	naive	w700	4	2.724747		0.646	ok
Hamrle3	hybrid-async	naive	w800	4	2.6501		0.664	ok
Hamrle3	hybrid-async	naive	w900	4	2.592772		0.679	ok
Hamrle3	hybrid-async	patoh	w100	4	4.697086		0.375	ok
Hamrle3	hybrid-async	patoh	w1000	4	2.460468		0.715	ok
Hamrle3	hybrid-async	patoh	w1100	4	2.467257		0.713	ok
Hamrle3	hybrid-async	patoh	w1200	4	2.414925		0.729	ok
Hamrle3	hybrid-async	patoh	w2000	4	2.263841		0.777	ok
Hamrle3	hybrid-async	patoh	w2720	4	2.222083		0.792	ok
Hamrle3	hybrid-async	patoh	w400	4	2.862948		0.615	ok
Hamrle3	hybrid-async	patoh	w500	4	2.732611		0.644	ok
Hamrle3	hybrid-async	patoh	w600	4	2.633161		0.668	ok
Hamrle3	hybrid-async	patoh	w700	4	2.581718		0.682	ok
Hamrle3	hybrid-async	patoh	w800	4	2.565261		0.686	ok
Hamrle3	hybrid-async	patoh	w900	4	2.512176		0.701	ok
Hamrle3	hybrid-async-dp	naive	w100	4	4.643803		0.379	ok
Hamrle3	hybrid-async-dp	naive	w1000	4	2.111905		0.833	ok
Hamrle3	hybrid-async-dp	naive	w1100	4	2.064904		0.852	ok
Hamrle3	hybrid-async-dp	naive	w1200	4	2.036303		0.864	ok
Hamrle3	hybrid-async-dp	naive	w2000	4	1.879361		0.937	ok
Hamrle3	hybrid-async-dp	naive	w2720	4	1.808154		0.973	ok
Hamrle3	hybrid-async-dp	naive	w400	4	2.74316		0.642	ok
Hamrle3	hybrid-async-dp	naive	w500	4	2.524033		0.697	ok
Hamrle3	hybrid-async-dp	naive	w600	4	2.387353		0.737	ok
Hamrle3	hybrid-async-dp	naive	w700	4	2.291877		0.768	ok
Hamrle3	hybrid-async-dp	naive	w800	4	2.214454		0.795	ok
Hamrle3	hybrid-async-dp	naive	w900	4	2.155773		0.816	ok
Hamrle3	hybrid-async-dp	patoh	w100	4	4.306097		0.409	ok
Hamrle3	hybrid-async-dp	patoh	w1000	4	2.028971		0.867	ok
Hamrle3	hybrid-async-dp	patoh	w1100	4	2.03932		0.863	ok
Hamrle3	hybrid-async-dp	patoh	w1200	4	1.989274		0.885	ok
Hamrle3	hybrid-async-dp	patoh	w2000	4	1.839064		0.957	ok
Hamrle3	hybrid-async-dp	patoh	w2720	4	1.782673		0.987	ok
Hamrle3	hybrid-async-dp	patoh	w400	4	2.455792		0.717	ok
Hamrle3	hybrid-async-dp	patoh	w500	4	2.290741		0.768	ok
Hamrle3	hybrid-async-dp	patoh	w600	4	2.20313		0.799	ok
Hamrle3	hybrid-async-dp	patoh	w700	4	2.14378		0.821	ok
Hamrle3	hybrid-async-dp	patoh	w800	4	2.130053		0.826	ok
Hamrle3	hybrid-async-dp	patoh	w900	4	2.079311		0.846	ok
Hamrle3	hybrid-dist-dp	naive	w100	4	8.065324	130.2938	0.218	ok
Hamrle3	hybrid-dist-dp	naive	w1000	4	1.507118		1.168	ok
Hamrle3	hybrid-dist-dp	naive	w1100	4	1.500065		1.173	ok
Hamrle3	hybrid-dist-dp	naive	w1200	4	1.491307		1.18	ok
Hamrle3	hybrid-dist-dp	naive	w2000	4	1.446859		1.216	ok
Hamrle3	hybrid-dist-dp	naive	w2720	1	1.45108		1.213	ok
Hamrle3	hybrid-dist-dp	naive	w400	4	3.936898		0.447	ok
Hamrle3	hybrid-dist-dp	naive	w500	4	2.943639		0.598	ok
Hamrle3	hybrid-dist-dp	naive	w600	4	2.213034		0.795	ok
Hamrle3	hybrid-dist-dp	naive	w700	4	1.692089		1.04	ok
Hamrle3	hybrid-dist-dp	naive	w800	4	1.55638		1.131	ok
Hamrle3	hybrid-dist-dp	naive	w900	4	1.533476		1.148	ok
Hamrle3	hybrid-dist-dp	patoh	w100	4	6.669912		0.264	ok
Hamrle3	hybrid-dist-dp	patoh	w1000	4	1.545731		1.139	ok
Hamrle3	hybrid-dist-dp	patoh	w1100	4	1.545019		1.139	ok
Hamrle3	hybrid-dist-dp	patoh	w1200	4	1.535659		1.146	ok
Hamrle3	hybrid-dist-dp	patoh	w2000	4	1.511417		1.165	ok
Hamrle3	hybrid-dist-dp	patoh	w2720	2	1.486766		1.184	ok
Hamrle3	hybrid-dist-dp	patoh	w400	4	2.313178		0.761	ok
Hamrle3	hybrid-dist-dp	patoh	w500	4	1.74597		1.008	ok
Hamrle3	hybrid-dist-dp	patoh	w600	4	1.596459	76.07608	1.102	ok
Hamrle3	hybrid-dist-dp	patoh	w700	4	1.582915		1.112	ok
Hamrle3	hybrid-dist-dp	patoh	w800	4	1.578161		1.115	ok
Hamrle3	hybrid-dist-dp	patoh	w900	4	1.562857		1.126	ok
Hamrle3	hybrid-dist-pipelined	naive	w100	4	11.473264	89.17885	0.153	ok
Hamrle3	hybrid-dist-pipelined	naive	w1000	4	2.148102		0.819	ok
Hamrle3	hybrid-dist-pipelined	naive	w1100	4	2.143757		0.821	ok
Hamrle3	hybrid-dist-pipelined	naive	w1200	2	2.129469		0.827	ok
Hamrle3	hybrid-dist-pipelined	naive	w2000	2	2.105328		0.836	ok
Hamrle3	hybrid-dist-pipelined	naive	w2720	1	2.102012		0.837	ok
Hamrle3	hybrid-dist-pipelined	naive	w400	4	6.010884		0.293	ok
Hamrle3	hybrid-dist-pipelined	naive	w500	4	4.613531		0.381	ok
Hamrle3	hybrid-dist-pipelined	naive	w600	4	3.64057		0.483	ok
Hamrle3	hybrid-dist-pipelined	naive	w700	4	2.830257		0.622	ok
Hamrle3	hybrid-dist-pipelined	naive	w800	4	2.325566		0.757	ok
Hamrle3	hybrid-dist-pipelined	naive	w900	4	2.165132		0.813	ok
Hamrle3	hybrid-dist-pipelined	patoh	w100	4	9.609118		0.183	ok
Hamrle3	hybrid-dist-pipelined	patoh	w1000	2	2.216418		0.794	ok
Hamrle3	hybrid-dist-pipelined	patoh	w1100	2	2.217478		0.794	ok
Hamrle3	hybrid-dist-pipelined	patoh	w1200	2	2.200445		0.8	ok
Hamrle3	hybrid-dist-pipelined	patoh	w2000	1	2.175249		0.809	ok
Hamrle3	hybrid-dist-pipelined	patoh	w2720	1	2.152476		0.818	ok
Hamrle3	hybrid-dist-pipelined	patoh	w400	4	3.410866		0.516	ok
Hamrle3	hybrid-dist-pipelined	patoh	w500	4	2.666912		0.66	ok
Hamrle3	hybrid-dist-pipelined	patoh	w600	4	2.273151		0.774	ok
Hamrle3	hybrid-dist-pipelined	patoh	w700	4	2.255796		0.78	ok
Hamrle3	hybrid-dist-pipelined	patoh	w800	4	2.246763		0.783	ok
Hamrle3	hybrid-dist-pipelined	patoh	w900	4	2.239077		0.786	ok
Hamrle3	mpi	naive	w100	1	19.597546	731.6354	0.09	ok
Hamrle3	mpi	naive	w1000	1	20.205544		0.087	ok
Hamrle3	mpi	naive	w1100	1	20.26635	160.3646	0.087	ok
Hamrle3	mpi	naive	w1200	1	20.240511	114.1956	0.087	ok
Hamrle3	mpi	naive	w2000	1	20.080883	76.52936	0.088	ok
Hamrle3	mpi	naive	w2720	1	20.166648	237.6815	0.087	ok
Hamrle3	mpi	naive	w400	1	20.089285		0.088	ok
Hamrle3	mpi	naive	w500	1	20.337376	964.2504	0.087	ok
Hamrle3	mpi	naive	w600	1	20.243525	2.164363e+21	0.087	ok
Hamrle3	mpi	naive	w700	1	20.242856		0.087	ok
Hamrle3	mpi	naive	w800	1	20.264287	519.2224	0.087	ok
Hamrle3	mpi	naive	w900	1	20.355629		0.086	ok
Hamrle3	mpi	patoh	w100	1	18.941688	83.88029	0.093	ok
Hamrle3	mpi	patoh	w1000	1	20.749111	570.7464	0.085	ok
Hamrle3	mpi	patoh	w1100	1	20.591796	155.5075	0.085	ok
Hamrle3	mpi	patoh	w1200	1	20.72162	60.7484	0.085	ok
Hamrle3	mpi	patoh	w2000	1	20.498913	493.4886	0.086	ok
Hamrle3	mpi	patoh	w2720	1	20.507399	66.873	0.086	ok
Hamrle3	mpi	patoh	w400	1	20.877557	392.1193	0.084	ok
Hamrle3	mpi	patoh	w500	1	20.875102	115.8355	0.084	ok
Hamrle3	mpi	patoh	w600	1	20.725608		0.085	ok
Hamrle3	mpi	patoh	w700	1	20.86379	115.9205	0.084	ok
Hamrle3	mpi	patoh	w800	1	20.735375	615.0419	0.085	ok
Hamrle3	mpi	patoh	w900	1	20.800904		0.085	ok
Hamrle3	mpi-gpu	naive	w100	1	15.55377	67.61919	0.113	ok
Hamrle3	mpi-gpu	naive	w1000	1	4.469814		0.394	ok
Hamrle3	mpi-gpu	naive	w1100	1	4.24789		0.414	ok
Hamrle3	mpi-gpu	naive	w1200	1	4.104169		0.429	ok
Hamrle3	mpi-gpu	naive	w2000	1	3.688552		0.477	ok
Hamrle3	mpi-gpu	naive	w2720	1	3.644082		0.483	ok
Hamrle3	mpi-gpu	naive	w400	1	9.35794	243.7301	0.188	ok
Hamrle3	mpi-gpu	naive	w500	1	7.556446	101.8591	0.233	ok
Hamrle3	mpi-gpu	naive	w600	1	6.258559	89.49209	0.281	ok
Hamrle3	mpi-gpu	naive	w700	1	5.562787		0.316	ok
Hamrle3	mpi-gpu	naive	w800	1	5.115403		0.344	ok
Hamrle3	mpi-gpu	naive	w900	1	4.72614		0.372	ok
Hamrle3	mpi-gpu	patoh	w100	1	13.68154		0.129	ok
Hamrle3	mpi-gpu	patoh	w1000	1	3.994082		0.441	ok
Hamrle3	mpi-gpu	patoh	w1100	1	4.024999		0.437	ok
Hamrle3	mpi-gpu	patoh	w1200	1	3.949142		0.446	ok
Hamrle3	mpi-gpu	patoh	w2000	1	3.758714		0.468	ok
Hamrle3	mpi-gpu	patoh	w2720	1	3.743376		0.47	ok
Hamrle3	mpi-gpu	patoh	w400	1	6.594942		0.267	ok
Hamrle3	mpi-gpu	patoh	w500	1	5.607954		0.314	ok
Hamrle3	mpi-gpu	patoh	w600	1	4.885126		0.36	ok
Hamrle3	mpi-gpu	patoh	w700	1	4.532664		0.388	ok
Hamrle3	mpi-gpu	patoh	w800	1	4.400338	6482.762	0.4	ok
Hamrle3	mpi-gpu	patoh	w900	1	4.1876		0.42	ok
ML_Geer	cpu	-	-	8	21.357703	0.009860074	0.088	ok
ML_Geer	gpu	-	-	1	1.88411	0.009230208	1.0	ok
ML_Geer	gpu-dp	-	-	1	1.791001	0.01053933	1.052	ok
ML_Geer	gpu-pipelined	-	-	1	2.290206	0.008434724	0.823	ok
ML_Geer	hybrid-async	naive	w100	4	7.196534	0.01021589	0.262	ok
ML_Geer	hybrid-async	naive	w1000	4	1.73727	0.009272176	1.085	ok
ML_Geer	hybrid-async	naive	w1100	4	1.750477	0.009990879	1.076	ok
ML_Geer	hybrid-async	naive	w1200	2	1.744684	0.01066511	1.08	ok
ML_Geer	hybrid-async	naive	w2000	1	1.789635	0.01026519	1.053	ok
ML_Geer	hybrid-async	naive	w2720	1	1.809588	0.01010716	1.041	ok
ML_Geer	hybrid-async	naive	w400	4	3.074354	0.009201575	0.613	ok
ML_Geer	hybrid-async	naive	w500	4	2.594514	0.01037664	0.726	ok
ML_Geer	hybrid-async	naive	w600	4	2.227094	0.009356491	0.846	ok
ML_Geer	hybrid-async	naive	w700	4	1.989136	0.009174113	0.947	ok
ML_Geer	hybrid-async	naive	w800	4	1.801523	0.01115138	1.046	ok
ML_Geer	hybrid-async	naive	w900	4	1.72057	0.01080037	1.095	ok
ML_Geer	hybrid-async	patoh	w100	4	7.183239	0.01007467	0.262	ok
ML_Geer	hybrid-async	patoh	w1000	4	1.736469	0.008468635	1.085	ok
ML_Geer	hybrid-async	patoh	w1100	4	1.74688	0.00796096	1.079	ok
ML_Geer	hybrid-async	patoh	w1200	2	1.76394	0.00885301	1.068	ok
ML_Geer	hybrid-async	patoh	w2000	4	1.808706	0.00867271	1.042	ok
ML_Geer	hybrid-async	patoh	w2720	2	1.826345	0.01009445	1.032	ok
ML_Geer	hybrid-async	patoh	w400	4	3.026335	0.009517061	0.623	ok
ML_Geer	hybrid-async	patoh	w500	4	2.545956	0.009172606	0.74	ok
ML_Geer	hybrid-async	patoh	w600	4	2.232593	0.01015556	0.844	ok
ML_Geer	hybrid-async	patoh	w700	4	1.846249	0.01066153	1.021	ok
ML_Geer	hybrid-async	patoh	w800	4	1.809403	0.009741968	1.041	ok
ML_Geer	hybrid-async	patoh	w900	4	1.723037	0.009618942	1.093	ok
ML_Geer	hybrid-async-dp	naive	w100	4	7.235278	0.008824606	0.26	ok
ML_Geer	hybrid-async-dp	naive	w1000	4	1.640842	0.01021784	1.148	ok
ML_Geer	hybrid-async-dp	naive	w1100	4	1.657308	0.008874699	1.137	ok
ML_Geer	hybrid-async-dp	naive	w1200	2	1.675335	0.009431508	1.125	ok
ML_Geer	hybrid-async-dp	naive	w2000	2	1.712069	0.009534362	1.1	ok
ML_Geer	hybrid-async-dp	naive	w2720	2	1.725532	0.01004586	1.092	ok
ML_Geer	hybrid-async-dp	naive	w400	4	2.942787	0.01017798	0.64	ok
ML_Geer	hybrid-async-dp	naive	w500	4	2.481647	0.009612537	0.759	ok
ML_Geer	hybrid-async-dp	naive	w600	4	2.1416	0.0105102	0.88	ok
ML_Geer	hybrid-async-dp	naive	w700	4	1.898392	0.00835068	0.992	ok
ML_Geer	hybrid-async-dp	naive	w800	4	1.718077	0.01111144	1.097	ok
ML_Geer	hybrid-async-dp	naive	w900	4	1.632134	0.008827662	1.154	ok
ML_Geer	hybrid-async-dp	patoh	w100	4	7.127214	0.009795553	0.264	ok
ML_Geer	hybrid-async-dp	patoh	w1000	4	1.636491	0.00861937	1.151	ok
ML_Geer	hybrid-async-dp	patoh	w1100	4	1.655516	0.009995168	1.138	ok
ML_Geer	hybrid-async-dp	patoh	w1200	2	1.68111	0.01079072	1.121	ok
ML_Geer	hybrid-async-dp	patoh	w2000	4	1.723869	0.0102838	1.093	ok
ML_Geer	hybrid-async-dp	patoh	w2720	2	1.738119	0.009505679	1.084	ok
ML_Geer	hybrid-async-dp	patoh	w400	4	2.955503	0.008650971	0.637	ok
ML_Geer	hybrid-async-dp	patoh	w500	4	2.477408	0.008941172	0.761	ok
ML_Geer	hybrid-async-dp	patoh	w600	4	2.168335	0.009249842	0.869	ok
ML_Geer	hybrid-async-dp	patoh	w700	4	1.794898	0.01024185	1.05	ok
ML_Geer	hybrid-async-dp	patoh	w800	4	1.705655	0.009362088	1.105	ok
ML_Geer	hybrid-async-dp	patoh	w900	4	1.624646	0.009477538	1.16	ok
ML_Geer	hybrid-dist-dp	naive	w100	4	7.774721	0.008102065	0.242	ok
ML_Geer	hybrid-dist-dp	naive	w1000	4	1.669736	0.008977387	1.128	ok
ML_Geer	hybrid-dist-dp	naive	w1100	2	1.670706	0.009439338	1.128	ok
ML_Geer	hybrid-dist-dp	naive	w1200	4	1.684561	0.008995635	1.118	ok
ML_Geer	hybrid-dist-dp	naive	w2000	2	1.725955	0.009042242	1.092	ok
ML_Geer	hybrid-dist-dp	naive	w2720	1	1.751276	0.008307283	1.076	ok
ML_Geer	hybrid-dist-dp	naive	w400	4	2.759544	0.008965028	0.683	ok
ML_Geer	hybrid-dist-dp	naive	w500	4	2.283422	0.01004586	0.825	ok
ML_Geer	hybrid-dist-dp	naive	w600	4	1.951556	0.008448404	0.965	ok
ML_Geer	hybrid-dist-dp	naive	w700	4	1.696767	0.009666926	1.11	ok
ML_Geer	hybrid-dist-dp	naive	w800	4	1.631206	0.008779308	1.155	ok
ML_Geer	hybrid-dist-dp	naive	w900	4	1.6433	0.01073987	1.147	ok
ML_Geer	hybrid-dist-dp	patoh	w100	4	7.736485	0.009790877	0.244	ok
ML_Geer	hybrid-dist-dp	patoh	w1000	2	1.664881	0.008923595	1.132	ok
ML_Geer	hybrid-dist-dp	patoh	w1100	2	1.673118	0.0105647	1.126	ok
ML_Geer	hybrid-dist-dp	patoh	w1200	2	1.690698	0.008854529	1.114	ok
ML_Geer	hybrid-dist-dp	patoh	w2000	2	1.741549	0.01011579	1.082	ok
ML_Geer	hybrid-dist-dp	patoh	w2720	4	1.766663	0.008105363	1.066	ok
ML_Geer	hybrid-dist-dp	patoh	w400	4	2.757329	0.01098645	0.683	ok
ML_Geer	hybrid-dist-dp	patoh	w500	4	2.288859	0.01023419	0.823	ok
ML_Geer	hybrid-dist-dp	patoh	w600	4	1.986142	0.009728606	0.949	ok
ML_Geer	hybrid-dist-dp	patoh	w700	4	1.649907	0.01124334	1.142	ok
ML_Geer	hybrid-dist-dp	patoh	w800	4	1.645331	0.0101099	1.145	ok
ML_Geer	hybrid-dist-dp	patoh	w900	4	1.671305	0.008557367	1.127	ok
ML_Geer	hybrid-dist-pipelined	naive	w100	4	9.192022	0.01121517	0.205	ok
ML_Geer	hybrid-dist-pipelined	naive	w1000	4	1.997341	0.008864352	0.943	ok
ML_Geer	hybrid-dist-pipelined	naive	w1100	2	2.004559	0.009865519	0.94	ok
ML_Geer	hybrid-dist-pipelined	naive	w1200	4	2.021068	0.01012811	0.932	ok
ML_Geer	hybrid-dist-pipelined	naive	w2000	2	2.0682	0.01008285	0.911	ok
ML_Geer	hybrid-dist-pipelined	naive	w2720	2	2.088896	0.009991418	0.902	ok
ML_Geer	hybrid-dist-pipelined	naive	w400	4	3.425652	0.009677235	0.55	ok
ML_Geer	hybrid-dist-pipelined	naive	w500	4	2.699682	0.007888616	0.698	ok
ML_Geer	hybrid-dist-pipelined	naive	w600	4	2.33111	0.009936946	0.808	ok
ML_Geer	hybrid-dist-pipelined	naive	w700	4	2.09573	0.01050154	0.899	ok
ML_Geer	hybrid-dist-pipelined	naive	w800	4	1.969156	0.009788837	0.957	ok
ML_Geer	hybrid-dist-pipelined	naive	w900	4	1.980373	0.01048574	0.951	ok
ML_Geer	hybrid-dist-pipelined	patoh	w100	4	9.187842	0.00925154	0.205	ok
ML_Geer	hybrid-dist-pipelined	patoh	w1000	4	1.992251	0.01043369	0.946	ok
ML_Geer	hybrid-dist-pipelined	patoh	w1100	2	2.013877	0.01107536	0.936	ok
ML_Geer	hybrid-dist-pipelined	patoh	w1200	2	2.02091	0.008965585	0.932	ok
ML_Geer	hybrid-dist-pipelined	patoh	w2000	4	2.085172	0.01070083	0.904	ok
ML_Geer	hybrid-dist-pipelined	patoh	w2720	2	2.109335	0.01006067	0.893	ok
ML_Geer	hybrid-dist-pipelined	patoh	w400	4	3.456534	0.00933582	0.545	ok
ML_Geer	hybrid-dist-pipelined	patoh	w500	4	2.854574	0.01093886	0.66	ok
ML_Geer	hybrid-dist-pipelined	patoh	w600	4	2.365065	0.01020951	0.797	ok
ML_Geer	hybrid-dist-pipelined	patoh	w700	4	1.979335	0.007624348	0.952	ok
ML_Geer	hybrid-dist-pipelined	patoh	w800	4	1.962836	0.01025895	0.96	ok
ML_Geer	hybrid-dist-pipelined	patoh	w900	2	1.978045	0.009918999	0.953	ok
ML_Geer	mpi	naive	w100	1	15.725476	0.008976979	0.12	ok
ML_Geer	mpi	naive	w1000	1	22.543287	0.008492069	0.084	ok
ML_Geer	mpi	naive	w1100	1	22.597043	0.01053408	0.083	ok
ML_Geer	mpi	naive	w1200	1	22.754902	0.01021013	0.083	ok
ML_Geer	mpi	naive	w2000	1	23.243933	0.008982855	0.081	ok
ML_Geer	mpi	naive	w2720	1	23.464611	0.008923622	0.08	ok
ML_Geer	mpi	naive	w400	1	20.722507	0.01513432	0.091	ok
ML_Geer	mpi	naive	w500	1	21.378167	0.01014784	0.088	ok
ML_Geer	mpi	naive	w600	1	21.725749	0.01007677	0.087	ok
ML_Geer	mpi	naive	w700	1	22.00457	0.009611554	0.086	ok
ML_Geer	mpi	naive	w800	1	22.217164	0.009006562	0.085	ok
ML_Geer	mpi	naive	w900	1	22.477038	0.01003591	0.084	ok
ML_Geer	mpi	patoh	w100	1	15.526239	0.01022855	0.121	ok
ML_Geer	mpi	patoh	w1000	1	22.588877	0.01039705	0.083	ok
ML_Geer	mpi	patoh	w1100	1	22.707093	0.009743186	0.083	ok
ML_Geer	mpi	patoh	w1200	1	22.903077	0.01055943	0.082	ok
ML_Geer	mpi	patoh	w2000	1	23.466475	0.00936682	0.08	ok
ML_Geer	mpi	patoh	w2720	1	23.63704	0.009634564	0.08	ok
ML_Geer	mpi	patoh	w400	1	20.722454	0.01059861	0.091	ok
ML_Geer	mpi	patoh	w500	1	21.319597	0.01082234	0.088	ok
ML_Geer	mpi	patoh	w600	1	21.656695	0.009404492	0.087	ok
ML_Geer	mpi	patoh	w700	1	22.102704	0.01109035	0.085	ok
ML_Geer	mpi	patoh	w800	1	22.234673	0.009554316	0.085	ok
ML_Geer	mpi	patoh	w900	1	22.49596	0.009823534	0.084	ok
ML_Geer	mpi-gpu	naive	w100	1	12.023205	0.008650003	0.157	ok
ML_Geer	mpi-gpu	naive	w1000	1	2.472455	0.01024962	0.762	ok
ML_Geer	mpi-gpu	naive	w1100	1	2.175834	0.009417705	0.866	ok
ML_Geer	mpi-gpu	naive	w1200	1	1.983666	0.01044059	0.95	ok
ML_Geer	mpi-gpu	naive	w2000	1	1.940782	0.008401887	0.971	ok
ML_Geer	mpi-gpu	naive	w2720	1	1.959913	0.009056483	0.961	ok
ML_Geer	mpi-gpu	naive	w400	1	4.811552	0.009858627	0.392	ok
ML_Geer	mpi-gpu	naive	w500	1	4.023779	0.007701531	0.468	ok
ML_Geer	mpi-gpu	naive	w600	1	3.465314	0.009466915	0.544	ok
ML_Geer	mpi-gpu	naive	w700	1	3.063656	0.007245515	0.615	ok
ML_Geer	mpi-gpu	naive	w800	1	2.72654	0.009885326	0.691	ok
ML_Geer	mpi-gpu	naive	w900	1	2.478411	0.008376596	0.76	ok
ML_Geer	mpi-gpu	patoh	w100	1	11.99436	0.008785377	0.157	ok
ML_Geer	mpi-gpu	patoh	w1000	1	2.311559	0.01046772	0.815	ok
ML_Geer	mpi-gpu	patoh	w1100	1	2.09584	0.009234651	0.899	ok
ML_Geer	mpi-gpu	patoh	w1200	1	1.909347	0.01004729	0.987	ok
ML_Geer	mpi-gpu	patoh	w2000	1	1.951638	0.009616663	0.965	ok
ML_Geer	mpi-gpu	patoh	w2720	1	1.946526	0.009241333	0.968	ok
ML_Geer	mpi-gpu	patoh	w400	1	4.798579	0.01093736	0.393	ok
ML_Geer	mpi-gpu	patoh	w500	1	4.017107	0.008807674	0.469	ok
ML_Geer	mpi-gpu	patoh	w600	1	3.506807	0.009318775	0.537	ok
ML_Geer	mpi-gpu	patoh	w700	1	2.855778	0.008519587	0.66	ok
ML_Geer	mpi-gpu	patoh	w800	1	2.730596	0.009047275	0.69	ok
ML_Geer	mpi-gpu	patoh	w900	1	2.399882	0.01104256	0.785	ok
RM07R	cpu	-	-	8	7.575442	1.201902	0.084	ok
RM07R	gpu	-	-	1	0.638059		1.0	ok
RM07R	gpu-dp	-	-	1	0.612538		1.042	ok
RM07R	gpu-pipelined	-	-	1	0.771641		0.827	ok
RM07R	hybrid-async	naive	w100	4	2.311636		0.276	ok
RM07R	hybrid-async	naive	w1000	4	0.592504		1.077	ok
RM07R	hybrid-async	naive	w1100	2	0.589894	0.7627554	1.082	ok
RM07R	hybrid-async	naive	w1200	2	0.596015		1.071	ok
RM07R	hybrid-async	naive	w2000	1	0.609534		1.047	ok
RM07R	hybrid-async	naive	w2720	1	0.616239		1.035	ok
RM07R	hybrid-async	naive	w400	4	0.895964	0.7121777	0.712	ok
RM07R	hybrid-async	naive	w500	4	0.728089	0.6677199	0.876	ok
RM07R	hybrid-async	naive	w600	4	0.601176	0.6300985	1.061	ok
RM07R	hybrid-async	naive	w700	4	0.569512	0.6499195	1.12	ok
RM07R	hybrid-async	naive	w800	4	0.573716		1.112	ok
RM07R	hybrid-async	naive	w900	2	0.579298		1.101	ok
RM07R	hybrid-async	patoh	w100	4	2.31322		0.276	ok
RM07R	hybrid-async	patoh	w1000	2	0.585774	0.8298578	1.089	ok
RM07R	hybrid-async	patoh	w1100	4	0.588359		1.084	ok
RM07R	hybrid-async	patoh	w1200	4	0.589084	0.6802564	1.083	ok
RM07R	hybrid-async	patoh	w2000	1	0.605957		1.053	ok
RM07R	hybrid-async	patoh	w2720	1	0.614792		1.038	ok
RM07R	hybrid-async	patoh	w400	4	0.897455		0.711	ok
RM07R	hybrid-async	patoh	w500	4	0.758396	17.01812	0.841	ok
RM07R	hybrid-async	patoh	w600	4	0.607787	0.7203563	1.05	ok
RM07R	hybrid-async	patoh	w700	4	0.573584		1.112	ok
RM07R	hybrid-async	patoh	w800	4	0.57691	0.6373822	1.106	ok
RM07R	hybrid-async	patoh	w900	4	0.579762	0.5829232	1.101	ok
RM07R	hybrid-async-dp	naive	w100	4	2.274757		0.28	ok
RM07R	hybrid-async-dp	naive	w1000	2	0.564914	0.7416336	1.129	ok
RM07R	hybrid-async-dp	naive	w1100	2	0.567343	0.5723249	1.125	ok
RM07R	hybrid-async-dp	naive	w1200	4	0.567769		1.124	ok
RM07R	hybrid-async-dp	naive	w2000	4	0.587851	0.6472522	1.085	ok
RM07R	hybrid-async-dp	naive	w2720	4	0.590615		1.08	ok
RM07R	hybrid-async-dp	naive	w400	4	0.884101	0.6948329	0.722	ok
RM07R	hybrid-async-dp	naive	w500	4	0.717355	0.8431226	0.889	ok
RM07R	hybrid-async-dp	naive	w600	4	0.56005		1.139	ok
RM07R	hybrid-async-dp	naive	w700	4	0.54342		1.174	ok
RM07R	hybrid-async-dp	naive	w800	4	0.552342		1.155	ok
RM07R	hybrid-async-dp	naive	w900	4	0.556654		1.146	ok
RM07R	hybrid-async-dp	patoh	w100	4	2.268799	0.731063	0.281	ok
RM07R	hybrid-async-dp	patoh	w1000	2	0.557563		1.144	ok
RM07R	hybrid-async-dp	patoh	w1100	4	0.564448	1.129785	1.13	ok
RM07R	hybrid-async-dp	patoh	w1200	4	0.5642	0.8147012	1.131	ok
RM07R	hybrid-async-dp	patoh	w2000	2	0.579688		1.101	ok
RM07R	hybrid-async-dp	patoh	w2720	2	0.58747	0.6230171	1.086	ok
RM07R	hybrid-async-dp	patoh	w400	4	0.884418		0.721	ok
RM07R	hybrid-async-dp	patoh	w500	4	0.734428		0.869	ok
RM07R	hybrid-async-dp	patoh	w600	4	0.582168	0.8014877	1.096	ok
RM07R	hybrid-async-dp	patoh	w700	4	0.539119		1.184	ok
RM07R	hybrid-async-dp	patoh	w800	4	0.550509	1.376372	1.159	ok
RM07R	hybrid-async-dp	patoh	w900	2	0.555799	1.610558	1.148	ok
RM07R	hybrid-dist-dp	naive	w100	4	2.206979	0.3352975	0.289	ok
RM07R	hybrid-dist-dp	naive	w1000	4	0.578868	0.2566459	1.102	ok
RM07R	hybrid-dist-dp	naive	w1100	4	0.577508	2.930462	1.105	ok
RM07R	hybrid-dist-dp	naive	w1200	4	0.585226	0.7804494	1.09	ok
RM07R	hybrid-dist-dp	naive	w2000	1	0.596152		1.07	ok
RM07R	hybrid-dist-dp	naive	w2720	4	0.610414	0.9396335	1.045	ok
RM07R	hybrid-dist-dp	naive	w400	4	0.806199	0.2200663	0.791	ok
RM07R	hybrid-dist-dp	naive	w500	4	0.615775	0.1848586	1.036	ok
RM07R	hybrid-dist-dp	naive	w600	4	0.562051	0.717045	1.135	ok
RM07R	hybrid-dist-dp	naive	w700	4	0.563298	2.888337	1.133	ok
RM07R	hybrid-dist-dp	naive	w800	2	0.571094	0.756895	1.117	ok
RM07R	hybrid-dist-dp	naive	w900	2	0.573941	1.144814	1.112	ok
RM07R	hybrid-dist-dp	patoh	w100	4	2.322903	0.3321693	0.275	ok
RM07R	hybrid-dist-dp	patoh	w1000	4	0.625743	0.835348	1.02	ok
RM07R	hybrid-dist-dp	patoh	w1100	4	0.63581	0.773058	1.004	ok
RM07R	hybrid-dist-dp	patoh	w1200	4	0.630084	0.5667246	1.013	ok
RM07R	hybrid-dist-dp	patoh	w2000	4	0.632205	0.507751	1.009	ok
RM07R	hybrid-dist-dp	patoh	w2720	4	0.636473	3.02567	1.002	ok
RM07R	hybrid-dist-dp	patoh	w400	4	0.890434	17.64738	0.717	ok
RM07R	hybrid-dist-dp	patoh	w500	4	0.69506	0.1849017	0.918	ok
RM07R	hybrid-dist-dp	patoh	w600	4	0.602105	1.275272	1.06	ok
RM07R	hybrid-dist-dp	patoh	w700	4	0.610087	0.667938	1.046	ok
RM07R	hybrid-dist-dp	patoh	w800	4	0.620833	0.6618023	1.028	ok
RM07R	hybrid-dist-dp	patoh	w900	4	0.624614	0.965367	1.022	ok
RM07R	hybrid-dist-pipelined	naive	w100	4	2.685585	0.177181	0.238	ok
RM07R	hybrid-dist-pipelined	naive	w1000	4	0.680922	0.4052486	0.937	ok
RM07R	hybrid-dist-pipelined	naive	w1100	4	0.685421	0.6616341	0.931	ok
RM07R	hybrid-dist-pipelined	naive	w1200	4	0.69596	0.1861894	0.917	ok
RM07R	hybrid-dist-pipelined	naive	w2000	2	0.705604	0.7467786	0.904	ok
RM07R	hybrid-dist-pipelined	naive	w2720	1	0.708036	0.6783944	0.901	ok
RM07R	hybrid-dist-pipelined	naive	w400	4	0.960205	0.1985625	0.665	ok
RM07R	hybrid-dist-pipelined	naive	w500	4	0.76252	1.03023	0.837	ok
RM07R	hybrid-dist-pipelined	naive	w600	4	0.660081	0.4553363	0.967	ok
RM07R	hybrid-dist-pipelined	naive	w700	4	0.663514	0.2259699	0.962	ok
RM07R	hybrid-dist-pipelined	naive	w800	4	0.677102	0.3761065	0.942	ok
RM07R	hybrid-dist-pipelined	naive	w900	4	0.683163	5.675979	0.934	ok
RM07R	hybrid-dist-pipelined	patoh	w100	4	2.761523	0.1927581	0.231	ok
RM07R	hybrid-dist-pipelined	patoh	w1000	4	0.728337	0.3155175	0.876	ok
RM07R	hybrid-dist-pipelined	patoh	w1100	4	0.71484	0.2671743	0.893	ok
RM07R	hybrid-dist-pipelined	patoh	w1200	4	0.719661	0.2132695	0.887	ok
RM07R	hybrid-dist-pipelined	patoh	w2000	4	0.720335		0.886	ok
RM07R	hybrid-dist-pipelined	patoh	w2720	4	0.725554	2.893528	0.879	ok
RM07R	hybrid-dist-pipelined	patoh	w400	4	1.048648	0.8106352	0.608	ok
RM07R	hybrid-dist-pipelined	patoh	w500	4	0.860355	0.2408261	0.742	ok
RM07R	hybrid-dist-pipelined	patoh	w600	4	0.721754		0.884	ok
RM07R	hybrid-dist-pipelined	patoh	w700	4	0.692721	0.9240874	0.921	ok
RM07R	hybrid-dist-pipelined	patoh	w800	4	0.706984	0.7060008	0.903	ok
RM07R	hybrid-dist-pipelined	patoh	w900	4	0.699537	0.7689089	0.912	ok
RM07R	mpi	naive	w100	1	5.027165	0.2259129	0.127	ok
RM07R	mpi	naive	w1000	1	7.560499	0.2788816	0.084	ok
RM07R	mpi	naive	w1100	1	7.629954	0.3924304	0.084	ok
RM07R	mpi	naive	w1200	1	7.656601	0.1856318	0.083	ok
RM07R	mpi	naive	w2000	1	7.834125	0.459828	0.081	ok
RM07R	mpi	naive	w2720	1	7.912712	0.2343563	0.081	ok
RM07R	mpi	naive	w400	1	6.913673	0.2017716	0.092	ok
RM07R	mpi	naive	w500	1	7.09213	0.3452128	0.09	ok
RM07R	mpi	naive	w600	1	7.25838	0.434357	0.088	ok
RM07R	mpi	naive	w700	1	7.348992	0.2238643	0.087	ok
RM07R	mpi	naive	w800	1	7.450758	0.1678625	0.086	ok
RM07R	mpi	naive	w900	1	7.528935	0.2034873	0.085	ok
RM07R	mpi	patoh	w100	1	4.980703	0.2515062	0.128	ok
RM07R	mpi	patoh	w1000	1	7.387579	0.1851614	0.086	ok
RM07R	mpi	patoh	w1100	1	7.444381	2.771555	0.086	ok
RM07R	mpi	patoh	w1200	1	7.476868	0.2192939	0.085	ok
RM07R	mpi	patoh	w2000	1	7.643962	0.3258048	0.083	ok
RM07R	mpi	patoh	w2720	1	7.72113	0.2724539	0.083	ok
RM07R	mpi	patoh	w400	1	6.872106	0.1925714	0.093	ok
RM07R	mpi	patoh	w500	1	6.93395	6.278553	0.092	ok
RM07R	mpi	patoh	w600	1	7.091444	0.3272565	0.09	ok
RM07R	mpi	patoh	w700	1	7.197104	0.3777402	0.089	ok
RM07R	mpi	patoh	w800	1	7.270151	0.2633627	0.088	ok
RM07R	mpi	patoh	w900	1	7.349411	0.1986909	0.087	ok
RM07R	mpi-gpu	naive	w100	1	4.049316	0.1600502	0.158	ok
RM07R	mpi-gpu	naive	w1000	1	0.77507	0.3233662	0.823	ok
RM07R	mpi-gpu	naive	w1100	1	0.67778	0.2262033	0.941	ok
RM07R	mpi-gpu	naive	w1200	1	0.619734	1.154826	1.03	ok
RM07R	mpi-gpu	naive	w2000	1	0.619381	0.188857	1.03	ok
RM07R	mpi-gpu	naive	w2720	1	0.61914		1.031	ok
RM07R	mpi-gpu	naive	w400	1	1.658389	1.018637	0.385	ok
RM07R	mpi-gpu	naive	w500	1	1.362641	0.2161679	0.468	ok
RM07R	mpi-gpu	naive	w600	1	1.181418	0.8152763	0.54	ok
RM07R	mpi-gpu	naive	w700	1	1.080789	0.723634	0.59	ok
RM07R	mpi-gpu	naive	w800	1	0.92633	0.2005721	0.689	ok
RM07R	mpi-gpu	naive	w900	1	0.829008	1.044117	0.77	ok
RM07R	mpi-gpu	patoh	w100	1	4.119961	0.2040489	0.155	ok
RM07R	mpi-gpu	patoh	w1000	1	0.776497	0.3077498	0.822	ok
RM07R	mpi-gpu	patoh	w1100	1	0.745554	0.7930855	0.856	ok
RM07R	mpi-gpu	patoh	w1200	1	0.664717	0.483884	0.96	ok
RM07R	mpi-gpu	patoh	w2000	1	0.622407		1.025	ok
RM07R	mpi-gpu	patoh	w2720	1	0.622026	0.7579706	1.026	ok
RM07R	mpi-gpu	patoh	w400	1	1.707242	3.367617	0.374	ok
RM07R	mpi-gpu	patoh	w500	1	1.50877	0.4801951	0.423	ok
RM07R	mpi-gpu	patoh	w600	1	1.224231	0.4777233	0.521	ok
RM07R	mpi-gpu	patoh	w700	1	1.088466	0.2043184	0.586	ok
RM07R	mpi-gpu	patoh	w800	1	1.000131	0.786392	0.638	ok
RM07R	mpi-gpu	patoh	w900	1	0.840361	2.860155	0.759	ok
Transport	cpu	-	-	8	7.468851	0.000121572	0.086	ok
Transport	gpu	-	-	1	0.643907	0.001630993	1.0	ok
Transport	gpu-dp	-	-	1	0.545554	0.000105497	1.18	ok
Transport	gpu-pipelined	-	-	1	0.893703	0.0001202657	0.72	ok
Transport	hybrid-async	naive	w100	4	2.065763	0.0001107921	0.312	ok
Transport	hybrid-async	naive	w1000	4	0.612761	0.0001289331	1.051	ok
Transport	hybrid-async	naive	w1100	4	0.610906	0.0001054914	1.054	ok
Transport	hybrid-async	naive	w1200	4	0.617392	0.00010665	1.043	ok
Transport	hybrid-async	naive	w2000	2	0.625427	0.0001040496	1.03	ok
Transport	hybrid-async	naive	w2720	4	0.626879	0.000103096	1.027	ok
Transport	hybrid-async	naive	w400	4	0.953171	0.0001068929	0.676	ok
Transport	hybrid-async	naive	w500	4	0.84848	0.0001186151	0.759	ok
Transport	hybrid-async	naive	w600	4	0.756586	0.0001043264	0.851	ok
Transport	hybrid-async	naive	w700	4	0.674934	0.000139928	0.954	ok
Transport	hybrid-async	naive	w800	4	0.646105	0.0001182662	0.997	ok
Transport	hybrid-async	naive	w900	4	0.623506	0.0001301346	1.033	ok
Transport	hybrid-async	patoh	w100	4	2.066257	0.000104019	0.312	ok
Transport	hybrid-async	patoh	w1000	4	0.62224	0.0001234556	1.035	ok
Transport	hybrid-async	patoh	w1100	4	0.610086	0.0001238649	1.055	ok
Transport	hybrid-async	patoh	w1200	4	0.612267	0.0001114613	1.052	ok
Transport	hybrid-async	patoh	w2000	2	0.62381	0.0001107141	1.032	ok
Transport	hybrid-async	patoh	w2720	4	0.63035	0.0001025571	1.022	ok
Transport	hybrid-async	patoh	w400	4	0.972156	0.0001304877	0.662	ok
Transport	hybrid-async	patoh	w500	4	0.842526	0.0001121582	0.764	ok
Transport	hybrid-async	patoh	w600	4	0.75109	0.0001039982	0.857	ok
Transport	hybrid-async	patoh	w700	4	0.691451	0.0001088899	0.931	ok
Transport	hybrid-async	patoh	w800	4	0.632127	0.0001039276	1.019	ok
Transport	hybrid-async	patoh	w900	4	0.609444	0.0001237348	1.057	ok
Transport	hybrid-async-dp	naive	w100	4	1.942929	0.0001230516	0.331	ok
Transport	hybrid-async-dp	naive	w1000	4	0.513421	0.0001020851	1.254	ok
Transport	hybrid-async-dp	naive	w1100	4	0.513503	0.000102882	1.254	ok
Transport	hybrid-async-dp	naive	w1200	4	0.518517	0.0001076955	1.242	ok
Transport	hybrid-async-dp	naive	w2000	2	0.528401	0.0001081545	1.219	ok
Transport	hybrid-async-dp	naive	w2720	1	0.5331	0.0001116243	1.208	ok
Transport	hybrid-async-dp	naive	w400	4	0.858373	0.0001198927	0.75	ok
Transport	hybrid-async-dp	naive	w500	4	0.738355	0.0001246679	0.872	ok
Transport	hybrid-async-dp	naive	w600	4	0.64247	0.0001227368	1.002	ok
Transport	hybrid-async-dp	naive	w700	4	0.584612	0.000120092	1.101	ok
Transport	hybrid-async-dp	naive	w800	4	0.517084	0.00010936	1.245	ok
Transport	hybrid-async-dp	naive	w900	4	0.514818	0.0001054729	1.251	ok
Transport	hybrid-async-dp	patoh	w100	4	1.965712	0.000115559	0.328	ok
Transport	hybrid-async-dp	patoh	w1000	4	0.515748	0.0001238342	1.248	ok
Transport	hybrid-async-dp	patoh	w1100	4	0.519315	0.0001342395	1.24	ok
Transport	hybrid-async-dp	patoh	w1200	4	0.518174	0.0001015955	1.243	ok
Transport	hybrid-async-dp	patoh	w2000	2	0.527621	0.0001010957	1.22	ok
Transport	hybrid-async-dp	patoh	w2720	2	0.536408	0.0001106068	1.2	ok
Transport	hybrid-async-dp	patoh	w400	4	0.885672	0.0001150544	0.727	ok
Transport	hybrid-async-dp	patoh	w500	4	0.745153	0.0001009378	0.864	ok
Transport	hybrid-async-dp	patoh	w600	4	0.646742	0.0001044574	0.996	ok
Transport	hybrid-async-dp	patoh	w700	4	0.587636	0.0001176516	1.096	ok
Transport	hybrid-async-dp	patoh	w800	4	0.543413	0.0001126122	1.185	ok
Transport	hybrid-async-dp	patoh	w900	4	0.514239	0.0001159414	1.252	ok
Transport	hybrid-dist-dp	naive	w100	4	2.339911	0.0001036304	0.275	ok
Transport	hybrid-dist-dp	naive	w1000	4	0.540603	0.0001080123	1.191	ok
Transport	hybrid-dist-dp	naive	w1100	1	0.5415	0.0001088566	1.189	ok
Transport	hybrid-dist-dp	naive	w1200	2	0.542659	0.0001172072	1.187	ok
Transport	hybrid-dist-dp	naive	w2000	4	0.555993	0.0001079231	1.158	ok
Transport	hybrid-dist-dp	naive	w2720	1	0.56406	0.0001376106	1.142	ok
Transport	hybrid-dist-dp	naive	w400	4	0.716262	0.0001041779	0.899	ok
Transport	hybrid-dist-dp	naive	w500	4	0.590235	0.0001063511	1.091	ok
Transport	hybrid-dist-dp	naive	w600	4	0.529503	0.000102504	1.216	ok
Transport	hybrid-dist-dp	naive	w700	4	0.533755	0.0001027003	1.206	ok
Transport	hybrid-dist-dp	naive	w800	4	0.537425	0.000117225	1.198	ok
Transport	hybrid-dist-dp	naive	w900	4	0.539217	0.0001152635	1.194	ok
Transport	hybrid-dist-dp	patoh	w100	4	2.350165	0.0001126023	0.274	ok
Transport	hybrid-dist-dp	patoh	w1000	4	0.535101	0.0001253444	1.203	ok
Transport	hybrid-dist-dp	patoh	w1100	4	0.537187	0.0001056823	1.199	ok
Transport	hybrid-dist-dp	patoh	w1200	4	0.536541	0.0001206342	1.2	ok
Transport	hybrid-dist-dp	patoh	w2000	4	0.553099	0.0001209436	1.164	ok
Transport	hybrid-dist-dp	patoh	w2720	1	0.565922	9.567241e-05	1.138	ok
Transport	hybrid-dist-dp	patoh	w400	4	0.724436	0.0001144655	0.889	ok
Transport	hybrid-dist-dp	patoh	w500	4	0.589155	0.0001074903	1.093	ok
Transport	hybrid-dist-dp	patoh	w600	4	0.526632	0.0001214767	1.223	ok
Transport	hybrid-dist-dp	patoh	w700	4	0.526139	9.986294e-05	1.224	ok
Transport	hybrid-dist-dp	patoh	w800	2	0.531958	0.0001116405	1.21	ok
Transport	hybrid-dist-dp	patoh	w900	2	0.535663	0.0001129499	1.202	ok
Transport	hybrid-dist-pipelined	naive	w100	4	3.086798	0.0001093412	0.209	ok
Transport	hybrid-dist-pipelined	naive	w1000	4	0.711757	0.0001198935	0.905	ok
Transport	hybrid-dist-pipelined	naive	w1100	4	0.709999	0.0001124837	0.907	ok
Transport	hybrid-dist-pipelined	naive	w1200	2	0.711021	0.000128748	0.906	ok
Transport	hybrid-dist-pipelined	naive	w2000	2	0.729216	0.0001159207	0.883	ok
Transport	hybrid-dist-pipelined	naive	w2720	4	0.735639	0.0001017132	0.875	ok
Transport	hybrid-dist-pipelined	naive	w400	4	0.995955	0.0001219054	0.647	ok
Transport	hybrid-dist-pipelined	naive	w500	4	0.846208	0.0001040064	0.761	ok
Transport	hybrid-dist-pipelined	naive	w600	4	0.71149	0.0001195734	0.905	ok
Transport	hybrid-dist-pipelined	naive	w700	4	0.700022	0.0001145747	0.92	ok
Transport	hybrid-dist-pipelined	naive	w800	4	0.704089	0.0001122977	0.915	ok
Transport	hybrid-dist-pipelined	naive	w900	2	0.710786	0.0001203788	0.906	ok
Transport	hybrid-dist-pipelined	patoh	w100	4	3.094781	0.0001040838	0.208	ok
Transport	hybrid-dist-pipelined	patoh	w1000	4	0.701396	0.0001079824	0.918	ok
Transport	hybrid-dist-pipelined	patoh	w1100	4	0.707072	0.0001096576	0.911	ok
Transport	hybrid-dist-pipelined	patoh	w1200	2	0.709802	0.0001184926	0.907	ok
Transport	hybrid-dist-pipelined	patoh	w2000	2	0.721254	0.0001141452	0.893	ok
Transport	hybrid-dist-pipelined	patoh	w2720	2	0.736706	0.0001445488	0.874	ok
Transport	hybrid-dist-pipelined	patoh	w400	4	1.008551	0.0001140301	0.638	ok
Transport	hybrid-dist-pipelined	patoh	w500	4	0.824533	0.0001219525	0.781	ok
Transport	hybrid-dist-pipelined	patoh	w600	4	0.712013	0.0001122626	0.904	ok
Transport	hybrid-dist-pipelined	patoh	w700	4	0.697258	0.0001046532	0.923	ok
Transport	hybrid-dist-pipelined	patoh	w800	2	0.700314	0.00011554	0.919	ok
Transport	hybrid-dist-pipelined	patoh	w900	4	0.702897	0.0001312875	0.916	ok
Transport	mpi	naive	w100	1	5.673871	0.0001288031	0.113	ok
Transport	mpi	naive	w1000	1	7.443725	0.0001176617	0.087	ok
Transport	mpi	naive	w1100	1	7.524471	0.0001006983	0.086	ok
Transport	mpi	naive	w1200	1	7.562942	0.000112057	0.085	ok
Transport	mpi	naive	w2000	1	7.62158	0.0001062546	0.084	ok
Transport	mpi	naive	w2720	1	7.596558	0.0001175918	0.085	ok
Transport	mpi	naive	w400	1	6.968254	9.994962e-05	0.092	ok
Transport	mpi	naive	w500	1	7.165511	0.0001084707	0.09	ok
Transport	mpi	naive	w600	1	7.253771	0.0001052553	0.089	ok
Transport	mpi	naive	w700	1	7.310609	0.0001026649	0.088	ok
Transport	mpi	naive	w800	1	7.37966	0.0001158004	0.087	ok
Transport	mpi	naive	w900	1	7.391504	0.0001160346	0.087	ok
Transport	mpi	patoh	w100	1	5.621438	0.0001166118	0.115	ok
Transport	mpi	patoh	w1000	1	7.426007	0.0001212608	0.087	ok
Transport	mpi	patoh	w1100	1	7.471261	0.0001159112	0.086	ok
Transport	mpi	patoh	w1200	1	7.541724	0.0001206788	0.085	ok
Transport	mpi	patoh	w2000	1	7.536599	0.0001119064	0.085	ok
Transport	mpi	patoh	w2720	1	7.696662	0.0001058375	0.084	ok
Transport	mpi	patoh	w400	1	6.889317	0.0001445594	0.093	ok
Transport	mpi	patoh	w500	1	7.104427	9.816528e-05	0.091	ok
Transport	mpi	patoh	w600	1	7.326767	9.805376e-05	0.088	ok
Transport	mpi	patoh	w700	1	7.27976	0.0001256348	0.088	ok
Transport	mpi	patoh	w800	1	7.396617	0.0001005835	0.087	ok
Transport	mpi	patoh	w900	1	7.441895	0.0001016752	0.087	ok
Transport	mpi-gpu	naive	w100	1	3.905844	0.000102593	0.165	ok
Transport	mpi-gpu	naive	w1000	1	1.004719	0.0001078195	0.641	ok
Transport	mpi-gpu	naive	w1100	1	1.00182	0.0001100048	0.643	ok
Transport	mpi-gpu	naive	w1200	1	1.001236	0.0001249058	0.643	ok
Transport	mpi-gpu	naive	w2000	1	0.967623	0.0001178734	0.665	ok
Transport	mpi-gpu	naive	w2720	1	0.975346	0.0001078959	0.66	ok
Transport	mpi-gpu	naive	w400	1	1.606837	0.0001215721	0.401	ok
Transport	mpi-gpu	naive	w500	1	1.414223	0.000127839	0.455	ok
Transport	mpi-gpu	naive	w600	1	1.224647	0.0001241966	0.526	ok
Transport	mpi-gpu	naive	w700	1	1.084568	0.0001067992	0.594	ok
Transport	mpi-gpu	naive	w800	1	1.033961	0.0001248563	0.623	ok
Transport	mpi-gpu	naive	w900	1	1.010969	0.0001266593	0.637	ok
Transport	mpi-gpu	patoh	w100	1	3.856991	0.000121954	0.167	ok
Transport	mpi-gpu	patoh	w1000	1	0.969318	9.68118e-05	0.664	ok
Transport	mpi-gpu	patoh	w1100	1	0.96644	0.0001030314	0.666	ok
Transport	mpi-gpu	patoh	w1200	1	0.959055	0.0001172317	0.671	ok
Transport	mpi-gpu	patoh	w2000	1	0.944611	0.0001168028	0.682	ok
Transport	mpi-gpu	patoh	w2720	1	0.963426	0.0001253445	0.668	ok
Transport	mpi-gpu	patoh	w400	1	1.591962	9.978025e-05	0.404	ok
Transport	mpi-gpu	patoh	w500	1	1.323438	0.0001059843	0.487	ok
Transport	mpi-gpu	patoh	w600	1	1.180066	0.0001190009	0.546	ok
Transport	mpi-gpu	patoh	w700	1	1.035962	0.0001261955	0.622	ok
Transport	mpi-gpu	patoh	w800	1	0.990423	0.0001248731	0.65	ok
Transport	mpi-gpu	patoh	w900	1	0.978682	0.0001034927	0.658	ok
cage14	cpu	-	-	16	8.382401	3.141804e-16	0.082	ok
cage14	gpu	-	-	1	0.684722	2.675817e-16	1.0	ok
cage14	gpu-dp	-	-	1	0.594359	2.1547e-16	1.152	ok
cage14	gpu-pipelined	-	-	1	0.933206	1.532555e-16	0.734	ok
cage14	hybrid-async	naive	w100	4	2.238266	3.045686e-16	0.306	ok
cage14	hybrid-async	naive	w1000	4	0.648596	2.776438e-16	1.056	ok
cage14	hybrid-async	naive	w1100	4	0.656033	2.765501e-16	1.044	ok
cage14	hybrid-async	naive	w1200	4	0.653845	2.75904e-16	1.047	ok
cage14	hybrid-async	naive	w2000	2	0.669877	2.724978e-16	1.022	ok
cage14	hybrid-async	naive	w2720	4	0.669895	2.707389e-16	1.022	ok
cage14	hybrid-async	naive	w400	4	1.044214	2.898962e-16	0.656	ok
cage14	hybrid-async	naive	w500	4	0.887053	2.853809e-16	0.772	ok
cage14	hybrid-async	naive	w600	4	0.806591	2.828743e-16	0.849	ok
cage14	hybrid-async	naive	w700	4	0.732909	2.811099e-16	0.934	ok
cage14	hybrid-async	naive	w800	4	0.6658	2.793125e-16	1.028	ok
cage14	hybrid-async	naive	w900	4	0.645316	2.785133e-16	1.061	ok
cage14	hybrid-async	patoh	w100	4	2.329363	2.754045e-16	0.294	ok
cage14	hybrid-async	patoh	w1000	4	0.649197	2.680795e-16	1.055	ok
cage14	hybrid-async	patoh	w1100	4	0.654579	2.682995e-16	1.046	ok
cage14	hybrid-async	patoh	w1200	4	0.657506	2.684556e-16	1.041	ok
cage14	hybrid-async	patoh	w2000	2	0.666856	2.679721e-16	1.027	ok
cage14	hybrid-async	patoh	w2720	4	0.672067	2.676588e-16	1.019	ok
cage14	hybrid-async	patoh	w400	4	1.050268	2.698559e-16	0.652	ok
cage14	hybrid-async	patoh	w500	4	0.904443	2.695605e-16	0.757	ok
cage14	hybrid-async	patoh	w600	4	0.8171	2.69095e-16	0.838	ok
cage14	hybrid-async	patoh	w700	4	0.733507	2.687411e-16	0.933	ok
cage14	hybrid-async	patoh	w800	4	0.675595	2.68991e-16	1.014	ok
cage14	hybrid-async	patoh	w900	4	0.648281	2.684322e-16	1.056	ok
cage14	hybrid-async-dp	naive	w100	4	2.152853	2.597329e-16	0.318	ok
cage14	hybrid-async-dp	naive	w1000	4	0.564218	2.273397e-16	1.214	ok
cage14	hybrid-async-dp	naive	w1100	4	0.567426	2.264365e-16	1.207	ok
cage14	hybrid-async-dp	naive	w1200	4	0.565769	2.254802e-16	1.21	ok
cage14	hybrid-async-dp	naive	w2000	2	0.576078	2.212554e-16	1.189	ok
cage14	hybrid-async-dp	naive	w2720	2	0.577562	2.191421e-16	1.186	ok
cage14	hybrid-async-dp	naive	w400	4	0.941432	2.423598e-16	0.727	ok
cage14	hybrid-async-dp	naive	w500	4	0.804797	2.370293e-16	0.851	ok
cage14	hybrid-async-dp	naive	w600	4	0.702408	2.336309e-16	0.975	ok
cage14	hybrid-async-dp	naive	w700	4	0.641804	2.315563e-16	1.067	ok
cage14	hybrid-async-dp	naive	w800	4	0.581916	2.297531e-16	1.177	ok
cage14	hybrid-async-dp	naive	w900	4	0.553867	2.284416e-16	1.236	ok
cage14	hybrid-async-dp	patoh	w100	4	2.219485	2.249502e-16	0.309	ok
cage14	hybrid-async-dp	patoh	w1000	4	0.559329	2.159459e-16	1.224	ok
cage14	hybrid-async-dp	patoh	w1100	4	0.564462	2.159566e-16	1.213	ok
cage14	hybrid-async-dp	patoh	w1200	2	0.571388	2.160308e-16	1.198	ok
cage14	hybrid-async-dp	patoh	w2000	4	0.579473	2.157945e-16	1.182	ok
cage14	hybrid-async-dp	patoh	w2720	1	0.584341	2.155406e-16	1.172	ok
cage14	hybrid-async-dp	patoh	w400	4	0.963634	2.180437e-16	0.711	ok
cage14	hybrid-async-dp	patoh	w500	4	0.812124	2.174133e-16	0.843	ok
cage14	hybrid-async-dp	patoh	w600	4	0.715776	2.170671e-16	0.957	ok
cage14	hybrid-async-dp	patoh	w700	4	0.641167	2.163354e-16	1.068	ok
cage14	hybrid-async-dp	patoh	w800	4	0.586392	2.167452e-16	1.168	ok
cage14	hybrid-async-dp	patoh	w900	4	0.554785	2.161541e-16	1.234	ok
cage14	hybrid-dist-dp	naive	w100	4	2.46961	2.65191e-16	0.277	ok
cage14	hybrid-dist-dp	naive	w1000	2	0.603799	2.283192e-16	1.134	ok
cage14	hybrid-dist-dp	naive	w1100	4	0.603148	2.273921e-16	1.135	ok
cage14	hybrid-dist-dp	naive	w1200	4	0.604901	2.266987e-16	1.132	ok
cage14	hybrid-dist-dp	naive	w2000	1	0.619052	2.216808e-16	1.106	ok
cage14	hybrid-dist-dp	naive	w2720	1	0.622206	2.194381e-16	1.1	ok
cage14	hybrid-dist-dp	naive	w400	4	0.791974	2.447999e-16	0.865	ok
cage14	hybrid-dist-dp	naive	w500	4	0.664614	2.393711e-16	1.03	ok
cage14	hybrid-dist-dp	naive	w600	4	0.597238	2.354047e-16	1.146	ok
cage14	hybrid-dist-dp	naive	w700	4	0.583969	2.331321e-16	1.173	ok
cage14	hybrid-dist-dp	naive	w800	4	0.591758	2.313529e-16	1.157	ok
cage14	hybrid-dist-dp	naive	w900	2	0.60272	2.298013e-16	1.136	ok
cage14	hybrid-dist-dp	patoh	w100	4	2.72109	2.267474e-16	0.252	ok
cage14	hybrid-dist-dp	patoh	w1000	4	0.586059	2.162357e-16	1.168	ok
cage14	hybrid-dist-dp	patoh	w1100	2	0.589635	2.16193e-16	1.161	ok
cage14	hybrid-dist-dp	patoh	w1200	4	0.59078	2.16068e-16	1.159	ok
cage14	hybrid-dist-dp	patoh	w2000	1	0.604531	2.156517e-16	1.133	ok
cage14	hybrid-dist-dp	patoh	w2720	2	0.611105	2.156877e-16	1.12	ok
cage14	hybrid-dist-dp	patoh	w400	4	0.877068	2.185556e-16	0.781	ok
cage14	hybrid-dist-dp	patoh	w500	4	0.691511	2.180922e-16	0.99	ok
cage14	hybrid-dist-dp	patoh	w600	4	0.580049	2.172837e-16	1.18	ok
cage14	hybrid-dist-dp	patoh	w700	4	0.585108	2.167753e-16	1.17	ok
cage14	hybrid-dist-dp	patoh	w800	4	0.581179	2.171359e-16	1.178	ok
cage14	hybrid-dist-dp	patoh	w900	4	0.583402	2.162338e-16	1.174	ok
cage14	hybrid-dist-pipelined	naive	w100	4	3.159714	1.271155e-16	0.217	ok
cage14	hybrid-dist-pipelined	naive	w1000	4	0.771052	1.355305e-16	0.888	ok
cage14	hybrid-dist-pipelined	naive	w1100	2	0.77559	1.258092e-16	0.883	ok
cage14	hybrid-dist-pipelined	naive	w1200	4	0.779414	1.305463e-16	0.879	ok
cage14	hybrid-dist-pipelined	naive	w2000	1	0.792999	1.207327e-16	0.863	ok
cage14	hybrid-dist-pipelined	naive	w2720	4	0.798534	1.260747e-16	0.857	ok
cage14	hybrid-dist-pipelined	naive	w400	4	1.049829	1.224924e-16	0.652	ok
cage14	hybrid-dist-pipelined	naive	w500	4	0.887519	1.224816e-16	0.772	ok
cage14	hybrid-dist-pipelined	naive	w600	4	0.780979	1.220872e-16	0.877	ok
cage14	hybrid-dist-pipelined	naive	w700	4	0.759747	1.179985e-16	0.901	ok
cage14	hybrid-dist-pipelined	naive	w800	4	0.766288	1.250787e-16	0.894	ok
cage14	hybrid-dist-pipelined	naive	w900	4	0.767549	1.223834e-16	0.892	ok
cage14	hybrid-dist-pipelined	patoh	w100	4	3.548434	1.238031e-16	0.193	ok
cage14	hybrid-dist-pipelined	patoh	w1000	2	0.757387	1.276316e-16	0.904	ok
cage14	hybrid-dist-pipelined	patoh	w1100	4	0.756909	1.351611e-16	0.905	ok
cage14	hybrid-dist-pipelined	patoh	w1200	2	0.760487	1.202245e-16	0.9	ok
cage14	hybrid-dist-pipelined	patoh	w2000	2	0.771465	1.256268e-16	0.888	ok
cage14	hybrid-dist-pipelined	patoh	w2720	1	0.784425	1.291921e-16	0.873	ok
cage14	hybrid-dist-pipelined	patoh	w400	4	1.175057	9.703969000000001e-17	0.583	ok
cage14	hybrid-dist-pipelined	patoh	w500	4	0.94313	1.129124e-16	0.726	ok
cage14	hybrid-dist-pipelined	patoh	w600	4	0.77097	1.228461e-16	0.888	ok
cage14	hybrid-dist-pipelined	patoh	w700	4	0.749319	1.24612e-16	0.914	ok
cage14	hybrid-dist-pipelined	patoh	w800	4	0.752445	1.140414e-16	0.91	ok
cage14	hybrid-dist-pipelined	patoh	w900	2	0.753898	1.089199e-16	0.908	ok
cage14	mpi	naive	w100	1	6.431815	3.168584e-16	0.106	ok
cage14	mpi	naive	w1000	1	8.612045	3.172989e-16	0.08	ok
cage14	mpi	naive	w1100	1	8.640234	3.170969e-16	0.079	ok
cage14	mpi	naive	w1200	1	8.652098	3.167812e-16	0.079	ok
cage14	mpi	naive	w2000	1	8.760751	3.166221e-16	0.078	ok
cage14	mpi	naive	w2720	1	8.819916	3.16669e-16	0.078	ok
cage14	mpi	naive	w400	1	8.001364	3.164833e-16	0.086	ok
cage14	mpi	naive	w500	1	8.213131	3.175269e-16	0.083	ok
cage14	mpi	naive	w600	1	8.343404	3.182327e-16	0.082	ok
cage14	mpi	naive	w700	1	8.443646	3.179188e-16	0.081	ok
cage14	mpi	naive	w800	1	8.644923	3.175583e-16	0.079	ok
cage14	mpi	naive	w900	1	8.534151	3.173321e-16	0.08	ok
cage14	mpi	patoh	w100	1	6.347285	3.150938e-16	0.108	ok
cage14	mpi	patoh	w1000	1	8.594877	3.14413e-16	0.08	ok
cage14	mpi	patoh	w1100	1	8.61791	3.143156e-16	0.079	ok
cage14	mpi	patoh	w1200	1	8.637429	3.144175e-16	0.079	ok
cage14	mpi	patoh	w2000	1	8.730963	3.146831e-16	0.078	ok
cage14	mpi	patoh	w2720	1	8.758639	3.14394e-16	0.078	ok
cage14	mpi	patoh	w400	1	8.027139	3.145858e-16	0.085	ok
cage14	mpi	patoh	w500	1	8.24258	3.14339e-16	0.083	ok
cage14	mpi	patoh	w600	1	8.458016	3.144927e-16	0.081	ok
cage14	mpi	patoh	w700	1	8.456782	3.144472e-16	0.081	ok
cage14	mpi	patoh	w800	1	8.565969	3.145173e-16	0.08	ok
cage14	mpi	patoh	w900	1	8.567041	3.145248e-16	0.08	ok
cage14	mpi-gpu	naive	w100	1	4.535001	3.163243e-16	0.151	ok
cage14	mpi-gpu	naive	w1000	1	1.111145	3.135746e-16	0.616	ok
cage14	mpi-gpu	naive	w1100	1	1.105919	3.127579e-16	0.619	ok
cage14	mpi-gpu	naive	w1200	1	1.109003	3.132649e-16	0.617	ok
cage14	mpi-gpu	naive	w2000	1	1.059933	3.120428e-16	0.646	ok
cage14	mpi-gpu	naive	w2720	1	1.055173	3.122336e-16	0.649	ok
cage14	mpi-gpu	naive	w400	1	1.839527	3.139041e-16	0.372	ok
cage14	mpi-gpu	naive	w500	1	1.5874	3.147296e-16	0.431	ok
cage14	mpi-gpu	naive	w600	1	1.37333	3.147774e-16	0.499	ok
cage14	mpi-gpu	naive	w700	1	1.225635	3.140635e-16	0.559	ok
cage14	mpi-gpu	naive	w800	1	1.155097	3.136655e-16	0.593	ok
cage14	mpi-gpu	naive	w900	1	1.14212	3.134356e-16	0.6	ok
cage14	mpi-gpu	patoh	w100	1	4.87182	3.112968e-16	0.141	ok
cage14	mpi-gpu	patoh	w1000	1	1.073521	3.095431e-16	0.638	ok
cage14	mpi-gpu	patoh	w1100	1	1.058153	3.094773e-16	0.647	ok
cage14	mpi-gpu	patoh	w1200	1	1.058398	3.094423e-16	0.647	ok
cage14	mpi-gpu	patoh	w2000	1	1.023613	3.093665e-16	0.669	ok
cage14	mpi-gpu	patoh	w2720	1	1.031849	3.095502e-16	0.664	ok
cage14	mpi-gpu	patoh	w400	1	1.998417	3.0985e-16	0.343	ok
cage14	mpi-gpu	patoh	w500	1	1.657046	3.097241e-16	0.413	ok
cage14	mpi-gpu	patoh	w600	1	1.390462	3.098035e-16	0.492	ok
cage14	mpi-gpu	patoh	w700	1	1.277685	3.092166e-16	0.536	ok
cage14	mpi-gpu	patoh	w800	1	1.127942	3.094994e-16	0.607	ok
cage14	mpi-gpu	patoh	w900	1	1.103054	3.095831e-16	0.621	ok
cage15	cpu	-	-	4	30.389728	3.218281e-16	0.075	ok
cage15	gpu	-	-	1	2.280188	2.763451e-16	1.0	ok
cage15	gpu-dp	-	-	1	1.993195	2.208642e-16	1.144	ok
cage15	gpu-pipelined	-	-	1	3.113964	1.407714e-16	0.732	ok
cage15	hybrid-async	naive	w100	4	8.641559	3.114425e-16	0.264	ok
cage15	hybrid-async	naive	w1000	4	2.517746	2.873744e-16	0.906	ok
cage15	hybrid-async	naive	w1100	4	2.41404	2.860971e-16	0.945	ok
cage15	hybrid-async	naive	w1200	4	2.332063	2.850901e-16	0.978	ok
cage15	hybrid-async	naive	w2000	2	2.211766	2.810069e-16	1.031	ok
cage15	hybrid-async	naive	w2720	2	2.234281	2.798287e-16	1.021	ok
cage15	hybrid-async	naive	w400	4	4.187927	2.981953e-16	0.544	ok
cage15	hybrid-async	naive	w500	4	3.663102	2.951889e-16	0.622	ok
cage15	hybrid-async	naive	w600	4	3.28794	2.931297e-16	0.694	ok
cage15	hybrid-async	naive	w700	4	3.020334	2.914313e-16	0.755	ok
cage15	hybrid-async	naive	w800	4	2.806287	2.902412e-16	0.813	ok
cage15	hybrid-async	naive	w900	4	2.650142	2.88635e-16	0.86	ok
cage15	hybrid-async	patoh	w100	4	8.717859	3.107762e-16	0.262	ok
cage15	hybrid-async	patoh	w1000	4	2.498596	2.77059e-16	0.913	ok
cage15	hybrid-async	patoh	w1100	4	2.433366	2.768411e-16	0.937	ok
cage15	hybrid-async	patoh	w1200	4	2.329535	2.769867e-16	0.979	ok
cage15	hybrid-async	patoh	w2000	4	2.221098	2.765175e-16	1.027	ok
cage15	hybrid-async	patoh	w2720	2	2.244273	2.763599e-16	1.016	ok
cage15	hybrid-async	patoh	w400	4	4.225839	2.786982e-16	0.54	ok
cage15	hybrid-async	patoh	w500	4	3.759688	2.780171e-16	0.606	ok
cage15	hybrid-async	patoh	w600	4	3.341318	2.774623e-16	0.682	ok
cage15	hybrid-async	patoh	w700	4	3.064555	2.774553e-16	0.744	ok
cage15	hybrid-async	patoh	w800	4	2.865269	2.772503e-16	0.796	ok
cage15	hybrid-async	patoh	w900	4	2.665873	2.773229e-16	0.855	ok
cage15	hybrid-async-dp	naive	w100	4	8.424245	2.632926e-16	0.271	ok
cage15	hybrid-async-dp	naive	w1000	4	2.237119	2.344647e-16	1.019	ok
cage15	hybrid-async-dp	naive	w1100	4	2.144053	2.329155e-16	1.063	ok
cage15	hybrid-async-dp	naive	w1200	4	2.051677	2.316385e-16	1.111	ok
cage15	hybrid-async-dp	naive	w2000	4	1.937325	2.266897e-16	1.177	ok
cage15	hybrid-async-dp	naive	w2720	4	1.955625	2.252425e-16	1.166	ok
cage15	hybrid-async-dp	naive	w400	4	3.88727	2.475128e-16	0.587	ok
cage15	hybrid-async-dp	naive	w500	4	3.403149	2.438202e-16	0.67	ok
cage15	hybrid-async-dp	naive	w600	4	3.033583	2.414298e-16	0.752	ok
cage15	hybrid-async-dp	naive	w700	4	2.748629	2.393697e-16	0.83	ok
cage15	hybrid-async-dp	naive	w800	4	2.541484	2.379191e-16	0.897	ok
cage15	hybrid-async-dp	naive	w900	4	2.370146	2.360382e-16	0.962	ok
cage15	hybrid-async-dp	patoh	w100	4	8.464421	2.625079e-16	0.269	ok
cage15	hybrid-async-dp	patoh	w1000	4	2.223558	2.21923e-16	1.025	ok
cage15	hybrid-async-dp	patoh	w1100	4	2.158278	2.215946e-16	1.056	ok
cage15	hybrid-async-dp	patoh	w1200	4	2.041052	2.215207e-16	1.117	ok
cage15	hybrid-async-dp	patoh	w2000	4	1.951212	2.210237e-16	1.169	ok
cage15	hybrid-async-dp	patoh	w2720	1	1.97454	2.211766e-16	1.155	ok
cage15	hybrid-async-dp	patoh	w400	4	3.952793	2.238033e-16	0.577	ok
cage15	hybrid-async-dp	patoh	w500	4	3.494612	2.229775e-16	0.652	ok
cage15	hybrid-async-dp	patoh	w600	4	3.073478	2.221426e-16	0.742	ok
cage15	hybrid-async-dp	patoh	w700	4	2.800552	2.224302e-16	0.814	ok
cage15	hybrid-async-dp	patoh	w800	4	2.583706	2.218494e-16	0.883	ok
cage15	hybrid-async-dp	patoh	w900	4	2.387278	2.219045e-16	0.955	ok
cage15	hybrid-dist-dp	naive	w100	4	10.083335	2.686029e-16	0.226	ok
cage15	hybrid-dist-dp	naive	w1000	4	1.998495	2.360222e-16	1.141	ok
cage15	hybrid-dist-dp	naive	w1100	4	2.013857	2.342805e-16	1.132	ok
cage15	hybrid-dist-dp	naive	w1200	4	2.026012	2.328248e-16	1.125	ok
cage15	hybrid-dist-dp	naive	w2000	2	2.096454	2.275418e-16	1.088	ok
cage15	hybrid-dist-dp	naive	w2720	2	2.101242	2.258544e-16	1.085	ok
cage15	hybrid-dist-dp	naive	w400	4	3.84719	2.506182e-16	0.593	ok
cage15	hybrid-dist-dp	naive	w500	4	3.132074	2.463602e-16	0.728	ok
cage15	hybrid-dist-dp	naive	w600	4	2.634172	2.435487e-16	0.866	ok
cage15	hybrid-dist-dp	naive	w700	4	2.262901	2.413061e-16	1.008	ok
cage15	hybrid-dist-dp	naive	w800	4	2.061933	2.397151e-16	1.106	ok
cage15	hybrid-dist-dp	naive	w900	4	1.976065	2.376038e-16	1.154	ok
cage15	hybrid-dist-dp	patoh	w100	4	10.092269	2.673891e-16	0.226	ok
cage15	hybrid-dist-dp	patoh	w1000	4	1.982034	2.221888e-16	1.15	ok
cage15	hybrid-dist-dp	patoh	w1100	4	1.992499	2.217781e-16	1.144	ok
cage15	hybrid-dist-dp	patoh	w1200	4	1.973856	2.217503e-16	1.155	ok
cage15	hybrid-dist-dp	patoh	w2000	1	2.004867	2.211691e-16	1.137	ok
cage15	hybrid-dist-dp	patoh	w2720	1	2.033719	2.212148e-16	1.121	ok
cage15	hybrid-dist-dp	patoh	w400	4	4.300321	2.245227e-16	0.53	ok
cage15	hybrid-dist-dp	patoh	w500	4	3.589582	2.234857e-16	0.635	ok
cage15	hybrid-dist-dp	patoh	w600	4	2.897351	2.224447e-16	0.787	ok
cage15	hybrid-dist-dp	patoh	w700	4	2.46647	2.227015e-16	0.924	ok
cage15	hybrid-dist-dp	patoh	w800	4	2.202461	2.220943e-16	1.035	ok
cage15	hybrid-dist-dp	patoh	w900	4	2.000632	2.220919e-16	1.14	ok
cage15	hybrid-dist-pipelined	naive	w100	4	12.682928	1.116029e-16	0.18	ok
cage15	hybrid-dist-pipelined	naive	w1000	4	2.576898	9.282761000000001e-17	0.885	ok
cage15	hybrid-dist-pipelined	naive	w1100	4	2.600701	1.114826e-16	0.877	ok
cage15	hybrid-dist-pipelined	naive	w1200	4	2.61932	1.09058e-16	0.871	ok
cage15	hybrid-dist-pipelined	naive	w2000	2	2.704944	1.171014e-16	0.843	ok
cage15	hybrid-dist-pipelined	naive	w2720	1	2.715133	1.012797e-16	0.84	ok
cage15	hybrid-dist-pipelined	naive	w400	4	4.763225	1.15747e-16	0.479	ok
cage15	hybrid-dist-pipelined	naive	w500	4	4.026826	1.169369e-16	0.566	ok
cage15	hybrid-dist-pipelined	naive	w600	4	3.386379	1.086738e-16	0.673	ok
cage15	hybrid-dist-pipelined	naive	w700	4	2.954681	1.019046e-16	0.772	ok
cage15	hybrid-dist-pipelined	naive	w800	4	2.722305	1.207783e-16	0.838	ok
cage15	hybrid-dist-pipelined	naive	w900	4	2.614224	1.072216e-16	0.872	ok
cage15	hybrid-dist-pipelined	patoh	w100	4	12.718434	1.308435e-16	0.179	ok
cage15	hybrid-dist-pipelined	patoh	w1000	4	2.549572	1.153584e-16	0.894	ok
cage15	hybrid-dist-pipelined	patoh	w1100	4	2.562547	1.132216e-16	0.89	ok
cage15	hybrid-dist-pipelined	patoh	w1200	4	2.562636	9.680614000000001e-17	0.89	ok
cage15	hybrid-dist-pipelined	patoh	w2000	2	2.595626	1.114709e-16	0.878	ok
cage15	hybrid-dist-pipelined	patoh	w2720	4	2.628455	1.257895e-16	0.868	ok
cage15	hybrid-dist-pipelined	patoh	w400	4	5.482055	8.826956000000001e-17	0.416	ok
cage15	hybrid-dist-pipelined	patoh	w500	4	4.546979	1.138123e-16	0.501	ok
cage15	hybrid-dist-pipelined	patoh	w600	4	3.782151	1.171524e-16	0.603	ok
cage15	hybrid-dist-pipelined	patoh	w700	4	3.182843	1.176054e-16	0.716	ok
cage15	hybrid-dist-pipelined	patoh	w800	4	2.93739	1.152027e-16	0.776	ok
cage15	hybrid-dist-pipelined	patoh	w900	4	2.69157	1.029067e-16	0.847	ok
cage15	mpi	naive	w100	1	26.265985	3.247056e-16	0.087	ok
cage15	mpi	naive	w1000	1	32.592302	3.248239e-16	0.07	ok
cage15	mpi	naive	w1100	1	32.746548	3.252153e-16	0.07	ok
cage15	mpi	naive	w1200	1	32.85281	3.254275e-16	0.069	ok
cage15	mpi	naive	w2000	1	33.335419	3.247921e-16	0.068	ok
cage15	mpi	naive	w2720	1	33.375894	3.241905e-16	0.068	ok
cage15	mpi	naive	w400	1	30.874765	3.252751e-16	0.074	ok
cage15	mpi	naive	w500	1	31.609868	3.254327e-16	0.072	ok
cage15	mpi	naive	w600	1	31.69984	3.244877e-16	0.072	ok
cage15	mpi	naive	w700	1	31.970854	3.244541e-16	0.071	ok
cage15	mpi	naive	w800	1	32.103153	3.241702e-16	0.071	ok
cage15	mpi	naive	w900	1	32.337854	3.245372e-16	0.071	ok
cage15	mpi	patoh	w100	1	25.776061	3.230818e-16	0.088	ok
cage15	mpi	patoh	w1000	1	32.645828	3.221605e-16	0.07	ok
cage15	mpi	patoh	w1100	1	32.815451	3.221752e-16	0.069	ok
cage15	mpi	patoh	w1200	1	32.885355	3.219958e-16	0.069	ok
cage15	mpi	patoh	w2000	1	33.190429	3.21985e-16	0.069	ok
cage15	mpi	patoh	w2720	1	33.28144	3.218914e-16	0.069	ok
cage15	mpi	patoh	w400	1	30.935971	3.222066e-16	0.074	ok
cage15	mpi	patoh	w500	1	31.843334	3.222478e-16	0.072	ok
cage15	mpi	patoh	w600	1	31.980569	3.221453e-16	0.071	ok
cage15	mpi	patoh	w700	1	32.327824	3.221746e-16	0.071	ok
cage15	mpi	patoh	w800	1	32.587009	3.220942e-16	0.07	ok
cage15	mpi	patoh	w900	1	32.688412	3.220119e-16	0.07	ok
cage15	mpi-gpu	naive	w100	1	17.730397	3.238892e-16	0.129	ok
cage15	mpi-gpu	naive	w1000	1	4.219139	3.212972e-16	0.54	ok
cage15	mpi-gpu	naive	w1100	1	4.244912	3.217123e-16	0.537	ok
cage15	mpi-gpu	naive	w1200	1	4.261023	3.217704e-16	0.535	ok
cage15	mpi-gpu	naive	w2000	1	4.165758	3.210576e-16	0.547	ok
cage15	mpi-gpu	naive	w2720	1	3.979354	3.201009e-16	0.573	ok
cage15	mpi-gpu	naive	w400	1	7.323816	3.230618e-16	0.311	ok
cage15	mpi-gpu	naive	w500	1	6.431774	3.226648e-16	0.355	ok
cage15	mpi-gpu	naive	w600	1	5.426217	3.217226e-16	0.42	ok
cage15	mpi-gpu	naive	w700	1	4.81629	3.217287e-16	0.473	ok
cage15	mpi-gpu	naive	w800	1	4.353881	3.209696e-16	0.524	ok
cage15	mpi-gpu	naive	w900	1	4.187892	3.212546e-16	0.544	ok
cage15	mpi-gpu	patoh	w100	1	18.15204	3.219973e-16	0.126	ok
cage15	mpi-gpu	patoh	w1000	1	4.095457	3.174688e-16	0.557	ok
cage15	mpi-gpu	patoh	w1100	1	4.094688	3.173987e-16	0.557	ok
cage15	mpi-gpu	patoh	w1200	1	4.036584	3.177011e-16	0.565	ok
cage15	mpi-gpu	patoh	w2000	1	3.90913	3.175465e-16	0.583	ok
cage15	mpi-gpu	patoh	w2720	1	3.747737	3.173869e-16	0.608	ok
cage15	mpi-gpu	patoh	w400	1	7.689999	3.179287e-16	0.297	ok
cage15	mpi-gpu	patoh	w500	1	6.582767	3.177094e-16	0.346	ok
cage15	mpi-gpu	patoh	w600	1	5.625024	3.177304e-16	0.405	ok
cage15	mpi-gpu	patoh	w700	1	4.954337	3.177681e-16	0.46	ok
cage15	mpi-gpu	patoh	w800	1	4.582862	3.174201e-16	0.498	ok
cage15	mpi-gpu	patoh	w900	1	4.191454	3.175055e-16	0.544	ok
circuit5M	cpu	-	-	4	24.597997	0.01077898	0.073	ok
circuit5M	gpu	-	-	1	1.785869	0.01314685	1.0	ok
circuit5M	gpu-dp	-	-	1	1.489041	0.01032424	1.199	ok
circuit5M	gpu-pipelined	-	-	1	2.60598	0.01767902	0.685	ok
circuit5M	hybrid-async	naive	w100	4	7.137727	0.01616806	0.25	ok
circuit5M	hybrid-async	naive	w1000	4	2.400402	0.01649278	0.744	ok
circuit5M	hybrid-async	naive	w1100	4	2.321284	0.01525607	0.769	ok
circuit5M	hybrid-async	naive	w1200	4	2.239846	0.03660409	0.797	ok
circuit5M	hybrid-async	naive	w2000	4	1.91209	0.008318074	0.934	ok
circuit5M	hybrid-async	naive	w2720	4	1.791026	0.01166725	0.997	ok
circuit5M	hybrid-async	naive	w400	4	3.685811	0.009865552	0.485	ok
circuit5M	hybrid-async	naive	w500	4	3.298971	0.06541741	0.541	ok
circuit5M	hybrid-async	naive	w600	4	3.014414	0.03620738	0.592	ok
circuit5M	hybrid-async	naive	w700	4	2.801695	0.02638573	0.637	ok
circuit5M	hybrid-async	naive	w800	4	2.639238	0.01054334	0.677	ok
circuit5M	hybrid-async	naive	w900	4	2.507826	0.01152833	0.712	ok
circuit5M	hybrid-async	patoh	w100	2	7.730979	0.01382356	0.231	ok
circuit5M	hybrid-async	patoh	w1000	2	2.431802	0.01314274	0.734	ok
circuit5M	hybrid-async	patoh	w1100	4	2.188034	0.01500126	0.816	ok
circuit5M	hybrid-async	patoh	w1200	4	2.111551	0.008146488	0.846	ok
circuit5M	hybrid-async	patoh	w2000	4	1.797178	0.01300713	0.994	ok
circuit5M	hybrid-async	patoh	w2720	4	1.793331	0.01026272	0.996	ok
circuit5M	hybrid-async	patoh	w400	2	4.024698	0.00870035	0.444	ok
circuit5M	hybrid-async	patoh	w500	4	3.337263	0.04271154	0.535	ok
circuit5M	hybrid-async	patoh	w600	4	2.978978	0.01268028	0.599	ok
circuit5M	hybrid-async	patoh	w700	2	2.845573	0.01021953	0.628	ok
circuit5M	hybrid-async	patoh	w800	4	2.516194	0.02501356	0.71	ok
circuit5M	hybrid-async	patoh	w900	2	2.473044	0.01083897	0.722	ok
circuit5M	hybrid-async-dp	naive	w100	4	6.795053	0.009942545	0.263	ok
circuit5M	hybrid-async-dp	naive	w1000	4	2.109441	0.01078931	0.847	ok
circuit5M	hybrid-async-dp	naive	w1100	4	2.011872	0.02622623	0.888	ok
circuit5M	hybrid-async-dp	naive	w1200	4	1.934073	0.01144815	0.923	ok
circuit5M	hybrid-async-dp	naive	w2000	4	1.598184	0.00992226	1.117	ok
circuit5M	hybrid-async-dp	naive	w2720	4	1.491184	0.01406245	1.198	ok
circuit5M	hybrid-async-dp	naive	w400	4	3.402077	0.0523771	0.525	ok
circuit5M	hybrid-async-dp	naive	w500	4	2.999262	0.0104921	0.595	ok
circuit5M	hybrid-async-dp	naive	w600	4	2.711755	0.09720482	0.659	ok
circuit5M	hybrid-async-dp	naive	w700	4	2.502898	0.01245734	0.714	ok
circuit5M	hybrid-async-dp	naive	w800	4	2.339554	0.0261999	0.763	ok
circuit5M	hybrid-async-dp	naive	w900	4	2.203838	0.008437197	0.81	ok
circuit5M	hybrid-async-dp	patoh	w100	2	7.449367	0.03156857	0.24	ok
circuit5M	hybrid-async-dp	patoh	w1000	2	2.123416	0.01497418	0.841	ok
circuit5M	hybrid-async-dp	patoh	w1100	4	1.922358	0.01285403	0.929	ok
circuit5M	hybrid-async-dp	patoh	w1200	4	1.81728	0.009422409	0.983	ok
circuit5M	hybrid-async-dp	patoh	w2000	4	1.492435		1.197	ok
circuit5M	hybrid-async-dp	patoh	w2720	2	1.496681	0.01054406	1.193	ok
circuit5M	hybrid-async-dp	patoh	w400	2	3.714088	0.02484292	0.481	ok
circuit5M	hybrid-async-dp	patoh	w500	2	3.010974	0.009747529	0.593	ok
circuit5M	hybrid-async-dp	patoh	w600	4	2.642872	0.02208458	0.676	ok
circuit5M	hybrid-async-dp	patoh	w700	2	2.546142	0.03999057	0.701	ok
circuit5M	hybrid-async-dp	patoh	w800	4	2.204413	0.0946696	0.81	ok
circuit5M	hybrid-async-dp	patoh	w900	2	2.169075	0.008311631	0.823	ok
circuit5M	hybrid-dist-dp	naive	w100	4	11.376664	0.0093699	0.157	ok
circuit5M	hybrid-dist-dp	naive	w1000	4	1.875659	0.01067044	0.952	ok
circuit5M	hybrid-dist-dp	naive	w1100	4	1.772372	0.01888405	1.008	ok
circuit5M	hybrid-dist-dp	naive	w1200	4	1.707108	0.00892493	1.046	ok
circuit5M	hybrid-dist-dp	naive	w2000	4	1.531743	0.01272568	1.166	ok
circuit5M	hybrid-dist-dp	naive	w2720	2	1.517771	0.01971453	1.177	ok
circuit5M	hybrid-dist-dp	naive	w400	4	4.79918	0.0120704	0.372	ok
circuit5M	hybrid-dist-dp	naive	w500	4	3.898266	0.01754961	0.458	ok
circuit5M	hybrid-dist-dp	naive	w600	4	3.263414	0.008897859	0.547	ok
circuit5M	hybrid-dist-dp	naive	w700	4	2.720025	0.008590845	0.657	ok
circuit5M	hybrid-dist-dp	naive	w800	4	2.381008	0.009089394	0.75	ok
circuit5M	hybrid-dist-dp	naive	w900	4	2.07449	0.08282701	0.861	ok
circuit5M	hybrid-dist-dp	patoh	w100	2	9.832261	0.01643382	0.182	ok
circuit5M	hybrid-dist-dp	patoh	w1000	2	1.512524	0.01858912	1.181	ok
circuit5M	hybrid-dist-dp	patoh	w1100	4	1.488315	0.01392956	1.2	ok
circuit5M	hybrid-dist-dp	patoh	w1200	4	1.48568	0.01038097	1.202	ok
circuit5M	hybrid-dist-dp	patoh	w2000	1	1.527978	0.01029542	1.169	ok
circuit5M	hybrid-dist-dp	patoh	w2720	1	1.539854	0.03968741	1.16	ok
circuit5M	hybrid-dist-dp	patoh	w400	4	3.824892	0.1037537	0.467	ok
circuit5M	hybrid-dist-dp	patoh	w500	4	2.80577	0.01484441	0.636	ok
circuit5M	hybrid-dist-dp	patoh	w600	4	2.209067	0.03340388	0.808	ok
circuit5M	hybrid-dist-dp	patoh	w700	4	2.0289	0.08069969	0.88	ok
circuit5M	hybrid-dist-dp	patoh	w800	4	1.618256	0.01257933	1.104	ok
circuit5M	hybrid-dist-dp	patoh	w900	2	1.568959	0.01116283	1.138	ok
circuit5M	hybrid-dist-pipelined	naive	w100	4	15.956314	0.01121933	0.112	ok
circuit5M	hybrid-dist-pipelined	naive	w1000	4	2.752607	0.05866826	0.649	ok
circuit5M	hybrid-dist-pipelined	naive	w1100	4	2.568419	0.05932824	0.695	ok
circuit5M	hybrid-dist-pipelined	naive	w1200	4	2.392155	0.01055029	0.747	ok
circuit5M	hybrid-dist-pipelined	naive	w2000	4	2.074094	0.00988725	0.861	ok
circuit5M	hybrid-dist-pipelined	naive	w2720	1	2.058889	0.02445667	0.867	ok
circuit5M	hybrid-dist-pipelined	naive	w400	4	6.761817	0.008892252	0.264	ok
circuit5M	hybrid-dist-pipelined	naive	w500	4	5.57708	0.01332808	0.32	ok
circuit5M	hybrid-dist-pipelined	naive	w600	4	4.639627	0.2397258	0.385	ok
circuit5M	hybrid-dist-pipelined	naive	w700	4	3.94737	0.06739985	0.452	ok
circuit5M	hybrid-dist-pipelined	naive	w800	4	3.429212	0.02327287	0.521	ok
circuit5M	hybrid-dist-pipelined	naive	w900	4	3.06294	0.009241085	0.583	ok
circuit5M	hybrid-dist-pipelined	patoh	w100	4	13.252663	0.01022829	0.135	ok
circuit5M	hybrid-dist-pipelined	patoh	w1000	2	2.130749	0.01497513	0.838	ok
circuit5M	hybrid-dist-pipelined	patoh	w1100	4	2.03089	0.009050158	0.879	ok
circuit5M	hybrid-dist-pipelined	patoh	w1200	2	2.026049	0.01138273	0.881	ok
circuit5M	hybrid-dist-pipelined	patoh	w2000	2	2.082116	0.0112999	0.858	ok
circuit5M	hybrid-dist-pipelined	patoh	w2720	1	2.097691	0.03109894	0.851	ok
circuit5M	hybrid-dist-pipelined	patoh	w400	4	4.806508	0.01326541	0.372	ok
circuit5M	hybrid-dist-pipelined	patoh	w500	4	3.540774	0.0260914	0.504	ok
circuit5M	hybrid-dist-pipelined	patoh	w600	4	2.875907	0.01321268	0.621	ok
circuit5M	hybrid-dist-pipelined	patoh	w700	4	2.72022	0.01201254	0.657	ok
circuit5M	hybrid-dist-pipelined	patoh	w800	4	2.240076	0.01150807	0.797	ok
circuit5M	hybrid-dist-pipelined	patoh	w900	4	2.192936	0.02027993	0.814	ok
circuit5M	mpi	naive	w100	1	28.353507	0.07237362	0.063	ok
circuit5M	mpi	naive	w1000	1	26.224369	0.02759539	0.068	ok
circuit5M	mpi	naive	w1100	1	26.402095	0.07436602	0.068	ok
circuit5M	mpi	naive	w1200	1	26.357625	0.02749754	0.068	ok
circuit5M	mpi	naive	w2000	1	26.548667	0.05390767	0.067	ok
circuit5M	mpi	naive	w2720	1	26.561599	0.0164502	0.067	ok
circuit5M	mpi	naive	w400	1	26.077282	0.01069634	0.068	ok
circuit5M	mpi	naive	w500	1	26.115478	0.2639698	0.068	ok
circuit5M	mpi	naive	w600	1	26.16233	0.04288366	0.068	ok
circuit5M	mpi	naive	w700	1	26.36325	0.0101127	0.068	ok
circuit5M	mpi	naive	w800	1	26.220301	0.03082727	0.068	ok
circuit5M	mpi	naive	w900	1	26.258508	1.392269	0.068	ok
circuit5M	mpi	patoh	w100	1	21.49344	0.01877586	0.083	ok
circuit5M	mpi	patoh	w1000	1	25.923405	0.01044432	0.069	ok
circuit5M	mpi	patoh	w1100	1	26.042833	0.01196818	0.069	ok
circuit5M	mpi	patoh	w1200	1	26.078558	0.02281791	0.068	ok
circuit5M	mpi	patoh	w2000	1	26.398678	0.008304979	0.068	ok
circuit5M	mpi	patoh	w2720	1	26.597053	0.009182067	0.067	ok
circuit5M	mpi	patoh	w400	1	24.678981	0.01614769	0.072	ok
circuit5M	mpi	patoh	w500	1	25.170684	0.01045116	0.071	ok
circuit5M	mpi	patoh	w600	1	25.424981	0.01118502	0.07	ok
circuit5M	mpi	patoh	w700	1	25.410761	0.01121078	0.07	ok
circuit5M	mpi	patoh	w800	1	25.674568	0.01181472	0.07	ok
circuit5M	mpi	patoh	w900	1	25.778351	0.01507162	0.069	ok
circuit5M	mpi-gpu	naive	w100	1	25.014565	0.2387106	0.071	ok
circuit5M	mpi-gpu	naive	w1000	1	10.275995	0.0231138	0.174	ok
circuit5M	mpi-gpu	naive	w1100	1	10.059387	0.01120539	0.178	ok
circuit5M	mpi-gpu	naive	w1200	1	9.933339	0.02184743	0.18	ok
circuit5M	mpi-gpu	naive	w2000	1	9.009769	0.009827817	0.198	ok
circuit5M	mpi-gpu	naive	w2720	1	8.675479	0.01184412	0.206	ok
circuit5M	mpi-gpu	naive	w400	1	12.24478	0.008339169	0.146	ok
circuit5M	mpi-gpu	naive	w500	1	11.342703	0.01270757	0.157	ok
circuit5M	mpi-gpu	naive	w600	1	11.061258	0.01530003	0.161	ok
circuit5M	mpi-gpu	naive	w700	1	10.732791	0.01710342	0.166	ok
circuit5M	mpi-gpu	naive	w800	1	10.546825	0.02823565	0.169	ok
circuit5M	mpi-gpu	naive	w900	1	10.451848	0.01942451	0.171	ok
circuit5M	mpi-gpu	patoh	w100	1	13.258517	0.03751164	0.135	ok
circuit5M	mpi-gpu	patoh	w1000	1	8.17904	0.01361972	0.218	ok
circuit5M	mpi-gpu	patoh	w1100	1	8.486349	0.06002068	0.21	ok
circuit5M	mpi-gpu	patoh	w1200	1	8.151055	0.01507889	0.219	ok
circuit5M	mpi-gpu	patoh	w2000	1	8.276718	0.02636157	0.216	ok
circuit5M	mpi-gpu	patoh	w2720	1	8.297625	0.01389041	0.215	ok
circuit5M	mpi-gpu	patoh	w400	1	8.519965	0.01057538	0.21	ok
circuit5M	mpi-gpu	patoh	w500	1	8.429742	0.01239152	0.212	ok
circuit5M	mpi-gpu	patoh	w600	1	8.344158	0.03258818	0.214	ok
circuit5M	mpi-gpu	patoh	w700	1	8.496527	0.01625618	0.21	ok
circuit5M	mpi-gpu	patoh	w800	1	8.636584	0.03229271	0.207	ok
circuit5M	mpi-gpu	patoh	w900	1	8.331612	0.04145483	0.214	ok
circuit5M_dc	cpu	-	-	8	11.528467	1.210229e-11	0.076	ok
circuit5M_dc	gpu	-	-	1	0.874227	4.336586e-12	1.0	ok
circuit5M_dc	gpu-dp	-	-	1	0.6829	8.069496e-12	1.28	ok
circuit5M_dc	gpu-pipelined	-	-	1	1.357407	2.792145e-11	0.644	ok
circuit5M_dc	hybrid-async	naive	w100	4	2.850844	4.331799e-12	0.307	ok
circuit5M_dc	hybrid-async	naive	w1000	4	1.145329	4.32993e-12	0.763	ok
circuit5M_dc	hybrid-async	naive	w1100	4	1.117126	4.325714e-12	0.783	ok
circuit5M_dc	hybrid-async	naive	w1200	4	1.103488	4.342085e-12	0.792	ok
circuit5M_dc	hybrid-async	naive	w2000	4	1.038846	4.324166e-12	0.842	ok
circuit5M_dc	hybrid-async	naive	w2720	4	1.016394	4.336226e-12	0.86	ok
circuit5M_dc	hybrid-async	naive	w400	4	1.600765	4.340822e-12	0.546	ok
circuit5M_dc	hybrid-async	naive	w500	4	1.442069	4.323767e-12	0.606	ok
circuit5M_dc	hybrid-async	naive	w600	4	1.345509	4.335462e-12	0.65	ok
circuit5M_dc	hybrid-async	naive	w700	4	1.266174	4.368661e-12	0.69	ok
circuit5M_dc	hybrid-async	naive	w800	4	1.224504	4.325517e-12	0.714	ok
circuit5M_dc	hybrid-async	naive	w900	4	1.17329	4.33402e-12	0.745	ok
circuit5M_dc	hybrid-async	patoh	w100	4	2.780926	7.765919e-12	0.314	ok
circuit5M_dc	hybrid-async	patoh	w1000	4	1.098409	4.354361e-12	0.796	ok
circuit5M_dc	hybrid-async	patoh	w1100	4	1.089655	4.466274e-12	0.802	ok
circuit5M_dc	hybrid-async	patoh	w1200	4	1.07438	4.353133e-12	0.814	ok
circuit5M_dc	hybrid-async	patoh	w2000	4	1.016299	6.318229e-12	0.86	ok
circuit5M_dc	hybrid-async	patoh	w2720	4	1.005242	4.324545e-12	0.87	ok
circuit5M_dc	hybrid-async	patoh	w400	4	1.499237	5.209649e-12	0.583	ok
circuit5M_dc	hybrid-async	patoh	w500	4	1.376962	4.33847e-12	0.635	ok
circuit5M_dc	hybrid-async	patoh	w600	4	1.304103	4.323837e-12	0.67	ok
circuit5M_dc	hybrid-async	patoh	w700	4	1.208614	4.325639e-12	0.723	ok
circuit5M_dc	hybrid-async	patoh	w800	4	1.157396	1.081093e-11	0.755	ok
circuit5M_dc	hybrid-async	patoh	w900	4	1.120921	4.485363e-12	0.78	ok
circuit5M_dc	hybrid-async-dp	naive	w100	4	2.668934	6.871595e-12	0.328	ok
circuit5M_dc	hybrid-async-dp	naive	w1000	4	0.960962	4.367082e-12	0.91	ok
circuit5M_dc	hybrid-async-dp	naive	w1100	4	0.930197	4.501984e-12	0.94	ok
circuit5M_dc	hybrid-async-dp	naive	w1200	4	0.914846	5.413556e-12	0.956	ok
circuit5M_dc	hybrid-async-dp	naive	w2000	4	0.843029	4.334421e-12	1.037	ok
circuit5M_dc	hybrid-async-dp	naive	w2720	4	0.812552	4.404762e-12	1.076	ok
circuit5M_dc	hybrid-async-dp	naive	w400	4	1.395325	5.603896e-12	0.627	ok
circuit5M_dc	hybrid-async-dp	naive	w500	4	1.236953	5.244295e-12	0.707	ok
circuit5M_dc	hybrid-async-dp	naive	w600	4	1.135655	4.328648e-12	0.77	ok
circuit5M_dc	hybrid-async-dp	naive	w700	4	1.070527	5.531719e-12	0.817	ok
circuit5M_dc	hybrid-async-dp	naive	w800	4	1.031396	4.351427e-12	0.848	ok
circuit5M_dc	hybrid-async-dp	naive	w900	4	0.970024	5.823751e-12	0.901	ok
circuit5M_dc	hybrid-async-dp	patoh	w100	4	2.582741	4.332408e-12	0.338	ok
circuit5M_dc	hybrid-async-dp	patoh	w1000	4	0.904405	4.339185e-12	0.967	ok
circuit5M_dc	hybrid-async-dp	patoh	w1100	4	0.883277	7.079933e-12	0.99	ok
circuit5M_dc	hybrid-async-dp	patoh	w1200	4	0.875637	4.389669e-12	0.998	ok
circuit5M_dc	hybrid-async-dp	patoh	w2000	4	0.827225	4.328424e-12	1.057	ok
circuit5M_dc	hybrid-async-dp	patoh	w2720	4	0.802648	4.361638e-12	1.089	ok
circuit5M_dc	hybrid-async-dp	patoh	w400	4	1.30176	9.042195e-12	0.672	ok
circuit5M_dc	hybrid-async-dp	patoh	w500	4	1.167774	9.817854e-12	0.749	ok
circuit5M_dc	hybrid-async-dp	patoh	w600	4	1.102362	4.351293e-12	0.793	ok
circuit5M_dc	hybrid-async-dp	patoh	w700	4	1.017361	4.348079e-12	0.859	ok
circuit5M_dc	hybrid-async-dp	patoh	w800	4	0.965371	4.349591e-12	0.906	ok
circuit5M_dc	hybrid-async-dp	patoh	w900	4	0.927945	1.430967e-11	0.942	ok
circuit5M_dc	hybrid-dist-dp	naive	w100	4	4.441743	6.285407e-12	0.197	ok
circuit5M_dc	hybrid-dist-dp	naive	w1000	4	0.721544	5.367877e-12	1.212	ok
circuit5M_dc	hybrid-dist-dp	naive	w1100	4	0.714489	4.352781e-12	1.224	ok
circuit5M_dc	hybrid-dist-dp	naive	w1200	2	0.713378	4.980875e-12	1.225	ok
circuit5M_dc	hybrid-dist-dp	naive	w2000	2	0.724199	4.358456e-12	1.207	ok
circuit5M_dc	hybrid-dist-dp	naive	w2720	1	0.730299	5.494134e-12	1.197	ok
circuit5M_dc	hybrid-dist-dp	naive	w400	4	1.508954	1.619639e-11	0.579	ok
circuit5M_dc	hybrid-dist-dp	naive	w500	4	1.192966	4.476337e-12	0.733	ok
circuit5M_dc	hybrid-dist-dp	naive	w600	4	1.001073	4.53183e-12	0.873	ok
circuit5M_dc	hybrid-dist-dp	naive	w700	4	0.850944	4.399826e-12	1.027	ok
circuit5M_dc	hybrid-dist-dp	naive	w800	4	0.770787	1.050032e-11	1.134	ok
circuit5M_dc	hybrid-dist-dp	naive	w900	4	0.729761	4.325986e-12	1.198	ok
circuit5M_dc	hybrid-dist-dp	patoh	w100	4	3.767125	4.333583e-12	0.232	ok
circuit5M_dc	hybrid-dist-dp	patoh	w1000	2	0.687838	4.423742e-12	1.271	ok
circuit5M_dc	hybrid-dist-dp	patoh	w1100	4	0.690944	5.103632e-12	1.265	ok
circuit5M_dc	hybrid-dist-dp	patoh	w1200	2	0.691843	4.327585e-12	1.264	ok
circuit5M_dc	hybrid-dist-dp	patoh	w2000	4	0.716486	4.360773e-12	1.22	ok
circuit5M_dc	hybrid-dist-dp	patoh	w2720	1	0.724511	6.381592e-12	1.207	ok
circuit5M_dc	hybrid-dist-dp	patoh	w400	4	1.148227	4.322197e-12	0.761	ok
circuit5M_dc	hybrid-dist-dp	patoh	w500	4	0.930068	4.714077e-12	0.94	ok
circuit5M_dc	hybrid-dist-dp	patoh	w600	4	0.776075	4.426132e-12	1.126	ok
circuit5M_dc	hybrid-dist-dp	patoh	w700	4	0.707357	8.476722e-12	1.236	ok
circuit5M_dc	hybrid-dist-dp	patoh	w800	2	0.703467	1.249534e-11	1.243	ok
circuit5M_dc	hybrid-dist-dp	patoh	w900	2	0.692797	4.320588e-12	1.262	ok
circuit5M_dc	hybrid-dist-pipelined	naive	w100	4	6.242033	2.799438e-11	0.14	ok
circuit5M_dc	hybrid-dist-pipelined	naive	w1000	4	1.034089	2.796408e-11	0.845	ok
circuit5M_dc	hybrid-dist-pipelined	naive	w1100	4	1.023079	2.948087e-11	0.855	ok
circuit5M_dc	hybrid-dist-pipelined	naive	w1200	4	1.021993	2.800605e-11	0.855	ok
circuit5M_dc	hybrid-dist-pipelined	naive	w2000	1	1.035596	2.936799e-11	0.844	ok
circuit5M_dc	hybrid-dist-pipelined	naive	w2720	2	1.045533	2.78696e-11	0.836	ok
circuit5M_dc	hybrid-dist-pipelined	naive	w400	4	2.24682	2.804602e-11	0.389	ok
circuit5M_dc	hybrid-dist-pipelined	naive	w500	4	1.798299	2.797242e-11	0.486	ok
circuit5M_dc	hybrid-dist-pipelined	naive	w600	4	1.490447	2.801658e-11	0.587	ok
circuit5M_dc	hybrid-dist-pipelined	naive	w700	4	1.292048	2.799713e-11	0.677	ok
circuit5M_dc	hybrid-dist-pipelined	naive	w800	4	1.164885	1.88077e-10	0.75	ok
circuit5M_dc	hybrid-dist-pipelined	naive	w900	4	1.083395	2.799715e-11	0.807	ok
circuit5M_dc	hybrid-dist-pipelined	patoh	w100	4	5.205945	2.799999e-11	0.168	ok
circuit5M_dc	hybrid-dist-pipelined	patoh	w1000	2	0.999224	2.797715e-11	0.875	ok
circuit5M_dc	hybrid-dist-pipelined	patoh	w1100	1	0.998545	2.80448e-11	0.876	ok
circuit5M_dc	hybrid-dist-pipelined	patoh	w1200	2	0.997218	2.798582e-11	0.877	ok
circuit5M_dc	hybrid-dist-pipelined	patoh	w2000	4	1.030384	2.856526e-11	0.848	ok
circuit5M_dc	hybrid-dist-pipelined	patoh	w2720	1	1.042242	2.799823e-11	0.839	ok
circuit5M_dc	hybrid-dist-pipelined	patoh	w400	4	1.685272	2.800249e-11	0.519	ok
circuit5M_dc	hybrid-dist-pipelined	patoh	w500	4	1.362217	2.804771e-11	0.642	ok
circuit5M_dc	hybrid-dist-pipelined	patoh	w600	4	1.170481	2.799848e-11	0.747	ok
circuit5M_dc	hybrid-dist-pipelined	patoh	w700	4	1.026619	2.799367e-11	0.852	ok
circuit5M_dc	hybrid-dist-pipelined	patoh	w800	4	1.009758	4.790472e-11	0.866	ok
circuit5M_dc	hybrid-dist-pipelined	patoh	w900	2	1.002475	2.801781e-11	0.872	ok
circuit5M_dc	mpi	naive	w100	1	11.902238	5.972788e-12	0.073	ok
circuit5M_dc	mpi	naive	w1000	1	12.324996	1.555299e-11	0.071	ok
circuit5M_dc	mpi	naive	w1100	1	12.284938	7.792206e-12	0.071	ok
circuit5M_dc	mpi	naive	w1200	1	12.305283	4.338663e-12	0.071	ok
circuit5M_dc	mpi	naive	w2000	1	12.282743	4.351216e-12	0.071	ok
circuit5M_dc	mpi	naive	w2720	1	12.276931	4.334623e-12	0.071	ok
circuit5M_dc	mpi	naive	w400	1	12.233122	4.459162e-12	0.071	ok
circuit5M_dc	mpi	naive	w500	1	12.301774	4.394312e-12	0.071	ok
circuit5M_dc	mpi	naive	w600	1	12.310997	1.169123e-11	0.071	ok
circuit5M_dc	mpi	naive	w700	1	12.322226	4.341576e-12	0.071	ok
circuit5M_dc	mpi	naive	w800	1	12.311793	4.341238e-12	0.071	ok
circuit5M_dc	mpi	naive	w900	1	12.304042	4.799311e-12	0.071	ok
circuit5M_dc	mpi	patoh	w100	1	9.591352	4.347129e-12	0.091	ok
circuit5M_dc	mpi	patoh	w1000	1	11.899816	4.500909e-12	0.073	ok
circuit5M_dc	mpi	patoh	w1100	1	11.96158	1.073596e-11	0.073	ok
circuit5M_dc	mpi	patoh	w1200	1	11.920411	4.335696e-12	0.073	ok
circuit5M_dc	mpi	patoh	w2000	1	12.082141	4.334909e-12	0.072	ok
circuit5M_dc	mpi	patoh	w2720	1	12.138941	4.419002e-12	0.072	ok
circuit5M_dc	mpi	patoh	w400	1	11.274314	4.358107e-12	0.078	ok
circuit5M_dc	mpi	patoh	w500	1	11.486885	4.324038e-12	0.076	ok
circuit5M_dc	mpi	patoh	w600	1	11.566595	4.38486e-12	0.076	ok
circuit5M_dc	mpi	patoh	w700	1	11.716926	4.457203e-12	0.075	ok
circuit5M_dc	mpi	patoh	w800	1	11.773663	5.010136e-12	0.074	ok
circuit5M_dc	mpi	patoh	w900	1	11.780864	4.364632e-12	0.074	ok
circuit5M_dc	mpi-gpu	naive	w100	1	8.76055	4.327385e-12	0.1	ok
circuit5M_dc	mpi-gpu	naive	w1000	1	2.189939	4.34051e-12	0.399	ok
circuit5M_dc	mpi-gpu	naive	w1100	1	2.109449	4.32449e-12	0.414	ok
circuit5M_dc	mpi-gpu	naive	w1200	1	2.040191	5.192725e-12	0.429	ok
circuit5M_dc	mpi-gpu	naive	w2000	1	1.842904	1.32593e-11	0.474	ok
circuit5M_dc	mpi-gpu	naive	w2720	1	1.824881	5.319918e-12	0.479	ok
circuit5M_dc	mpi-gpu	naive	w400	1	3.771859	4.687323e-12	0.232	ok
circuit5M_dc	mpi-gpu	naive	w500	1	3.128094	5.342265e-12	0.279	ok
circuit5M_dc	mpi-gpu	naive	w600	1	2.802611	4.327089e-12	0.312	ok
circuit5M_dc	mpi-gpu	naive	w700	1	2.589614	4.325011e-12	0.338	ok
circuit5M_dc	mpi-gpu	naive	w800	1	2.489519	4.728473e-12	0.351	ok
circuit5M_dc	mpi-gpu	naive	w900	1	2.335152	9.678556e-12	0.374	ok
circuit5M_dc	mpi-gpu	patoh	w100	1	6.192938	1.50906e-11	0.141	ok
circuit5M_dc	mpi-gpu	patoh	w1000	1	1.776844	4.326594e-12	0.492	ok
circuit5M_dc	mpi-gpu	patoh	w1100	1	1.751619	4.32186e-12	0.499	ok
circuit5M_dc	mpi-gpu	patoh	w1200	1	1.732059	7.417574e-12	0.505	ok
circuit5M_dc	mpi-gpu	patoh	w2000	1	1.74803	9.207526e-12	0.5	ok
circuit5M_dc	mpi-gpu	patoh	w2720	1	1.762046	4.347914e-12	0.496	ok
circuit5M_dc	mpi-gpu	patoh	w400	1	2.339534	5.333894e-12	0.374	ok
circuit5M_dc	mpi-gpu	patoh	w500	1	2.098063	4.607822e-12	0.417	ok
circuit5M_dc	mpi-gpu	patoh	w600	1	2.043196	4.367829e-12	0.428	ok
circuit5M_dc	mpi-gpu	patoh	w700	1	1.9894	5.005949e-12	0.439	ok
circuit5M_dc	mpi-gpu	patoh	w800	1	1.895204	4.351003e-12	0.461	ok
circuit5M_dc	mpi-gpu	patoh	w900	1	1.833078	5.272305e-12	0.477	ok
dgreen	cpu	-	-	4	11.681014	13.27582	0.07	ok
dgreen	gpu	-	-	1	0.817052		1.0	ok
dgreen	gpu-dp	-	-	1	0.746816		1.094	ok
dgreen	gpu-pipelined	-	-	1	1.063886		0.768	ok
dgreen	hybrid-async	naive	w100	4	2.920163		0.28	ok
dgreen	hybrid-async	naive	w1000	4	0.768166	2.311131	1.064	ok
dgreen	hybrid-async	naive	w1100	4	0.78064	2.311131	1.047	ok
dgreen	hybrid-async	naive	w1200	4	0.77888	2.311131	1.049	ok
dgreen	hybrid-async	naive	w2000	2	0.793525	2.311131	1.03	ok
dgreen	hybrid-async	naive	w2720	1	0.805371	2.311131	1.015	ok
dgreen	hybrid-async	naive	w400	4	1.284014	2.16555	0.636	ok
dgreen	hybrid-async	naive	w500	4	1.091967	2.49769	0.748	ok
dgreen	hybrid-async	naive	w600	4	0.95193	2.311131	0.858	ok
dgreen	hybrid-async	naive	w700	4	0.849543	2.309111	0.962	ok
dgreen	hybrid-async	naive	w800	4	0.77232	2.311131	1.058	ok
dgreen	hybrid-async	naive	w900	4	0.762269	2.311131	1.072	ok
dgreen	hybrid-async	patoh	w100	4	2.849026		0.287	ok
dgreen	hybrid-async	patoh	w1000	4	0.774006		1.056	ok
dgreen	hybrid-async	patoh	w1100	4	0.775751		1.053	ok
dgreen	hybrid-async	patoh	w1200	2	0.778629		1.049	ok
dgreen	hybrid-async	patoh	w2000	1	0.797848	4.679253	1.024	ok
dgreen	hybrid-async	patoh	w2720	1	0.80252		1.018	ok
dgreen	hybrid-async	patoh	w400	4	1.156194	2.175823	0.707	ok
dgreen	hybrid-async	patoh	w500	4	0.9897		0.826	ok
dgreen	hybrid-async	patoh	w600	4	0.904147		0.904	ok
dgreen	hybrid-async	patoh	w700	4	0.800021		1.021	ok
dgreen	hybrid-async	patoh	w800	4	0.765275		1.068	ok
dgreen	hybrid-async	patoh	w900	4	0.768509	14.28487	1.063	ok
dgreen	hybrid-async-dp	naive	w100	4	2.858634	15.46412	0.286	ok
dgreen	hybrid-async-dp	naive	w1000	4	0.695188		1.175	ok
dgreen	hybrid-async-dp	naive	w1100	4	0.706356		1.157	ok
dgreen	hybrid-async-dp	naive	w1200	4	0.699154		1.169	ok
dgreen	hybrid-async-dp	naive	w2000	2	0.727986		1.122	ok
dgreen	hybrid-async-dp	naive	w2720	4	0.735826		1.11	ok
dgreen	hybrid-async-dp	naive	w400	4	1.205866		0.678	ok
dgreen	hybrid-async-dp	naive	w500	4	1.011885		0.807	ok
dgreen	hybrid-async-dp	naive	w600	4	0.872047		0.937	ok
dgreen	hybrid-async-dp	naive	w700	4	0.767996		1.064	ok
dgreen	hybrid-async-dp	naive	w800	4	0.698814		1.169	ok
dgreen	hybrid-async-dp	naive	w900	4	0.687709		1.188	ok
dgreen	hybrid-async-dp	patoh	w100	4	2.79965		0.292	ok
dgreen	hybrid-async-dp	patoh	w1000	4	0.703801		1.161	ok
dgreen	hybrid-async-dp	patoh	w1100	4	0.705691		1.158	ok
dgreen	hybrid-async-dp	patoh	w1200	4	0.711899		1.148	ok
dgreen	hybrid-async-dp	patoh	w2000	1	0.724105		1.128	ok
dgreen	hybrid-async-dp	patoh	w2720	4	0.736369		1.11	ok
dgreen	hybrid-async-dp	patoh	w400	4	1.082339		0.755	ok
dgreen	hybrid-async-dp	patoh	w500	4	0.900791		0.907	ok
dgreen	hybrid-async-dp	patoh	w600	4	0.835086		0.978	ok
dgreen	hybrid-async-dp	patoh	w700	4	0.734056		1.113	ok
dgreen	hybrid-async-dp	patoh	w800	4	0.684943		1.193	ok
dgreen	hybrid-async-dp	patoh	w900	4	0.690367	20.48836	1.184	ok
dgreen	hybrid-dist-dp	naive	w100	4	3.315229	14.69439	0.246	ok
dgreen	hybrid-dist-dp	naive	w1000	4	0.746901	21.4244	1.094	ok
dgreen	hybrid-dist-dp	naive	w1100	4	0.739485		1.105	ok
dgreen	hybrid-dist-dp	naive	w1200	2	0.745514	18.3635	1.096	ok
dgreen	hybrid-dist-dp	naive	w2000	1	0.75254	15.56359	1.086	ok
dgreen	hybrid-dist-dp	naive	w2720	4	0.759512		1.076	ok
dgreen	hybrid-dist-dp	naive	w400	4	1.225356	13.26673	0.667	ok
dgreen	hybrid-dist-dp	naive	w500	4	0.979105	15.91233	0.834	ok
dgreen	hybrid-dist-dp	naive	w600	4	0.849489	17.04545	0.962	ok
dgreen	hybrid-dist-dp	naive	w700	4	0.746718	18.7148	1.094	ok
dgreen	hybrid-dist-dp	naive	w800	4	0.74022		1.104	ok
dgreen	hybrid-dist-dp	naive	w900	4	0.75203		1.086	ok
dgreen	hybrid-dist-dp	patoh	w100	4	3.017809	12.05877	0.271	ok
dgreen	hybrid-dist-dp	patoh	w1000	2	0.714395	16.31228	1.144	ok
dgreen	hybrid-dist-dp	patoh	w1100	2	0.720754	38.08805	1.134	ok
dgreen	hybrid-dist-dp	patoh	w1200	2	0.724158	31.07489	1.128	ok
dgreen	hybrid-dist-dp	patoh	w2000	1	0.74704	29.47124	1.094	ok
dgreen	hybrid-dist-dp	patoh	w2720	1	0.753054	14.51367	1.085	ok
dgreen	hybrid-dist-dp	patoh	w400	4	0.924501	14.39894	0.884	ok
dgreen	hybrid-dist-dp	patoh	w500	4	0.741211	18.25039	1.102	ok
dgreen	hybrid-dist-dp	patoh	w600	4	0.696187	17.68121	1.174	ok
dgreen	hybrid-dist-dp	patoh	w700	4	0.695571	19.15781	1.175	ok
dgreen	hybrid-dist-dp	patoh	w800	4	0.699693	2.038698	1.168	ok
dgreen	hybrid-dist-dp	patoh	w900	4	0.710871	16.48547	1.149	ok
dgreen	hybrid-dist-pipelined	naive	w100	4	4.055701	20.11243	0.201	ok
dgreen	hybrid-dist-pipelined	naive	w1000	2	0.921301	14.07187	0.887	ok
dgreen	hybrid-dist-pipelined	naive	w1100	4	0.920231	11.66696	0.888	ok
dgreen	hybrid-dist-pipelined	naive	w1200	2	0.929962	14.83272	0.879	ok
dgreen	hybrid-dist-pipelined	naive	w2000	1	0.93182	19.55225	0.877	ok
dgreen	hybrid-dist-pipelined	naive	w2720	1	0.935774	19.55225	0.873	ok
dgreen	hybrid-dist-pipelined	naive	w400	4	1.562464	3.919493	0.523	ok
dgreen	hybrid-dist-pipelined	naive	w500	4	1.258879	17.17592	0.649	ok
dgreen	hybrid-dist-pipelined	naive	w600	4	1.07279	14.87712	0.762	ok
dgreen	hybrid-dist-pipelined	naive	w700	4	0.933391	19.26848	0.875	ok
dgreen	hybrid-dist-pipelined	naive	w800	4	0.920418	14.42592	0.888	ok
dgreen	hybrid-dist-pipelined	naive	w900	4	0.919463	17.97555	0.889	ok
dgreen	hybrid-dist-pipelined	patoh	w100	4	3.776025	18.17503	0.216	ok
dgreen	hybrid-dist-pipelined	patoh	w1000	4	0.887778	13.66796	0.92	ok
dgreen	hybrid-dist-pipelined	patoh	w1100	4	0.892532	15.58051	0.915	ok
dgreen	hybrid-dist-pipelined	patoh	w1200	4	0.902016	17.54286	0.906	ok
dgreen	hybrid-dist-pipelined	patoh	w2000	2	0.918591	16.65214	0.889	ok
dgreen	hybrid-dist-pipelined	patoh	w2720	2	0.931456	16.25451	0.877	ok
dgreen	hybrid-dist-pipelined	patoh	w400	4	1.194036	15.32874	0.684	ok
dgreen	hybrid-dist-pipelined	patoh	w500	4	0.962749	14.76317	0.849	ok
dgreen	hybrid-dist-pipelined	patoh	w600	4	0.88437	18.47284	0.924	ok
dgreen	hybrid-dist-pipelined	patoh	w700	4	0.856293	19.37929	0.954	ok
dgreen	hybrid-dist-pipelined	patoh	w800	4	0.867923	17.46985	0.941	ok
dgreen	hybrid-dist-pipelined	patoh	w900	4	0.884971	18.41203	0.923	ok
dgreen	mpi	naive	w100	1	9.164364	6.711497	0.089	ok
dgreen	mpi	naive	w1000	1	13.097926	2.518868	0.062	ok
dgreen	mpi	naive	w1100	1	13.076921	3.725317	0.062	ok
dgreen	mpi	naive	w1200	1	13.186744	2.980304	0.062	ok
dgreen	mpi	naive	w2000	1	13.338046	2.163419	0.061	ok
dgreen	mpi	naive	w2720	1	13.438356	2.493554	0.061	ok
dgreen	mpi	naive	w400	1	12.127867	11.64167	0.067	ok
dgreen	mpi	naive	w500	1	12.440374	1.969544	0.066	ok
dgreen	mpi	naive	w600	1	12.641888	2.22443	0.065	ok
dgreen	mpi	naive	w700	1	12.82019	3.523725	0.064	ok
dgreen	mpi	naive	w800	1	12.931082	2.62485	0.063	ok
dgreen	mpi	naive	w900	1	13.043623	2.824073	0.063	ok
dgreen	mpi	patoh	w100	1	7.729801	18.60274	0.106	ok
dgreen	mpi	patoh	w1000	1	12.806728	14.85774	0.064	ok
dgreen	mpi	patoh	w1100	1	12.871345	15.97244	0.063	ok
dgreen	mpi	patoh	w1200	1	13.051869	18.3966	0.063	ok
dgreen	mpi	patoh	w2000	1	13.314662	16.25712	0.061	ok
dgreen	mpi	patoh	w2720	1	13.460701	17.42334	0.061	ok
dgreen	mpi	patoh	w400	1	11.527361	6.615001	0.071	ok
dgreen	mpi	patoh	w500	1	11.970541	18.74842	0.068	ok
dgreen	mpi	patoh	w600	1	12.126259	14.13866	0.067	ok
dgreen	mpi	patoh	w700	1	12.304881	14.38028	0.066	ok
dgreen	mpi	patoh	w800	1	12.553233	2.147901	0.065	ok
dgreen	mpi	patoh	w900	1	12.698991	16.98206	0.064	ok
dgreen	mpi-gpu	naive	w100	1	8.043372	16.63841	0.102	ok
dgreen	mpi-gpu	naive	w1000	1	1.547429		0.528	ok
dgreen	mpi-gpu	naive	w1100	1	1.464396	10.99278	0.558	ok
dgreen	mpi-gpu	naive	w1200	1	1.342375	4.998826	0.609	ok
dgreen	mpi-gpu	naive	w2000	1	1.100805		0.742	ok
dgreen	mpi-gpu	naive	w2720	1	1.080856		0.756	ok
dgreen	mpi-gpu	naive	w400	1	3.562723	16.59082	0.229	ok
dgreen	mpi-gpu	naive	w500	1	2.924588	16.9855	0.279	ok
dgreen	mpi-gpu	naive	w600	1	2.50136	12.39595	0.327	ok
dgreen	mpi-gpu	naive	w700	1	2.154346	19.28347	0.379	ok
dgreen	mpi-gpu	naive	w800	1	1.897393		0.431	ok
dgreen	mpi-gpu	naive	w900	1	1.685497	2.194846	0.485	ok
dgreen	mpi-gpu	patoh	w100	1	6.437808	14.17184	0.127	ok
dgreen	mpi-gpu	patoh	w1000	1	1.072388	14.48281	0.762	ok
dgreen	mpi-gpu	patoh	w1100	1	1.047568	17.11546	0.78	ok
dgreen	mpi-gpu	patoh	w1200	1	1.046267	21.21881	0.781	ok
dgreen	mpi-gpu	patoh	w2000	1	1.045139	15.56318	0.782	ok
dgreen	mpi-gpu	patoh	w2720	1	1.048997	19.67583	0.779	ok
dgreen	mpi-gpu	patoh	w400	1	2.450893	17.33392	0.333	ok
dgreen	mpi-gpu	patoh	w500	1	2.077282	18.43842	0.393	ok
dgreen	mpi-gpu	patoh	w600	1	1.928585	2.05656	0.424	ok
dgreen	mpi-gpu	patoh	w700	1	1.644433	17.89535	0.497	ok
dgreen	mpi-gpu	patoh	w800	1	1.382272	4.063628	0.591	ok
dgreen	mpi-gpu	patoh	w900	1	1.217069	15.94684	0.671	ok
nlpkkt120	cpu	-	-	0				parsefail(rc=1)
nlpkkt120	gpu	-	-	0				parsefail(rc=1)
nlpkkt120	gpu-dp	-	-	0				parsefail(rc=1)
nlpkkt120	gpu-pipelined	-	-	0				parsefail(rc=1)
nlpkkt120	hybrid-async	naive	w100	0				parsefail(rc=1)
nlpkkt120	hybrid-async	naive	w1000	0				parsefail(rc=1)
nlpkkt120	hybrid-async	naive	w1100	0				parsefail(rc=1)
nlpkkt120	hybrid-async	naive	w1200	0				parsefail(rc=1)
nlpkkt120	hybrid-async	naive	w2000	0				parsefail(rc=1)
nlpkkt120	hybrid-async	naive	w2720	0				parsefail(rc=1)
nlpkkt120	hybrid-async	naive	w400	0				parsefail(rc=1)
nlpkkt120	hybrid-async	naive	w500	0				parsefail(rc=1)
nlpkkt120	hybrid-async	naive	w600	0				parsefail(rc=1)
nlpkkt120	hybrid-async	naive	w700	0				parsefail(rc=1)
nlpkkt120	hybrid-async	naive	w800	0				parsefail(rc=1)
nlpkkt120	hybrid-async	naive	w900	0				parsefail(rc=1)
nlpkkt120	hybrid-async-dp	naive	w100	0				parsefail(rc=1)
nlpkkt120	hybrid-async-dp	naive	w1000	0				parsefail(rc=1)
nlpkkt120	hybrid-async-dp	naive	w1100	0				parsefail(rc=1)
nlpkkt120	hybrid-async-dp	naive	w1200	0				parsefail(rc=1)
nlpkkt120	hybrid-async-dp	naive	w2000	0				parsefail(rc=1)
nlpkkt120	hybrid-async-dp	naive	w2720	0				parsefail(rc=1)
nlpkkt120	hybrid-async-dp	naive	w400	0				parsefail(rc=1)
nlpkkt120	hybrid-async-dp	naive	w500	0				parsefail(rc=1)
nlpkkt120	hybrid-async-dp	naive	w600	0				parsefail(rc=1)
nlpkkt120	hybrid-async-dp	naive	w700	0				parsefail(rc=1)
nlpkkt120	hybrid-async-dp	naive	w800	0				parsefail(rc=1)
nlpkkt120	hybrid-async-dp	naive	w900	0				parsefail(rc=1)
nlpkkt120	hybrid-dist-dp	naive	w100	0				parsefail(rc=1)
nlpkkt120	hybrid-dist-dp	naive	w1000	0				parsefail(rc=1)
nlpkkt120	hybrid-dist-dp	naive	w1100	0				parsefail(rc=1)
nlpkkt120	hybrid-dist-dp	naive	w1200	0				parsefail(rc=1)
nlpkkt120	hybrid-dist-dp	naive	w2000	0				parsefail(rc=1)
nlpkkt120	hybrid-dist-dp	naive	w2720	0				parsefail(rc=1)
nlpkkt120	hybrid-dist-dp	naive	w400	0				parsefail(rc=1)
nlpkkt120	hybrid-dist-dp	naive	w500	0				parsefail(rc=1)
nlpkkt120	hybrid-dist-dp	naive	w600	0				parsefail(rc=1)
nlpkkt120	hybrid-dist-dp	naive	w700	0				parsefail(rc=1)
nlpkkt120	hybrid-dist-dp	naive	w800	0				parsefail(rc=1)
nlpkkt120	hybrid-dist-dp	naive	w900	0				parsefail(rc=1)
nlpkkt120	hybrid-dist-pipelined	naive	w100	0				parsefail(rc=1)
nlpkkt120	hybrid-dist-pipelined	naive	w1000	0				parsefail(rc=1)
nlpkkt120	hybrid-dist-pipelined	naive	w1100	0				parsefail(rc=1)
nlpkkt120	hybrid-dist-pipelined	naive	w1200	0				parsefail(rc=1)
nlpkkt120	hybrid-dist-pipelined	naive	w2000	0				parsefail(rc=1)
nlpkkt120	hybrid-dist-pipelined	naive	w2720	0				parsefail(rc=1)
nlpkkt120	hybrid-dist-pipelined	naive	w400	0				parsefail(rc=1)
nlpkkt120	hybrid-dist-pipelined	naive	w500	0				parsefail(rc=1)
nlpkkt120	hybrid-dist-pipelined	naive	w600	0				parsefail(rc=1)
nlpkkt120	hybrid-dist-pipelined	naive	w700	0				parsefail(rc=1)
nlpkkt120	hybrid-dist-pipelined	naive	w800	0				parsefail(rc=1)
nlpkkt120	hybrid-dist-pipelined	naive	w900	0				parsefail(rc=1)
nlpkkt120	mpi	naive	w100	0				parsefail(rc=1)
nlpkkt120	mpi	naive	w1000	0				parsefail(rc=1)
nlpkkt120	mpi	naive	w1100	0				parsefail(rc=1)
nlpkkt120	mpi	naive	w1200	0				parsefail(rc=1)
nlpkkt120	mpi	naive	w2000	0				parsefail(rc=1)
nlpkkt120	mpi	naive	w2720	0				parsefail(rc=1)
nlpkkt120	mpi	naive	w400	0				parsefail(rc=1)
nlpkkt120	mpi	naive	w500	0				parsefail(rc=1)
nlpkkt120	mpi	naive	w600	0				parsefail(rc=1)
nlpkkt120	mpi	naive	w700	0				parsefail(rc=1)
nlpkkt120	mpi	naive	w800	0				parsefail(rc=1)
nlpkkt120	mpi	naive	w900	0				parsefail(rc=1)
nlpkkt120	mpi-gpu	naive	w100	0				parsefail(rc=1)
nlpkkt120	mpi-gpu	naive	w1000	0				parsefail(rc=1)
nlpkkt120	mpi-gpu	naive	w1100	0				parsefail(rc=1)
nlpkkt120	mpi-gpu	naive	w1200	0				parsefail(rc=1)
nlpkkt120	mpi-gpu	naive	w2000	0				parsefail(rc=1)
nlpkkt120	mpi-gpu	naive	w2720	0				parsefail(rc=1)
nlpkkt120	mpi-gpu	naive	w400	0				parsefail(rc=1)
nlpkkt120	mpi-gpu	naive	w500	0				parsefail(rc=1)
nlpkkt120	mpi-gpu	naive	w600	0				parsefail(rc=1)
nlpkkt120	mpi-gpu	naive	w700	0				parsefail(rc=1)
nlpkkt120	mpi-gpu	naive	w800	0				parsefail(rc=1)
nlpkkt120	mpi-gpu	naive	w900	0				parsefail(rc=1)
nv2	cpu	-	-	8	18.435328	0.004601831	0.062	ok
nv2	gpu	-	-	1	1.147953	0.004800583	1.0	ok
nv2	gpu-dp	-	-	1	1.061986	0.0040953	1.081	ok
nv2	gpu-pipelined	-	-	1	1.460878	0.006079978	0.786	ok
nv2	hybrid-async	naive	w100	4	4.199966	0.009353564	0.273	ok
nv2	hybrid-async	naive	w1000	4	1.070574	0.006129144	1.072	ok
nv2	hybrid-async	naive	w1100	4	1.0778	0.005407955	1.065	ok
nv2	hybrid-async	naive	w1200	4	1.080927	0.005405787	1.062	ok
nv2	hybrid-async	naive	w2000	2	1.105027	0.006126588	1.039	ok
nv2	hybrid-async	naive	w2720	1	1.115382	0.00499043	1.029	ok
nv2	hybrid-async	naive	w400	4	1.893038	0.005810771	0.606	ok
nv2	hybrid-async	naive	w500	4	1.654853	0.00687991	0.694	ok
nv2	hybrid-async	naive	w600	4	1.425762	0.005446881	0.805	ok
nv2	hybrid-async	naive	w700	4	1.276615	0.004796983	0.899	ok
nv2	hybrid-async	naive	w800	4	1.177123	0.005014624	0.975	ok
nv2	hybrid-async	naive	w900	4	1.085661	0.01077346	1.057	ok
nv2	hybrid-async	patoh	w100	4	3.963083	0.003476382	0.29	ok
nv2	hybrid-async	patoh	w1000	4	1.058952	0.00552522	1.084	ok
nv2	hybrid-async	patoh	w1100	2	1.064276	0.004912113	1.079	ok
nv2	hybrid-async	patoh	w1200	4	1.084144	0.01136893	1.059	ok
nv2	hybrid-async	patoh	w2000	1	1.112387	0.004561574	1.032	ok
nv2	hybrid-async	patoh	w2720	4	1.125343	0.004906335	1.02	ok
nv2	hybrid-async	patoh	w400	4	1.622724	0.004982466	0.707	ok
nv2	hybrid-async	patoh	w500	4	1.477866	0.005073587	0.777	ok
nv2	hybrid-async	patoh	w600	4	1.202759	0.005778233	0.954	ok
nv2	hybrid-async	patoh	w700	4	1.08207	0.006179075	1.061	ok
nv2	hybrid-async	patoh	w800	4	1.053694	0.004571502	1.089	ok
nv2	hybrid-async	patoh	w900	4	1.052686	0.004333557	1.09	ok
nv2	hybrid-async-dp	naive	w100	4	4.134031	0.004388952	0.278	ok
nv2	hybrid-async-dp	naive	w1000	4	0.984231	0.007608698	1.166	ok
nv2	hybrid-async-dp	naive	w1100	4	0.986664	0.005195136	1.163	ok
nv2	hybrid-async-dp	naive	w1200	4	0.990955	0.005962521	1.158	ok
nv2	hybrid-async-dp	naive	w2000	2	1.019446	0.00351258	1.126	ok
nv2	hybrid-async-dp	naive	w2720	1	1.031045	0.004268287	1.113	ok
nv2	hybrid-async-dp	naive	w400	4	1.830056	0.003772248	0.627	ok
nv2	hybrid-async-dp	naive	w500	4	1.593626	0.0039887	0.72	ok
nv2	hybrid-async-dp	naive	w600	4	1.333333	0.003985734	0.861	ok
nv2	hybrid-async-dp	naive	w700	4	1.189493	0.007065105	0.965	ok
nv2	hybrid-async-dp	naive	w800	4	1.087581	0.004304142	1.056	ok
nv2	hybrid-async-dp	naive	w900	4	1.012763	0.005249651	1.133	ok
nv2	hybrid-async-dp	patoh	w100	4	3.958991	0.005266993	0.29	ok
nv2	hybrid-async-dp	patoh	w1000	4	0.970647	0.005570774	1.183	ok
nv2	hybrid-async-dp	patoh	w1100	2	0.979481	0.00464884	1.172	ok
nv2	hybrid-async-dp	patoh	w1200	2	0.9989	0.007306669	1.149	ok
nv2	hybrid-async-dp	patoh	w2000	4	1.02622	0.004968183	1.119	ok
nv2	hybrid-async-dp	patoh	w2720	4	1.038675	0.00320315	1.105	ok
nv2	hybrid-async-dp	patoh	w400	4	1.528519	0.00646191	0.751	ok
nv2	hybrid-async-dp	patoh	w500	4	1.362164	0.005232207	0.843	ok
nv2	hybrid-async-dp	patoh	w600	4	1.132375	0.00852369	1.014	ok
nv2	hybrid-async-dp	patoh	w700	4	0.990176	0.0195301	1.159	ok
nv2	hybrid-async-dp	patoh	w800	4	0.964903	0.004404098	1.19	ok
nv2	hybrid-async-dp	patoh	w900	4	0.963441	0.004346641	1.192	ok
nv2	hybrid-dist-dp	naive	w100	4	4.955645	0.007026017	0.232	ok
nv2	hybrid-dist-dp	naive	w1000	4	1.049771	0.008342227	1.094	ok
nv2	hybrid-dist-dp	naive	w1100	4	1.051602	0.006584955	1.092	ok
nv2	hybrid-dist-dp	naive	w1200	4	1.060127	0.005215576	1.083	ok
nv2	hybrid-dist-dp	naive	w2000	1	1.080223	0.004516353	1.063	ok
nv2	hybrid-dist-dp	naive	w2720	4	1.086695	0.005364509	1.056	ok
nv2	hybrid-dist-dp	naive	w400	4	1.874766	0.004265003	0.612	ok
nv2	hybrid-dist-dp	naive	w500	4	1.566365	0.004475068	0.733	ok
nv2	hybrid-dist-dp	naive	w600	4	1.280606	0.00397089	0.896	ok
nv2	hybrid-dist-dp	naive	w700	4	1.080297	0.0076967	1.063	ok
nv2	hybrid-dist-dp	naive	w800	4	1.036542	0.004830584	1.107	ok
nv2	hybrid-dist-dp	naive	w900	4	1.038475	0.00462576	1.105	ok
nv2	hybrid-dist-dp	patoh	w100	4	4.489494	0.004497873	0.256	ok
nv2	hybrid-dist-dp	patoh	w1000	4	0.990225	0.004159582	1.159	ok
nv2	hybrid-dist-dp	patoh	w1100	2	0.998972	0.004834164	1.149	ok
nv2	hybrid-dist-dp	patoh	w1200	4	1.013273	0.006406891	1.133	ok
nv2	hybrid-dist-dp	patoh	w2000	4	1.046039	0.005674887	1.097	ok
nv2	hybrid-dist-dp	patoh	w2720	2	1.063902	0.005432935	1.079	ok
nv2	hybrid-dist-dp	patoh	w400	4	1.413448	0.007364966	0.812	ok
nv2	hybrid-dist-dp	patoh	w500	4	1.186228	0.005184798	0.968	ok
nv2	hybrid-dist-dp	patoh	w600	4	0.961349	0.007625995	1.194	ok
nv2	hybrid-dist-dp	patoh	w700	4	0.961152	0.006578363	1.194	ok
nv2	hybrid-dist-dp	patoh	w800	4	0.980881	0.004454293	1.17	ok
nv2	hybrid-dist-dp	patoh	w900	4	0.986245	0.005689761	1.164	ok
nv2	hybrid-dist-pipelined	naive	w100	4	5.991901	0.005855401	0.192	ok
nv2	hybrid-dist-pipelined	naive	w1000	4	1.291738	0.003909422	0.889	ok
nv2	hybrid-dist-pipelined	naive	w1100	4	1.297648	0.004672436	0.885	ok
nv2	hybrid-dist-pipelined	naive	w1200	4	1.297869	0.006365383	0.884	ok
nv2	hybrid-dist-pipelined	naive	w2000	4	1.321917	0.003601779	0.868	ok
nv2	hybrid-dist-pipelined	naive	w2720	2	1.332751	0.005006897	0.861	ok
nv2	hybrid-dist-pipelined	naive	w400	4	2.29085	0.01148496	0.501	ok
nv2	hybrid-dist-pipelined	naive	w500	4	1.943812	0.004335293	0.591	ok
nv2	hybrid-dist-pipelined	naive	w600	4	1.579356	0.004551781	0.727	ok
nv2	hybrid-dist-pipelined	naive	w700	4	1.372899	0.005241235	0.836	ok
nv2	hybrid-dist-pipelined	naive	w800	4	1.276314	0.00531392	0.899	ok
nv2	hybrid-dist-pipelined	naive	w900	4	1.282463	0.004639803	0.895	ok
nv2	hybrid-dist-pipelined	patoh	w100	4	5.392195	0.004585491	0.213	ok
nv2	hybrid-dist-pipelined	patoh	w1000	2	1.227915	0.006841195	0.935	ok
nv2	hybrid-dist-pipelined	patoh	w1100	4	1.239873	0.003974332	0.926	ok
nv2	hybrid-dist-pipelined	patoh	w1200	4	1.25617	0.003959469	0.914	ok
nv2	hybrid-dist-pipelined	patoh	w2000	4	1.289587	0.01476872	0.89	ok
nv2	hybrid-dist-pipelined	patoh	w2720	4	1.309613	0.003672134	0.877	ok
nv2	hybrid-dist-pipelined	patoh	w400	4	1.698785	0.00373873	0.676	ok
nv2	hybrid-dist-pipelined	patoh	w500	4	1.494328	0.004169185	0.768	ok
nv2	hybrid-dist-pipelined	patoh	w600	4	1.290876	0.008828442	0.889	ok
nv2	hybrid-dist-pipelined	patoh	w700	4	1.190739	0.01019931	0.964	ok
nv2	hybrid-dist-pipelined	patoh	w800	4	1.211682	0.004396498	0.947	ok
nv2	hybrid-dist-pipelined	patoh	w900	4	1.219747	0.006818874	0.941	ok
nv2	mpi	naive	w100	1	13.564189	0.007475423	0.085	ok
nv2	mpi	naive	w1000	1	21.174804	0.003618858	0.054	ok
nv2	mpi	naive	w1100	1	21.410623	0.004304399	0.054	ok
nv2	mpi	naive	w1200	1	21.580604	0.005262368	0.053	ok
nv2	mpi	naive	w2000	1	22.201449	0.005844235	0.052	ok
nv2	mpi	naive	w2720	1	23.148071	0.00393201	0.05	ok
nv2	mpi	naive	w400	1	19.032948	0.004941972	0.06	ok
nv2	mpi	naive	w500	1	19.8454	0.003954495	0.058	ok
nv2	mpi	naive	w600	1	20.400558	0.004555579	0.056	ok
nv2	mpi	naive	w700	1	20.612223	0.005489488	0.056	ok
nv2	mpi	naive	w800	1	21.23166	0.006212806	0.054	ok
nv2	mpi	naive	w900	1	21.045569	0.003931467	0.055	ok
nv2	mpi	patoh	w100	1	12.57655	0.007677171	0.091	ok
nv2	mpi	patoh	w1000	1	21.380441	0.004820585	0.054	ok
nv2	mpi	patoh	w1100	1	21.606493	0.02607215	0.053	ok
nv2	mpi	patoh	w1200	1	21.565409	0.004051211	0.053	ok
nv2	mpi	patoh	w2000	1	22.38664	0.005873454	0.051	ok
nv2	mpi	patoh	w2720	1	22.544397	0.004436145	0.051	ok
nv2	mpi	patoh	w400	1	18.671322	0.03927332	0.061	ok
nv2	mpi	patoh	w500	1	19.286344	0.006647784	0.06	ok
nv2	mpi	patoh	w600	1	19.816393	0.003930874	0.058	ok
nv2	mpi	patoh	w700	1	20.467967	0.00639778	0.056	ok
nv2	mpi	patoh	w800	1	20.735169	0.00420218	0.055	ok
nv2	mpi	patoh	w900	1	21.153367	0.004305174	0.054	ok
nv2	mpi-gpu	naive	w100	1	12.043167	0.004121028	0.095	ok
nv2	mpi-gpu	naive	w1000	1	2.213991	0.004113154	0.518	ok
nv2	mpi-gpu	naive	w1100	1	2.05335	0.005775672	0.559	ok
nv2	mpi-gpu	naive	w1200	1	1.958523	0.004731929	0.586	ok
nv2	mpi-gpu	naive	w2000	1	1.795856	0.005309518	0.639	ok
nv2	mpi-gpu	naive	w2720	1	1.773003	0.003586441	0.647	ok
nv2	mpi-gpu	naive	w400	1	4.903403	0.004566721	0.234	ok
nv2	mpi-gpu	naive	w500	1	4.123851	0.01023361	0.278	ok
nv2	mpi-gpu	naive	w600	1	3.430078	0.006054303	0.335	ok
nv2	mpi-gpu	naive	w700	1	2.889485	0.003372572	0.397	ok
nv2	mpi-gpu	naive	w800	1	2.60369	0.004678095	0.441	ok
nv2	mpi-gpu	naive	w900	1	2.399206	0.004676368	0.478	ok
nv2	mpi-gpu	patoh	w100	1	10.705889	0.003988805	0.107	ok
nv2	mpi-gpu	patoh	w1000	1	1.633003	0.007031021	0.703	ok
nv2	mpi-gpu	patoh	w1100	1	1.645031	0.004505485	0.698	ok
nv2	mpi-gpu	patoh	w1200	1	1.636298	0.006679143	0.702	ok
nv2	mpi-gpu	patoh	w2000	1	1.696704	0.007973216	0.677	ok
nv2	mpi-gpu	patoh	w2720	1	1.696093	0.007070311	0.677	ok
nv2	mpi-gpu	patoh	w400	1	3.520535	0.004512309	0.326	ok
nv2	mpi-gpu	patoh	w500	1	3.063669	0.003763646	0.375	ok
nv2	mpi-gpu	patoh	w600	1	2.466527	0.005303563	0.465	ok
nv2	mpi-gpu	patoh	w700	1	2.116591	0.004141927	0.542	ok
nv2	mpi-gpu	patoh	w800	1	1.866018	0.004531473	0.615	ok
nv2	mpi-gpu	patoh	w900	1	1.638675	0.005842034	0.701	ok
rajat30_mc64_5	cpu	-	-	4	12.200516	0.09079156	0.093	ok
rajat30_mc64_5	gpu	-	-	1	1.136026	0.09313703	1.0	ok
rajat30_mc64_5	gpu-dp	-	-	1	0.902718	0.08260161	1.258	ok
rajat30_mc64_5	gpu-pipelined	-	-	1	1.646584	0.03880809	0.69	ok
rajat30_mc64_5	hybrid-async	naive	w100	4	2.692792	0.1163283	0.422	ok
rajat30_mc64_5	hybrid-async	naive	w1000	4	1.309818	0.0775651	0.867	ok
rajat30_mc64_5	hybrid-async	naive	w1100	4	1.270848	0.1182643	0.894	ok
rajat30_mc64_5	hybrid-async	naive	w1200	4	1.253301	0.06641006	0.906	ok
rajat30_mc64_5	hybrid-async	naive	w2000	4	1.16047	0.07753833	0.979	ok
rajat30_mc64_5	hybrid-async	naive	w2720	4	1.134122	0.08757447	1.002	ok
rajat30_mc64_5	hybrid-async	naive	w400	4	1.556146	0.01080868	0.73	ok
rajat30_mc64_5	hybrid-async	naive	w500	4	1.480443	0.1016899	0.767	ok
rajat30_mc64_5	hybrid-async	naive	w600	4	1.425586	0.07605842	0.797	ok
rajat30_mc64_5	hybrid-async	naive	w700	4	1.369674	0.06733447	0.829	ok
rajat30_mc64_5	hybrid-async	naive	w800	4	1.345441	0.01276172	0.844	ok
rajat30_mc64_5	hybrid-async	naive	w900	4	1.32206	0.08417572	0.859	ok
rajat30_mc64_5	hybrid-async	patoh	w100	4	2.59213	0.07992439	0.438	ok
rajat30_mc64_5	hybrid-async	patoh	w1000	4	1.261532	0.05136559	0.901	ok
rajat30_mc64_5	hybrid-async	patoh	w1100	4	1.22311	0.0751172	0.929	ok
rajat30_mc64_5	hybrid-async	patoh	w1200	4	1.210347	0.08851853	0.939	ok
rajat30_mc64_5	hybrid-async	patoh	w2000	4	1.134935	0.06345648	1.001	ok
rajat30_mc64_5	hybrid-async	patoh	w2720	4	1.121217	0.0820095	1.013	ok
rajat30_mc64_5	hybrid-async	patoh	w400	4	1.549741	0.08711331	0.733	ok
rajat30_mc64_5	hybrid-async	patoh	w500	4	1.464341	0.06175715	0.776	ok
rajat30_mc64_5	hybrid-async	patoh	w600	4	1.394273	0.08476431	0.815	ok
rajat30_mc64_5	hybrid-async	patoh	w700	4	1.333707	0.07528512	0.852	ok
rajat30_mc64_5	hybrid-async	patoh	w800	4	1.30426	0.1237157	0.871	ok
rajat30_mc64_5	hybrid-async	patoh	w900	4	1.265938	0.0423922	0.897	ok
rajat30_mc64_5	hybrid-async-dp	naive	w100	4	2.356321	0.05752315	0.482	ok
rajat30_mc64_5	hybrid-async-dp	naive	w1000	4	1.060715	0.1103702	1.071	ok
rajat30_mc64_5	hybrid-async-dp	naive	w1100	4	1.036531	0.08908252	1.096	ok
rajat30_mc64_5	hybrid-async-dp	naive	w1200	4	1.018986	0.08591739	1.115	ok
rajat30_mc64_5	hybrid-async-dp	naive	w2000	4	0.934024	0.08129978	1.216	ok
rajat30_mc64_5	hybrid-async-dp	naive	w2720	4	0.906426	0.211133	1.253	ok
rajat30_mc64_5	hybrid-async-dp	naive	w400	4	1.298667	0.0940748	0.875	ok
rajat30_mc64_5	hybrid-async-dp	naive	w500	4	1.221258	0.02669895	0.93	ok
rajat30_mc64_5	hybrid-async-dp	naive	w600	4	1.170213	0.05514845	0.971	ok
rajat30_mc64_5	hybrid-async-dp	naive	w700	4	1.118235	0.08698544	1.016	ok
rajat30_mc64_5	hybrid-async-dp	naive	w800	4	1.104075	0.06795198	1.029	ok
rajat30_mc64_5	hybrid-async-dp	naive	w900	4	1.078692	0.09781981	1.053	ok
rajat30_mc64_5	hybrid-async-dp	patoh	w100	4	2.296513	0.07816561	0.495	ok
rajat30_mc64_5	hybrid-async-dp	patoh	w1000	4	1.023828	0.08766459	1.11	ok
rajat30_mc64_5	hybrid-async-dp	patoh	w1100	4	0.993017	0.08023703	1.144	ok
rajat30_mc64_5	hybrid-async-dp	patoh	w1200	4	0.984331	0.1892091	1.154	ok
rajat30_mc64_5	hybrid-async-dp	patoh	w2000	4	0.906997	0.08190641	1.253	ok
rajat30_mc64_5	hybrid-async-dp	patoh	w2720	4	0.888392	0.07912671	1.279	ok
rajat30_mc64_5	hybrid-async-dp	patoh	w400	4	1.281854	0.06303525	0.886	ok
rajat30_mc64_5	hybrid-async-dp	patoh	w500	4	1.203951	0.06248229	0.944	ok
rajat30_mc64_5	hybrid-async-dp	patoh	w600	4	1.159449	0.09694844	0.98	ok
rajat30_mc64_5	hybrid-async-dp	patoh	w700	4	1.100143	0.0671223	1.033	ok
rajat30_mc64_5	hybrid-async-dp	patoh	w800	4	1.067074	0.005821385	1.065	ok
rajat30_mc64_5	hybrid-async-dp	patoh	w900	4	1.028046	0.4976947	1.105	ok
rajat30_mc64_5	hybrid-dist-dp	naive	w100	4	3.133825	0.0817315	0.363	ok
rajat30_mc64_5	hybrid-dist-dp	naive	w1000	4	0.93721	0.07738443	1.212	ok
rajat30_mc64_5	hybrid-dist-dp	naive	w1100	4	0.937804	0.07823113	1.211	ok
rajat30_mc64_5	hybrid-dist-dp	naive	w1200	4	0.939463	0.0891332	1.209	ok
rajat30_mc64_5	hybrid-dist-dp	naive	w2000	4	0.946579	0.2440838	1.2	ok
rajat30_mc64_5	hybrid-dist-dp	naive	w2720	2	0.942575	0.08979699	1.205	ok
rajat30_mc64_5	hybrid-dist-dp	naive	w400	4	0.947151	0.058051	1.199	ok
rajat30_mc64_5	hybrid-dist-dp	naive	w500	4	0.935746	0.08411449	1.214	ok
rajat30_mc64_5	hybrid-dist-dp	naive	w600	4	0.928132	0.08000875	1.224	ok
rajat30_mc64_5	hybrid-dist-dp	naive	w700	4	0.934319	0.05240083	1.216	ok
rajat30_mc64_5	hybrid-dist-dp	naive	w800	4	0.936944	0.0330926	1.212	ok
rajat30_mc64_5	hybrid-dist-dp	naive	w900	4	0.935165	0.05512108	1.215	ok
rajat30_mc64_5	hybrid-dist-dp	patoh	w100	4	3.100329	0.07696019	0.366	ok
rajat30_mc64_5	hybrid-dist-dp	patoh	w1000	2	0.931664	0.09469353	1.219	ok
rajat30_mc64_5	hybrid-dist-dp	patoh	w1100	4	0.936994	0.1160296	1.212	ok
rajat30_mc64_5	hybrid-dist-dp	patoh	w1200	4	0.928348	0.06792144	1.224	ok
rajat30_mc64_5	hybrid-dist-dp	patoh	w2000	2	0.940953	0.06739242	1.207	ok
rajat30_mc64_5	hybrid-dist-dp	patoh	w2720	1	0.959638	0.9772296	1.184	ok
rajat30_mc64_5	hybrid-dist-dp	patoh	w400	4	0.960228	0.06051218	1.183	ok
rajat30_mc64_5	hybrid-dist-dp	patoh	w500	4	0.937377	0.05861673	1.212	ok
rajat30_mc64_5	hybrid-dist-dp	patoh	w600	4	0.944992	0.08286688	1.202	ok
rajat30_mc64_5	hybrid-dist-dp	patoh	w700	4	0.926146	0.06141387	1.227	ok
rajat30_mc64_5	hybrid-dist-dp	patoh	w800	4	0.928076	0.05324746	1.224	ok
rajat30_mc64_5	hybrid-dist-dp	patoh	w900	4	0.919017	0.07599844	1.236	ok
rajat30_mc64_5	hybrid-dist-pipelined	naive	w100	4	4.500867	0.02627974	0.252	ok
rajat30_mc64_5	hybrid-dist-pipelined	naive	w1000	4	1.274907	0.01602298	0.891	ok
rajat30_mc64_5	hybrid-dist-pipelined	naive	w1100	2	1.278398	0.0226721	0.889	ok
rajat30_mc64_5	hybrid-dist-pipelined	naive	w1200	2	1.272623	0.01305839	0.893	ok
rajat30_mc64_5	hybrid-dist-pipelined	naive	w2000	1	1.284334	0.07071251	0.885	ok
rajat30_mc64_5	hybrid-dist-pipelined	naive	w2720	4	1.291679	0.01227298	0.879	ok
rajat30_mc64_5	hybrid-dist-pipelined	naive	w400	4	1.248696	0.0178359	0.91	ok
rajat30_mc64_5	hybrid-dist-pipelined	naive	w500	4	1.252773	0.03188306	0.907	ok
rajat30_mc64_5	hybrid-dist-pipelined	naive	w600	4	1.254088	0.08192429	0.906	ok
rajat30_mc64_5	hybrid-dist-pipelined	naive	w700	4	1.252556	0.05448885	0.907	ok
rajat30_mc64_5	hybrid-dist-pipelined	naive	w800	2	1.26119	0.02946402	0.901	ok
rajat30_mc64_5	hybrid-dist-pipelined	naive	w900	2	1.263139	0.07207271	0.899	ok
rajat30_mc64_5	hybrid-dist-pipelined	patoh	w100	4	4.375722	0.02627319	0.26	ok
rajat30_mc64_5	hybrid-dist-pipelined	patoh	w1000	2	1.275394	0.03933522	0.891	ok
rajat30_mc64_5	hybrid-dist-pipelined	patoh	w1100	2	1.267823	0.07026214	0.896	ok
rajat30_mc64_5	hybrid-dist-pipelined	patoh	w1200	4	1.271888	0.01445121	0.893	ok
rajat30_mc64_5	hybrid-dist-pipelined	patoh	w2000	2	1.290038	0.01233324	0.881	ok
rajat30_mc64_5	hybrid-dist-pipelined	patoh	w2720	1	1.296439	0.0130647	0.876	ok
rajat30_mc64_5	hybrid-dist-pipelined	patoh	w400	4	1.253791	0.003467881	0.906	ok
rajat30_mc64_5	hybrid-dist-pipelined	patoh	w500	4	1.246414	0.06665998	0.911	ok
rajat30_mc64_5	hybrid-dist-pipelined	patoh	w600	4	1.258116	0.01105164	0.903	ok
rajat30_mc64_5	hybrid-dist-pipelined	patoh	w700	2	1.262034	0.01205322	0.9	ok
rajat30_mc64_5	hybrid-dist-pipelined	patoh	w800	2	1.268359	0.0158957	0.896	ok
rajat30_mc64_5	hybrid-dist-pipelined	patoh	w900	4	1.272858	0.006835979	0.893	ok
rajat30_mc64_5	mpi	naive	w100	1	9.318702	0.04150752	0.122	ok
rajat30_mc64_5	mpi	naive	w1000	1	12.157992	0.0992185	0.093	ok
rajat30_mc64_5	mpi	naive	w1100	1	12.156866	0.05756868	0.093	ok
rajat30_mc64_5	mpi	naive	w1200	1	12.302689	0.08260002	0.092	ok
rajat30_mc64_5	mpi	naive	w2000	1	12.796676	0.02944834	0.089	ok
rajat30_mc64_5	mpi	naive	w2720	1	12.880051	0.03533674	0.088	ok
rajat30_mc64_5	mpi	naive	w400	1	10.968145	0.09244553	0.104	ok
rajat30_mc64_5	mpi	naive	w500	1	11.319997	0.07220229	0.1	ok
rajat30_mc64_5	mpi	naive	w600	1	11.481679	0.179984	0.099	ok
rajat30_mc64_5	mpi	naive	w700	1	11.662621	0.03111597	0.097	ok
rajat30_mc64_5	mpi	naive	w800	1	11.89051	0.08615282	0.096	ok
rajat30_mc64_5	mpi	naive	w900	1	12.141202	0.06359949	0.094	ok
rajat30_mc64_5	mpi	patoh	w100	1	9.125461	0.07462051	0.124	ok
rajat30_mc64_5	mpi	patoh	w1000	1	12.025413	0.07863742	0.094	ok
rajat30_mc64_5	mpi	patoh	w1100	1	11.995894	0.05157875	0.095	ok
rajat30_mc64_5	mpi	patoh	w1200	1	12.368481	0.1036635	0.092	ok
rajat30_mc64_5	mpi	patoh	w2000	1	12.47624	0.08252408	0.091	ok
rajat30_mc64_5	mpi	patoh	w2720	1	12.868069	0.04393183	0.088	ok
rajat30_mc64_5	mpi	patoh	w400	1	11.248026	0.07969674	0.101	ok
rajat30_mc64_5	mpi	patoh	w500	1	11.395371	0.09530786	0.1	ok
rajat30_mc64_5	mpi	patoh	w600	1	11.584915	0.04802816	0.098	ok
rajat30_mc64_5	mpi	patoh	w700	1	11.736831	0.06629222	0.097	ok
rajat30_mc64_5	mpi	patoh	w800	1	11.849753	0.01147478	0.096	ok
rajat30_mc64_5	mpi	patoh	w900	1	11.941204	0.02646723	0.095	ok
rajat30_mc64_5	mpi-gpu	naive	w100	1	7.673101	0.07957329	0.148	ok
rajat30_mc64_5	mpi-gpu	naive	w1000	1	4.284016	0.08076576	0.265	ok
rajat30_mc64_5	mpi-gpu	naive	w1100	1	4.274958	0.08151265	0.266	ok
rajat30_mc64_5	mpi-gpu	naive	w1200	1	4.277062	0.07026108	0.266	ok
rajat30_mc64_5	mpi-gpu	naive	w2000	1	4.313438	0.5122455	0.263	ok
rajat30_mc64_5	mpi-gpu	naive	w2720	1	4.407109	0.03254774	0.258	ok
rajat30_mc64_5	mpi-gpu	naive	w400	1	4.388357	0.08820053	0.259	ok
rajat30_mc64_5	mpi-gpu	naive	w500	1	4.260212	0.06423895	0.267	ok
rajat30_mc64_5	mpi-gpu	naive	w600	1	4.207541	0.08001557	0.27	ok
rajat30_mc64_5	mpi-gpu	naive	w700	1	4.147913	0.05598629	0.274	ok
rajat30_mc64_5	mpi-gpu	naive	w800	1	4.376216	0.079933	0.26	ok
rajat30_mc64_5	mpi-gpu	naive	w900	1	4.336756	0.06543428	0.262	ok
rajat30_mc64_5	mpi-gpu	patoh	w100	1	7.504389	0.06619829	0.151	ok
rajat30_mc64_5	mpi-gpu	patoh	w1000	1	4.066991	0.07305033	0.279	ok
rajat30_mc64_5	mpi-gpu	patoh	w1100	1	4.093244	0.08230262	0.278	ok
rajat30_mc64_5	mpi-gpu	patoh	w1200	1	4.125697	0.09108431	0.275	ok
rajat30_mc64_5	mpi-gpu	patoh	w2000	1	4.351664	0.04239085	0.261	ok
rajat30_mc64_5	mpi-gpu	patoh	w2720	1	4.489368	0.0754348	0.253	ok
rajat30_mc64_5	mpi-gpu	patoh	w400	1	4.493122	0.08372615	0.253	ok
rajat30_mc64_5	mpi-gpu	patoh	w500	1	4.276563	0.07787054	0.266	ok
rajat30_mc64_5	mpi-gpu	patoh	w600	1	4.296106	0.05578046	0.264	ok
rajat30_mc64_5	mpi-gpu	patoh	w700	1	4.218019	0.08137084	0.269	ok
rajat30_mc64_5	mpi-gpu	patoh	w800	1	3.54381	0.02012641	0.321	ok
rajat30_mc64_5	mpi-gpu	patoh	w900	1	4.072459	0.02390456	0.279	ok
ss	cpu	-	-	16	9.876833	5.157055e-05	0.083	ok
ss	gpu	-	-	1	0.819524	4.377071e-05	1.0	ok
ss	gpu-dp	-	-	1	0.726698	4.140923e-05	1.128	ok
ss	gpu-pipelined	-	-	1	1.094315	4.043604e-05	0.749	ok
ss	hybrid-async	naive	w100	4	2.786847	3.593807e-05	0.294	ok
ss	hybrid-async	naive	w1000	4	0.776794	4.879612e-05	1.055	ok
ss	hybrid-async	naive	w1100	4	0.776783	3.805695e-05	1.055	ok
ss	hybrid-async	naive	w1200	4	0.776463	3.910758e-05	1.055	ok
ss	hybrid-async	naive	w2000	4	0.790361	0.0001386017	1.037	ok
ss	hybrid-async	naive	w2720	4	0.796067	6.184735e-05	1.029	ok
ss	hybrid-async	naive	w400	4	1.297715	4.659536e-05	0.632	ok
ss	hybrid-async	naive	w500	4	1.134792	4.006015e-05	0.722	ok
ss	hybrid-async	naive	w600	4	1.010967	3.520884e-05	0.811	ok
ss	hybrid-async	naive	w700	4	0.914452	6.227118e-05	0.896	ok
ss	hybrid-async	naive	w800	4	0.83185	6.428118e-05	0.985	ok
ss	hybrid-async	naive	w900	4	0.794618	3.725494e-05	1.031	ok
ss	hybrid-async	patoh	w100	4	2.808725	3.821374e-05	0.292	ok
ss	hybrid-async	patoh	w1000	4	0.777269	4.854889e-05	1.054	ok
ss	hybrid-async	patoh	w1100	4	0.776959	5.548893e-05	1.055	ok
ss	hybrid-async	patoh	w1200	4	0.785603	3.938161e-05	1.043	ok
ss	hybrid-async	patoh	w2000	4	0.796522	3.307409e-05	1.029	ok
ss	hybrid-async	patoh	w2720	4	0.803949	4.185374e-05	1.019	ok
ss	hybrid-async	patoh	w400	4	1.244732	3.636267e-05	0.658	ok
ss	hybrid-async	patoh	w500	4	1.067696	4.302157e-05	0.768	ok
ss	hybrid-async	patoh	w600	4	0.946196	4.303589e-05	0.866	ok
ss	hybrid-async	patoh	w700	4	0.855922	3.381046e-05	0.957	ok
ss	hybrid-async	patoh	w800	4	0.795174	3.944448e-05	1.031	ok
ss	hybrid-async	patoh	w900	4	0.772369	4.427479e-05	1.061	ok
ss	hybrid-async-dp	naive	w100	4	2.685358	4.647876e-05	0.305	ok
ss	hybrid-async-dp	naive	w1000	4	0.684506	3.162066e-05	1.197	ok
ss	hybrid-async-dp	naive	w1100	4	0.683375	5.649451e-05	1.199	ok
ss	hybrid-async-dp	naive	w1200	4	0.677105	5.530214e-05	1.21	ok
ss	hybrid-async-dp	naive	w2000	4	0.697049	4.081764e-05	1.176	ok
ss	hybrid-async-dp	naive	w2720	2	0.699355	8.448907e-05	1.172	ok
ss	hybrid-async-dp	naive	w400	4	1.199715	0.0001418864	0.683	ok
ss	hybrid-async-dp	naive	w500	4	1.062402	4.641554e-05	0.771	ok
ss	hybrid-async-dp	naive	w600	4	0.89838	0.0001344061	0.912	ok
ss	hybrid-async-dp	naive	w700	4	0.81263	4.861668e-05	1.008	ok
ss	hybrid-async-dp	naive	w800	4	0.747663	4.705925e-05	1.096	ok
ss	hybrid-async-dp	naive	w900	4	0.694505	6.314612e-05	1.18	ok
ss	hybrid-async-dp	patoh	w100	4	2.680556	4.538823e-05	0.306	ok
ss	hybrid-async-dp	patoh	w1000	4	0.675314	2.838572e-05	1.214	ok
ss	hybrid-async-dp	patoh	w1100	4	0.683583	0.0006476854	1.199	ok
ss	hybrid-async-dp	patoh	w1200	4	0.687729	0.0002071822	1.192	ok
ss	hybrid-async-dp	patoh	w2000	2	0.69944	3.638428e-05	1.172	ok
ss	hybrid-async-dp	patoh	w2720	2	0.702938	4.812595e-05	1.166	ok
ss	hybrid-async-dp	patoh	w400	4	1.137617	4.185504e-05	0.72	ok
ss	hybrid-async-dp	patoh	w500	4	0.955579	4.157219e-05	0.858	ok
ss	hybrid-async-dp	patoh	w600	4	0.834273	0.0001490219	0.982	ok
ss	hybrid-async-dp	patoh	w700	4	0.750974	3.25851e-05	1.091	ok
ss	hybrid-async-dp	patoh	w800	4	0.683257	5.905484e-05	1.199	ok
ss	hybrid-async-dp	patoh	w900	4	0.677093	3.932201e-05	1.21	ok
ss	hybrid-dist-dp	naive	w100	4	3.069107	0.0001018515	0.267	ok
ss	hybrid-dist-dp	naive	w1000	2	0.734449	5.547396e-05	1.116	ok
ss	hybrid-dist-dp	naive	w1100	4	0.73585	9.426713e-05	1.114	ok
ss	hybrid-dist-dp	naive	w1200	4	0.729817	5.41784e-05	1.123	ok
ss	hybrid-dist-dp	naive	w2000	1	0.744908	7.518417e-05	1.1	ok
ss	hybrid-dist-dp	naive	w2720	1	0.742771	6.440043e-05	1.103	ok
ss	hybrid-dist-dp	naive	w400	4	1.158606	0.002056274	0.707	ok
ss	hybrid-dist-dp	naive	w500	4	1.000852	5.697495e-05	0.819	ok
ss	hybrid-dist-dp	naive	w600	4	0.831803	6.177935e-05	0.985	ok
ss	hybrid-dist-dp	naive	w700	4	0.736963	7.173929e-05	1.112	ok
ss	hybrid-dist-dp	naive	w800	4	0.726751	5.171338e-05	1.128	ok
ss	hybrid-dist-dp	naive	w900	4	0.73186	5.558467e-05	1.12	ok
ss	hybrid-dist-dp	patoh	w100	4	3.170531	9.078613e-05	0.258	ok
ss	hybrid-dist-dp	patoh	w1000	2	0.698862	8.793435e-05	1.173	ok
ss	hybrid-dist-dp	patoh	w1100	4	0.704919	4.311957e-05	1.163	ok
ss	hybrid-dist-dp	patoh	w1200	2	0.705741	4.769804e-05	1.161	ok
ss	hybrid-dist-dp	patoh	w2000	1	0.728024	5.045446e-05	1.126	ok
ss	hybrid-dist-dp	patoh	w2720	4	0.729636	3.557451e-05	1.123	ok
ss	hybrid-dist-dp	patoh	w400	4	0.999368	4.312914e-05	0.82	ok
ss	hybrid-dist-dp	patoh	w500	4	0.802227	5.95884e-05	1.022	ok
ss	hybrid-dist-dp	patoh	w600	4	0.68355	3.382095e-05	1.199	ok
ss	hybrid-dist-dp	patoh	w700	4	0.686436	6.02161e-05	1.194	ok
ss	hybrid-dist-dp	patoh	w800	4	0.688134	6.966101e-05	1.191	ok
ss	hybrid-dist-dp	patoh	w900	4	0.693338	2.672432e-05	1.182	ok
ss	hybrid-dist-pipelined	naive	w100	4	3.888414	0.0001086522	0.211	ok
ss	hybrid-dist-pipelined	naive	w1000	4	0.934555	6.576043e-05	0.877	ok
ss	hybrid-dist-pipelined	naive	w1100	4	0.934656	0.0001073527	0.877	ok
ss	hybrid-dist-pipelined	naive	w1200	4	0.931454	7.915537e-05	0.88	ok
ss	hybrid-dist-pipelined	naive	w2000	4	0.938521	7.091136e-05	0.873	ok
ss	hybrid-dist-pipelined	naive	w2720	4	0.942181	0.001021835	0.87	ok
ss	hybrid-dist-pipelined	naive	w400	4	1.46622	8.930637e-05	0.559	ok
ss	hybrid-dist-pipelined	naive	w500	4	1.244993	7.366528e-05	0.658	ok
ss	hybrid-dist-pipelined	naive	w600	4	1.094821	7.037661e-05	0.749	ok
ss	hybrid-dist-pipelined	naive	w700	4	0.980865	5.09769e-05	0.836	ok
ss	hybrid-dist-pipelined	naive	w800	4	0.926983	6.695142e-05	0.884	ok
ss	hybrid-dist-pipelined	naive	w900	4	0.93156	7.75174e-05	0.88	ok
ss	hybrid-dist-pipelined	patoh	w100	4	3.998995	4.768419e-05	0.205	ok
ss	hybrid-dist-pipelined	patoh	w1000	4	0.894291	4.039191e-05	0.916	ok
ss	hybrid-dist-pipelined	patoh	w1100	2	0.893697	4.395624e-05	0.917	ok
ss	hybrid-dist-pipelined	patoh	w1200	2	0.902468	6.703461e-05	0.908	ok
ss	hybrid-dist-pipelined	patoh	w2000	4	0.921104	0.0004224369	0.89	ok
ss	hybrid-dist-pipelined	patoh	w2720	4	0.927997	7.45537e-05	0.883	ok
ss	hybrid-dist-pipelined	patoh	w400	4	1.303361	0.0001136941	0.629	ok
ss	hybrid-dist-pipelined	patoh	w500	4	1.061866	8.748627e-05	0.772	ok
ss	hybrid-dist-pipelined	patoh	w600	4	0.925289	6.790125e-05	0.886	ok
ss	hybrid-dist-pipelined	patoh	w700	4	0.876354	0.0001432426	0.935	ok
ss	hybrid-dist-pipelined	patoh	w800	4	0.88765	7.375183e-05	0.923	ok
ss	hybrid-dist-pipelined	patoh	w900	4	0.886292	8.583499e-05	0.925	ok
ss	mpi	naive	w100	1	8.413156	9.204684e-05	0.097	ok
ss	mpi	naive	w1000	1	10.167055	3.336639e-05	0.081	ok
ss	mpi	naive	w1100	1	10.18091	8.172429e-05	0.08	ok
ss	mpi	naive	w1200	1	10.205342	8.765039e-05	0.08	ok
ss	mpi	naive	w2000	1	10.368242	4.913935e-05	0.079	ok
ss	mpi	naive	w2720	1	10.399067	5.730161e-05	0.079	ok
ss	mpi	naive	w400	1	9.771143	6.802166e-05	0.084	ok
ss	mpi	naive	w500	1	9.894279	5.928354e-05	0.083	ok
ss	mpi	naive	w600	1	10.017175	3.45429e-05	0.082	ok
ss	mpi	naive	w700	1	10.048789	6.771582e-05	0.082	ok
ss	mpi	naive	w800	1	10.104738	1.397318e-05	0.081	ok
ss	mpi	naive	w900	1	10.154807	7.160954e-05	0.081	ok
ss	mpi	patoh	w100	1	7.220483	8.854175e-05	0.113	ok
ss	mpi	patoh	w1000	1	10.127817	6.423443e-05	0.081	ok
ss	mpi	patoh	w1100	1	10.18324	5.791106e-05	0.08	ok
ss	mpi	patoh	w1200	1	10.195451	4.45823e-05	0.08	ok
ss	mpi	patoh	w2000	1	10.321859	8.785729e-05	0.079	ok
ss	mpi	patoh	w2720	1	10.38525	7.022666e-05	0.079	ok
ss	mpi	patoh	w400	1	9.342891	3.364761e-05	0.088	ok
ss	mpi	patoh	w500	1	9.637768	6.432043e-05	0.085	ok
ss	mpi	patoh	w600	1	9.757426	7.370985e-05	0.084	ok
ss	mpi	patoh	w700	1	9.925842	0.0001259185	0.083	ok
ss	mpi	patoh	w800	1	10.002092	5.847074e-05	0.082	ok
ss	mpi	patoh	w900	1	10.092119	7.674542e-05	0.081	ok
ss	mpi-gpu	naive	w100	1	5.918338	6.770626e-05	0.138	ok
ss	mpi-gpu	naive	w1000	1	1.425056	7.800319e-05	0.575	ok
ss	mpi-gpu	naive	w1100	1	1.365407	0.0004010515	0.6	ok
ss	mpi-gpu	naive	w1200	1	1.246798	6.463793e-05	0.657	ok
ss	mpi-gpu	naive	w2000	1	1.207287	7.793714e-05	0.679	ok
ss	mpi-gpu	naive	w2720	1	1.202019	0.0002274581	0.682	ok
ss	mpi-gpu	naive	w400	1	2.58216	0.0001027415	0.317	ok
ss	mpi-gpu	naive	w500	1	2.199629	8.4402e-05	0.373	ok
ss	mpi-gpu	naive	w600	1	1.939768	4.675771e-05	0.422	ok
ss	mpi-gpu	naive	w700	1	1.751731	9.02967e-05	0.468	ok
ss	mpi-gpu	naive	w800	1	1.673134	7.101566e-05	0.49	ok
ss	mpi-gpu	naive	w900	1	1.47497	0.0001036697	0.556	ok
ss	mpi-gpu	patoh	w100	1	5.274851	3.454469e-05	0.155	ok
ss	mpi-gpu	patoh	w1000	1	1.160271	6.496082e-05	0.706	ok
ss	mpi-gpu	patoh	w1100	1	1.160557	6.053095e-05	0.706	ok
ss	mpi-gpu	patoh	w1200	1	1.150129	4.321154e-05	0.713	ok
ss	mpi-gpu	patoh	w2000	1	1.12714	4.74437e-05	0.727	ok
ss	mpi-gpu	patoh	w2720	1	1.13135	4.271636e-05	0.724	ok
ss	mpi-gpu	patoh	w400	1	2.109063	7.975208e-05	0.389	ok
ss	mpi-gpu	patoh	w500	1	1.762747	4.169065e-05	0.465	ok
ss	mpi-gpu	patoh	w600	1	1.553532	8.977994e-05	0.528	ok
ss	mpi-gpu	patoh	w700	1	1.336187	0.0001276687	0.613	ok
ss	mpi-gpu	patoh	w800	1	1.247013	6.011034e-05	0.657	ok
ss	mpi-gpu	patoh	w900	1	1.163568	0.0003481643	0.704	ok
vas_stokes_1M	cpu	-	-	4	8.609604	0.02164448	0.085	ok
vas_stokes_1M	gpu	-	-	1	0.730175	0.10647	1.0	ok
vas_stokes_1M	gpu-dp	-	-	1	0.6558	0.04417834	1.113	ok
vas_stokes_1M	gpu-pipelined	-	-	1	0.938441	0.08560438	0.778	ok
vas_stokes_1M	hybrid-async	naive	w100	4	2.478648	0.1034038	0.295	ok
vas_stokes_1M	hybrid-async	naive	w1000	4	0.682706	0.03000293	1.07	ok
vas_stokes_1M	hybrid-async	naive	w1100	2	0.688088	0.01726422	1.061	ok
vas_stokes_1M	hybrid-async	naive	w1200	4	0.68749	0.01758743	1.062	ok
vas_stokes_1M	hybrid-async	naive	w2000	2	0.700379		1.043	ok
vas_stokes_1M	hybrid-async	naive	w2720	2	0.708782	0.3039057	1.03	ok
vas_stokes_1M	hybrid-async	naive	w400	4	1.057258	0.02151006	0.691	ok
vas_stokes_1M	hybrid-async	naive	w500	4	0.894471	0.05977766	0.816	ok
vas_stokes_1M	hybrid-async	naive	w600	4	0.785212	0.02162332	0.93	ok
vas_stokes_1M	hybrid-async	naive	w700	4	0.703195	0.06910401	1.038	ok
vas_stokes_1M	hybrid-async	naive	w800	4	0.675136		1.082	ok
vas_stokes_1M	hybrid-async	naive	w900	4	0.682167	0.05581414	1.07	ok
vas_stokes_1M	hybrid-async	patoh	w100	4	2.51201	0.03440303	0.291	ok
vas_stokes_1M	hybrid-async	patoh	w1000	4	0.687999	0.05123888	1.061	ok
vas_stokes_1M	hybrid-async	patoh	w1100	4	0.68548	0.07736034	1.065	ok
vas_stokes_1M	hybrid-async	patoh	w1200	2	0.688178	0.1232803	1.061	ok
vas_stokes_1M	hybrid-async	patoh	w2000	2	0.706521	0.03918593	1.033	ok
vas_stokes_1M	hybrid-async	patoh	w2720	1	0.707967	0.03230791	1.031	ok
vas_stokes_1M	hybrid-async	patoh	w400	4	1.075374	0.1871892	0.679	ok
vas_stokes_1M	hybrid-async	patoh	w500	4	0.909424	0.05074996	0.803	ok
vas_stokes_1M	hybrid-async	patoh	w600	4	0.767548	0.1197777	0.951	ok
vas_stokes_1M	hybrid-async	patoh	w700	4	0.672761	0.02036557	1.085	ok
vas_stokes_1M	hybrid-async	patoh	w800	4	0.671677	0.07795969	1.087	ok
vas_stokes_1M	hybrid-async	patoh	w900	4	0.682978	0.1721087	1.069	ok
vas_stokes_1M	hybrid-async-dp	naive	w100	4	2.391058		0.305	ok
vas_stokes_1M	hybrid-async-dp	naive	w1000	4	0.610776	0.07807151	1.195	ok
vas_stokes_1M	hybrid-async-dp	naive	w1100	4	0.625089	0.0272643	1.168	ok
vas_stokes_1M	hybrid-async-dp	naive	w1200	2	0.62015	0.399462	1.177	ok
vas_stokes_1M	hybrid-async-dp	naive	w2000	4	0.631131	0.02491434	1.157	ok
vas_stokes_1M	hybrid-async-dp	naive	w2720	4	0.636087	0.03818906	1.148	ok
vas_stokes_1M	hybrid-async-dp	naive	w400	4	0.985505	0.05720909	0.741	ok
vas_stokes_1M	hybrid-async-dp	naive	w500	4	0.831417	0.01569546	0.878	ok
vas_stokes_1M	hybrid-async-dp	naive	w600	4	0.716687	0.05956834	1.019	ok
vas_stokes_1M	hybrid-async-dp	naive	w700	4	0.63246	0.04693693	1.154	ok
vas_stokes_1M	hybrid-async-dp	naive	w800	4	0.606935	0.8526516	1.203	ok
vas_stokes_1M	hybrid-async-dp	naive	w900	4	0.61108	0.02167457	1.195	ok
vas_stokes_1M	hybrid-async-dp	patoh	w100	4	2.425077	0.02107809	0.301	ok
vas_stokes_1M	hybrid-async-dp	patoh	w1000	4	0.613205	0.0393226	1.191	ok
vas_stokes_1M	hybrid-async-dp	patoh	w1100	4	0.621281	0.04681333	1.175	ok
vas_stokes_1M	hybrid-async-dp	patoh	w1200	2	0.620554	0.3556982	1.177	ok
vas_stokes_1M	hybrid-async-dp	patoh	w2000	4	0.637139	0.02223597	1.146	ok
vas_stokes_1M	hybrid-async-dp	patoh	w2720	4	0.639017	0.1081734	1.143	ok
vas_stokes_1M	hybrid-async-dp	patoh	w400	4	0.999657	0.01652722	0.73	ok
vas_stokes_1M	hybrid-async-dp	patoh	w500	4	0.832499	0.02822152	0.877	ok
vas_stokes_1M	hybrid-async-dp	patoh	w600	4	0.712723	1.656762	1.024	ok
vas_stokes_1M	hybrid-async-dp	patoh	w700	4	0.605327		1.206	ok
vas_stokes_1M	hybrid-async-dp	patoh	w800	4	0.603656	0.02688993	1.21	ok
vas_stokes_1M	hybrid-async-dp	patoh	w900	4	0.606633	0.06460236	1.204	ok
vas_stokes_1M	hybrid-dist-dp	naive	w100	4	2.50252	0.1432691	0.292	ok
vas_stokes_1M	hybrid-dist-dp	naive	w1000	2	0.651247	0.02516298	1.121	ok
vas_stokes_1M	hybrid-dist-dp	naive	w1100	2	0.655465	0.03066374	1.114	ok
vas_stokes_1M	hybrid-dist-dp	naive	w1200	4	0.654315	0.01916884	1.116	ok
vas_stokes_1M	hybrid-dist-dp	naive	w2000	2	0.663666	0.05759032	1.1	ok
vas_stokes_1M	hybrid-dist-dp	naive	w2720	2	0.667866	0.03680769	1.093	ok
vas_stokes_1M	hybrid-dist-dp	naive	w400	4	0.901637	0.02615114	0.81	ok
vas_stokes_1M	hybrid-dist-dp	naive	w500	4	0.74091	0.1761341	0.986	ok
vas_stokes_1M	hybrid-dist-dp	naive	w600	4	0.641371	0.05275388	1.138	ok
vas_stokes_1M	hybrid-dist-dp	naive	w700	4	0.644556	0.1578567	1.133	ok
vas_stokes_1M	hybrid-dist-dp	naive	w800	4	0.643533	0.1441581	1.135	ok
vas_stokes_1M	hybrid-dist-dp	naive	w900	2	0.652736	0.09453691	1.119	ok
vas_stokes_1M	hybrid-dist-dp	patoh	w100	4	2.608484	0.06238996	0.28	ok
vas_stokes_1M	hybrid-dist-dp	patoh	w1000	4	0.632574	5.124669	1.154	ok
vas_stokes_1M	hybrid-dist-dp	patoh	w1100	2	0.632796	0.03620563	1.154	ok
vas_stokes_1M	hybrid-dist-dp	patoh	w1200	4	0.637827	0.02910527	1.145	ok
vas_stokes_1M	hybrid-dist-dp	patoh	w2000	2	0.658356		1.109	ok
vas_stokes_1M	hybrid-dist-dp	patoh	w2720	4	0.659703	0.1302655	1.107	ok
vas_stokes_1M	hybrid-dist-dp	patoh	w400	4	0.868233	0.01807059	0.841	ok
vas_stokes_1M	hybrid-dist-dp	patoh	w500	4	0.701659	0.1612423	1.041	ok
vas_stokes_1M	hybrid-dist-dp	patoh	w600	4	0.609917	0.03798835	1.197	ok
vas_stokes_1M	hybrid-dist-dp	patoh	w700	4	0.614716	0.03963613	1.188	ok
vas_stokes_1M	hybrid-dist-dp	patoh	w800	4	0.623318	0.4393155	1.171	ok
vas_stokes_1M	hybrid-dist-dp	patoh	w900	4	0.625632	0.01861128	1.167	ok
vas_stokes_1M	hybrid-dist-pipelined	naive	w100	4	2.963387	0.08606612	0.246	ok
vas_stokes_1M	hybrid-dist-pipelined	naive	w1000	4	0.81639	0.0326865	0.894	ok
vas_stokes_1M	hybrid-dist-pipelined	naive	w1100	2	0.811138	0.02861102	0.9	ok
vas_stokes_1M	hybrid-dist-pipelined	naive	w1200	2	0.820636	0.1263516	0.89	ok
vas_stokes_1M	hybrid-dist-pipelined	naive	w2000	1	0.829222	0.4218729	0.881	ok
vas_stokes_1M	hybrid-dist-pipelined	naive	w2720	4	0.825744	0.07108649	0.884	ok
vas_stokes_1M	hybrid-dist-pipelined	naive	w400	4	1.139254	0.01833655	0.641	ok
vas_stokes_1M	hybrid-dist-pipelined	naive	w500	4	0.938065		0.778	ok
vas_stokes_1M	hybrid-dist-pipelined	naive	w600	4	0.804177	11.59354	0.908	ok
vas_stokes_1M	hybrid-dist-pipelined	naive	w700	4	0.79536	0.03060383	0.918	ok
vas_stokes_1M	hybrid-dist-pipelined	naive	w800	4	0.798179	0.02357155	0.915	ok
vas_stokes_1M	hybrid-dist-pipelined	naive	w900	2	0.805446	0.0321616	0.907	ok
vas_stokes_1M	hybrid-dist-pipelined	patoh	w100	4	3.302876	0.0772026	0.221	ok
vas_stokes_1M	hybrid-dist-pipelined	patoh	w1000	4	0.780311	0.03516936	0.936	ok
vas_stokes_1M	hybrid-dist-pipelined	patoh	w1100	2	0.786019	0.07741533	0.929	ok
vas_stokes_1M	hybrid-dist-pipelined	patoh	w1200	4	0.791949	0.1036302	0.922	ok
vas_stokes_1M	hybrid-dist-pipelined	patoh	w2000	2	0.815197	0.01807638	0.896	ok
vas_stokes_1M	hybrid-dist-pipelined	patoh	w2720	4	0.824216	0.01849201	0.886	ok
vas_stokes_1M	hybrid-dist-pipelined	patoh	w400	4	1.114207	0.02249395	0.655	ok
vas_stokes_1M	hybrid-dist-pipelined	patoh	w500	4	0.90924	0.1160049	0.803	ok
vas_stokes_1M	hybrid-dist-pipelined	patoh	w600	4	0.764543	0.01702312	0.955	ok
vas_stokes_1M	hybrid-dist-pipelined	patoh	w700	4	0.774828	0.0236623	0.942	ok
vas_stokes_1M	hybrid-dist-pipelined	patoh	w800	2	0.775396	0.01802516	0.942	ok
vas_stokes_1M	hybrid-dist-pipelined	patoh	w900	2	0.777479	0.0237412	0.939	ok
vas_stokes_1M	mpi	naive	w100	1	7.15366	0.03505263	0.102	ok
vas_stokes_1M	mpi	naive	w1000	1	9.051112	0.03380874	0.081	ok
vas_stokes_1M	mpi	naive	w1100	1	9.05939	0.07105607	0.081	ok
vas_stokes_1M	mpi	naive	w1200	1	9.095113	0.03772247	0.08	ok
vas_stokes_1M	mpi	naive	w2000	1	9.27469	0.09978078	0.079	ok
vas_stokes_1M	mpi	naive	w2720	1	9.367377	0.02807382	0.078	ok
vas_stokes_1M	mpi	naive	w400	1	8.479436	0.01881421	0.086	ok
vas_stokes_1M	mpi	naive	w500	1	8.664197	0.04613771	0.084	ok
vas_stokes_1M	mpi	naive	w600	1	8.741306	0.02118812	0.084	ok
vas_stokes_1M	mpi	naive	w700	1	8.874167	0.02021006	0.082	ok
vas_stokes_1M	mpi	naive	w800	1	8.926042	0.04355899	0.082	ok
vas_stokes_1M	mpi	naive	w900	1	9.000281	0.07590244	0.081	ok
vas_stokes_1M	mpi	patoh	w100	1	6.11075	0.02598902	0.119	ok
vas_stokes_1M	mpi	patoh	w1000	1	8.94524	0.05277881	0.082	ok
vas_stokes_1M	mpi	patoh	w1100	1	9.05491	0.0276846	0.081	ok
vas_stokes_1M	mpi	patoh	w1200	1	9.023581	0.02023935	0.081	ok
vas_stokes_1M	mpi	patoh	w2000	1	9.232043	0.02188451	0.079	ok
vas_stokes_1M	mpi	patoh	w2720	1	9.28236	0.02161403	0.079	ok
vas_stokes_1M	mpi	patoh	w400	1	8.267455	0.04139012	0.088	ok
vas_stokes_1M	mpi	patoh	w500	1	8.353858	0.06681352	0.087	ok
vas_stokes_1M	mpi	patoh	w600	1	8.593413	4.319917	0.085	ok
vas_stokes_1M	mpi	patoh	w700	1	8.786108	0.01802056	0.083	ok
vas_stokes_1M	mpi	patoh	w800	1	8.823719	0.2233722	0.083	ok
vas_stokes_1M	mpi	patoh	w900	1	8.945477	0.01649818	0.082	ok
vas_stokes_1M	mpi-gpu	naive	w100	1	4.778274	0.044069	0.153	ok
vas_stokes_1M	mpi-gpu	naive	w1000	1	1.100578	0.1349577	0.663	ok
vas_stokes_1M	mpi-gpu	naive	w1100	1	1.041624	0.02279536	0.701	ok
vas_stokes_1M	mpi-gpu	naive	w1200	1	0.999991	0.06361155	0.73	ok
vas_stokes_1M	mpi-gpu	naive	w2000	1	0.955043	0.06645794	0.765	ok
vas_stokes_1M	mpi-gpu	naive	w2720	1	0.954887	0.112264	0.765	ok
vas_stokes_1M	mpi-gpu	naive	w400	1	1.952068	0.02974652	0.374	ok
vas_stokes_1M	mpi-gpu	naive	w500	1	1.753491	0.02765803	0.416	ok
vas_stokes_1M	mpi-gpu	naive	w600	1	1.538337	0.07736222	0.475	ok
vas_stokes_1M	mpi-gpu	naive	w700	1	1.389318	0.8034769	0.526	ok
vas_stokes_1M	mpi-gpu	naive	w800	1	1.248623	0.03296942	0.585	ok
vas_stokes_1M	mpi-gpu	naive	w900	1	1.186539	0.04176196	0.615	ok
vas_stokes_1M	mpi-gpu	patoh	w100	1	4.682292	0.02314291	0.156	ok
vas_stokes_1M	mpi-gpu	patoh	w1000	1	0.926963	0.02315758	0.788	ok
vas_stokes_1M	mpi-gpu	patoh	w1100	1	0.91911	0.01831345	0.794	ok
vas_stokes_1M	mpi-gpu	patoh	w1200	1	0.919518	0.05635335	0.794	ok
vas_stokes_1M	mpi-gpu	patoh	w2000	1	0.925767	0.01953743	0.789	ok
vas_stokes_1M	mpi-gpu	patoh	w2720	1	0.926669	0.02290816	0.788	ok
vas_stokes_1M	mpi-gpu	patoh	w400	1	1.845677	0.02242183	0.396	ok
vas_stokes_1M	mpi-gpu	patoh	w500	1	1.630163	0.02933714	0.448	ok
vas_stokes_1M	mpi-gpu	patoh	w600	1	1.328245	0.2039427	0.55	ok
vas_stokes_1M	mpi-gpu	patoh	w700	1	1.106619	0.01633231	0.66	ok
vas_stokes_1M	mpi-gpu	patoh	w800	1	1.012561	0.08777487	0.721	ok
vas_stokes_1M	mpi-gpu	patoh	w900	1	0.933692	0.06488304	0.782	ok
mac_econ_fwd500	cpu	-	-	8	2.129309	84215190000.0	0.166	ok
mac_econ_fwd500	gpu	-	-	1	0.353539	nan	1.000	ok
mac_econ_fwd500	gpu-dp	-	-	1	0.28141	nan	1.256	ok
mac_econ_fwd500	gpu-pipelined	-	-	1	0.472102	nan	0.749	ok
mac_econ_fwd500	hybrid-async	patoh	w400	4	0.482447	nan	0.733	ok
mac_econ_fwd500	hybrid-async	patoh	w600	4	0.447186	nan	0.791	ok
mac_econ_fwd500	hybrid-async	patoh	w800	4	0.432889	nan	0.817	ok
mac_econ_fwd500	hybrid-async	patoh	w1000	4	0.431138	nan	0.820	ok
mac_econ_fwd500	hybrid-async	patoh	w1200	4	0.430709	nan	0.821	ok
mac_econ_fwd500	hybrid-async	patoh	w2000	4	0.404689	nan	0.874	ok
mac_econ_fwd500	hybrid-async	naive	w400	4	0.486256	nan	0.727	ok
mac_econ_fwd500	hybrid-async	naive	w600	4	0.444596	99987490000.0	0.795	ok
mac_econ_fwd500	hybrid-async	naive	w800	4	0.430789	nan	0.821	ok
mac_econ_fwd500	hybrid-async	naive	w1000	4	0.428718	nan	0.825	ok
mac_econ_fwd500	hybrid-async	naive	w1200	4	0.420166	nan	0.841	ok
mac_econ_fwd500	hybrid-async	naive	w2000	4	0.407316	nan	0.868	ok
mac_econ_fwd500	hybrid-async-dp	patoh	w400	4	0.387035	nan	0.913	ok
mac_econ_fwd500	hybrid-async-dp	patoh	w600	4	0.367086	nan	0.963	ok
mac_econ_fwd500	hybrid-async-dp	patoh	w800	4	0.347991	nan	1.016	ok
mac_econ_fwd500	hybrid-async-dp	patoh	w1000	4	0.333937	nan	1.059	ok
mac_econ_fwd500	hybrid-async-dp	patoh	w1200	4	0.334836	nan	1.056	ok
mac_econ_fwd500	hybrid-async-dp	patoh	w2000	4	0.312181	nan	1.132	ok
mac_econ_fwd500	hybrid-async-dp	naive	w400	4	0.387621	nan	0.912	ok
mac_econ_fwd500	hybrid-async-dp	naive	w600	4	0.360199	nan	0.982	ok
mac_econ_fwd500	hybrid-async-dp	naive	w800	4	0.353665	nan	1.000	ok
mac_econ_fwd500	hybrid-async-dp	naive	w1000	4	0.345178	nan	1.024	ok
mac_econ_fwd500	hybrid-async-dp	naive	w1200	4	0.333552	nan	1.060	ok
mac_econ_fwd500	hybrid-async-dp	naive	w2000	4	0.313798	nan	1.127	ok
mac_econ_fwd500	hybrid-dist-dp	patoh	w400	4	0.336129	3029832000.0	1.052	ok
mac_econ_fwd500	hybrid-dist-dp	patoh	w600	4	0.323951	19092120000.0	1.091	ok
mac_econ_fwd500	hybrid-dist-dp	patoh	w800	1	0.324268	2603405.0	1.090	ok
mac_econ_fwd500	hybrid-dist-dp	patoh	w1000	1	0.317014	445652700000.0	1.115	ok
mac_econ_fwd500	hybrid-dist-dp	patoh	w1200	1	0.314596	122654100000000.0	1.124	ok
mac_econ_fwd500	hybrid-dist-dp	patoh	w2000	2	0.319952	106325700000000.0	1.105	ok
mac_econ_fwd500	hybrid-dist-dp	naive	w400	4	0.337732	3365071.0	1.047	ok
mac_econ_fwd500	hybrid-dist-dp	naive	w600	4	0.328303	2.302726e+16	1.077	ok
mac_econ_fwd500	hybrid-dist-dp	naive	w800	2	0.327886	537350200000.0	1.078	ok
mac_econ_fwd500	hybrid-dist-dp	naive	w1000	1	0.317801	846679100000.0	1.112	ok
mac_econ_fwd500	hybrid-dist-dp	naive	w1200	1	0.319607	493186400.0	1.106	ok
mac_econ_fwd500	hybrid-dist-dp	naive	w2000	1	0.318626	24242710000.0	1.110	ok
mac_econ_fwd500	hybrid-dist-pipelined	patoh	w400	4	0.437202	292091900.0	0.809	ok
mac_econ_fwd500	hybrid-dist-pipelined	patoh	w600	2	0.443239	2399050000000.0	0.798	ok
mac_econ_fwd500	hybrid-dist-pipelined	patoh	w800	1	0.445546	4884993000000000.0	0.793	ok
mac_econ_fwd500	hybrid-dist-pipelined	patoh	w1000	2	0.450456	29749380000000.0	0.785	ok
mac_econ_fwd500	hybrid-dist-pipelined	patoh	w1200	4	0.449929	6675478000000.0	0.786	ok
mac_econ_fwd500	hybrid-dist-pipelined	patoh	w2000	1	0.450898	3033816000000.0	0.784	ok
mac_econ_fwd500	hybrid-dist-pipelined	naive	w400	4	0.433723	48135590000.0	0.815	ok
mac_econ_fwd500	hybrid-dist-pipelined	naive	w600	2	0.438999	32085150.0	0.805	ok
mac_econ_fwd500	hybrid-dist-pipelined	naive	w800	2	0.446112	1289873000000.0	0.792	ok
mac_econ_fwd500	hybrid-dist-pipelined	naive	w1000	2	0.450916	51677480.0	0.784	ok
mac_econ_fwd500	hybrid-dist-pipelined	naive	w1200	2	0.449638	6508791000.0	0.786	ok
mac_econ_fwd500	hybrid-dist-pipelined	naive	w2000	1	0.450515	193611900.0	0.785	ok
mac_econ_fwd500	mpi	patoh	w400	1	1.90637	30824750.0	0.185	ok
mac_econ_fwd500	mpi	patoh	w600	1	2.07306	45735080.0	0.171	ok
mac_econ_fwd500	mpi	patoh	w800	1	2.153891	13691090000.0	0.164	ok
mac_econ_fwd500	mpi	patoh	w1000	1	2.219271	1069095000000000.0	0.159	ok
mac_econ_fwd500	mpi	patoh	w1200	1	2.246093	10901590000000.0	0.157	ok
mac_econ_fwd500	mpi	patoh	w2000	1	2.30276	1.793604e+17	0.154	ok
mac_econ_fwd500	mpi	naive	w400	1	1.918845	306382600000000.0	0.184	ok
mac_econ_fwd500	mpi	naive	w600	1	2.065275	280558600000.0	0.171	ok
mac_econ_fwd500	mpi	naive	w800	1	2.131244	166908500000.0	0.166	ok
mac_econ_fwd500	mpi	naive	w1000	1	2.186236	4.274517e+16	0.162	ok
mac_econ_fwd500	mpi	naive	w1200	1	2.29255	8118945000000000.0	0.154	ok
mac_econ_fwd500	mpi	naive	w2000	1	2.294629	307311100000000.0	0.154	ok
mac_econ_fwd500	mpi-gpu	patoh	w400	1	0.59897	414327000000.0	0.590	ok
mac_econ_fwd500	mpi-gpu	patoh	w600	1	0.621922	5429030.0	0.568	ok
mac_econ_fwd500	mpi-gpu	patoh	w800	1	0.628028	190891000.0	0.563	ok
mac_econ_fwd500	mpi-gpu	patoh	w1000	1	0.648074	5818761000000.0	0.546	ok
mac_econ_fwd500	mpi-gpu	patoh	w1200	1	0.641828	77430910.0	0.551	ok
mac_econ_fwd500	mpi-gpu	patoh	w2000	1	0.652391	29785090.0	0.542	ok
mac_econ_fwd500	mpi-gpu	naive	w400	1	0.598879	477099900000000.0	0.590	ok
mac_econ_fwd500	mpi-gpu	naive	w600	1	0.608161	9958014.0	0.581	ok
mac_econ_fwd500	mpi-gpu	naive	w800	1	0.625227	702061600000.0	0.565	ok
mac_econ_fwd500	mpi-gpu	naive	w1000	1	0.632587	nan	0.559	ok
mac_econ_fwd500	mpi-gpu	naive	w1200	1	0.642046	115681700000.0	0.551	ok
mac_econ_fwd500	mpi-gpu	naive	w2000	1	0.648375	103371200000000.0	0.545	ok
FullChip	cpu	-	-	8	13.232066	0.01792234	0.070	ok
FullChip	gpu	-	-	1	0.925322	0.01971607	1.000	ok
FullChip	gpu-dp	-	-	1	0.760497	0.01878068	1.217	ok
FullChip	gpu-pipelined	-	-	1	1.35771	0.01550211	0.682	ok
FullChip	hybrid-async	patoh	w400	4	1.640558	0.01188445	0.564	ok
FullChip	hybrid-async	patoh	w600	4	1.339776	0.01633409	0.691	ok
FullChip	hybrid-async	patoh	w800	4	1.188432	0.01764571	0.779	ok
FullChip	hybrid-async	patoh	w1000	4	1.101264	0.01499275	0.840	ok
FullChip	hybrid-async	patoh	w1200	4	1.041316	0.02226383	0.889	ok
FullChip	hybrid-async	patoh	w2000	4	0.951437	0.01859226	0.973	ok
FullChip	hybrid-async	naive	w400	4	1.652175	0.013218	0.560	ok
FullChip	hybrid-async	naive	w600	4	1.368977	0.01153539	0.676	ok
FullChip	hybrid-async	naive	w800	4	1.208211	0.03768531	0.766	ok
FullChip	hybrid-async	naive	w1000	4	1.097738	0.01589437	0.843	ok
FullChip	hybrid-async	naive	w1200	4	1.047511	0.01709996	0.883	ok
FullChip	hybrid-async	naive	w2000	4	0.957708	0.01343875	0.966	ok
FullChip	hybrid-async-dp	patoh	w400	4	1.47147	0.01447853	0.629	ok
FullChip	hybrid-async-dp	patoh	w600	4	1.169014	0.01922695	0.792	ok
FullChip	hybrid-async-dp	patoh	w800	4	1.011568	0.01535387	0.915	ok
FullChip	hybrid-async-dp	patoh	w1000	4	0.912772	0.0256303	1.014	ok
FullChip	hybrid-async-dp	patoh	w1200	4	0.870497	0.02119405	1.063	ok
FullChip	hybrid-async-dp	patoh	w2000	4	0.793608	0.01254135	1.166	ok
FullChip	hybrid-async-dp	naive	w400	4	1.483125	0.01160333	0.624	ok
FullChip	hybrid-async-dp	naive	w600	4	1.187563	0.0647189	0.779	ok
FullChip	hybrid-async-dp	naive	w800	4	1.019479	0.06245722	0.908	ok
FullChip	hybrid-async-dp	naive	w1000	4	0.929119	0.01419313	0.996	ok
FullChip	hybrid-async-dp	naive	w1200	4	0.867986	0.06182104	1.066	ok
FullChip	hybrid-async-dp	naive	w2000	4	0.792122	0.01203472	1.168	ok
FullChip	hybrid-dist-dp	patoh	w400	4	1.413657	0.02119102	0.655	ok
FullChip	hybrid-dist-dp	patoh	w600	4	0.863285	0.01223246	1.072	ok
FullChip	hybrid-dist-dp	patoh	w800	4	0.780395	0.01236032	1.186	ok
FullChip	hybrid-dist-dp	patoh	w1000	4	0.769188	0.3042604	1.203	ok
FullChip	hybrid-dist-dp	patoh	w1200	4	0.759991	0.01312096	1.218	ok
FullChip	hybrid-dist-dp	patoh	w2000	2	0.783051	0.01787112	1.182	ok
FullChip	hybrid-dist-dp	naive	w400	4	1.515828	0.01186787	0.610	ok
FullChip	hybrid-dist-dp	naive	w600	4	0.983337	0.0130569	0.941	ok
FullChip	hybrid-dist-dp	naive	w800	4	0.792516	0.01756171	1.168	ok
FullChip	hybrid-dist-dp	naive	w1000	2	0.777325	0.01683278	1.190	ok
FullChip	hybrid-dist-dp	naive	w1200	4	0.771441	0.2798831	1.199	ok
FullChip	hybrid-dist-dp	naive	w2000	2	0.780758	0.02184244	1.185	ok
FullChip	hybrid-dist-pipelined	patoh	w400	4	1.978612	0.05935909	0.468	ok
FullChip	hybrid-dist-pipelined	patoh	w600	4	1.264476	0.01218265	0.732	ok
FullChip	hybrid-dist-pipelined	patoh	w800	4	1.060185	0.01686369	0.873	ok
FullChip	hybrid-dist-pipelined	patoh	w1000	2	1.055061	0.0243592	0.877	ok
FullChip	hybrid-dist-pipelined	patoh	w1200	2	1.044097	0.02692487	0.886	ok
FullChip	hybrid-dist-pipelined	patoh	w2000	4	1.073191	0.03276882	0.862	ok
FullChip	hybrid-dist-pipelined	naive	w400	4	2.164584	0.01741697	0.427	ok
FullChip	hybrid-dist-pipelined	naive	w600	4	1.417882	0.01841213	0.653	ok
FullChip	hybrid-dist-pipelined	naive	w800	4	1.112086	0.1367086	0.832	ok
FullChip	hybrid-dist-pipelined	naive	w1000	4	1.064678	0.01256731	0.869	ok
FullChip	hybrid-dist-pipelined	naive	w1200	2	1.056137	0.02883499	0.876	ok
FullChip	hybrid-dist-pipelined	naive	w2000	1	1.067793	0.01876406	0.867	ok
FullChip	mpi	patoh	w400	1	13.414871	0.04436042	0.069	ok
FullChip	mpi	patoh	w600	1	13.630048	0.03328056	0.068	ok
FullChip	mpi	patoh	w800	1	13.742658	0.01869706	0.067	ok
FullChip	mpi	patoh	w1000	1	13.918834	0.01806475	0.066	ok
FullChip	mpi	patoh	w1200	1	13.997262	0.06752865	0.066	ok
FullChip	mpi	patoh	w2000	1	14.009494	0.01641891	0.066	ok
FullChip	mpi	naive	w400	1	13.674109	0.04821452	0.068	ok
FullChip	mpi	naive	w600	1	13.758203	0.0130277	0.067	ok
FullChip	mpi	naive	w800	1	13.862959	0.02673817	0.067	ok
FullChip	mpi	naive	w1000	1	13.885893	0.06933569	0.067	ok
FullChip	mpi	naive	w1200	1	13.969531	0.09906697	0.066	ok
FullChip	mpi	naive	w2000	1	14.004326	0.02487208	0.066	ok
FullChip	mpi-gpu	patoh	w400	1	5.122888	0.01903597	0.181	ok
FullChip	mpi-gpu	patoh	w600	1	4.943632	0.08178743	0.187	ok
FullChip	mpi-gpu	patoh	w800	1	4.639089	0.01496243	0.199	ok
FullChip	mpi-gpu	patoh	w1000	1	4.637971	0.0171982	0.200	ok
FullChip	mpi-gpu	patoh	w1200	1	4.371485	0.01857692	0.212	ok
FullChip	mpi-gpu	patoh	w2000	1	4.419082	0.1459287	0.209	ok
FullChip	mpi-gpu	naive	w400	1	5.293326	0.01562199	0.175	ok
FullChip	mpi-gpu	naive	w600	1	4.956417	0.1517475	0.187	ok
FullChip	mpi-gpu	naive	w800	1	4.967229	0.01485212	0.186	ok
FullChip	mpi-gpu	naive	w1000	1	4.67234	1.754498	0.198	ok
FullChip	mpi-gpu	naive	w1200	1	4.686541	0.01860602	0.197	ok
FullChip	mpi-gpu	naive	w2000	1	4.303652	0.06587515	0.215	ok
Zd_Jac3	cpu	-	-	16	1.595788	8502523000.0	0.164	ok
Zd_Jac3	gpu	-	-	1	0.262453	3346438000.0	1.000	ok
Zd_Jac3	gpu-dp	-	-	1	0.214962	57760800000.0	1.221	ok
Zd_Jac3	gpu-pipelined	-	-	1	0.328735	nan	0.798	ok
Zd_Jac3	hybrid-async	patoh	w400	4	0.273084	111704000000.0	0.961	ok
Zd_Jac3	hybrid-async	patoh	w600	4	0.247691	98574850000.0	1.060	ok
Zd_Jac3	hybrid-async	patoh	w800	1	0.252515	5695484000.0	1.039	ok
Zd_Jac3	hybrid-async	patoh	w1000	4	0.250138	nan	1.049	ok
Zd_Jac3	hybrid-async	patoh	w1200	4	0.246732	nan	1.064	ok
Zd_Jac3	hybrid-async	patoh	w2000	4	0.28921	nan	0.907	ok
Zd_Jac3	hybrid-async	naive	w400	4	0.263982	2170147000.0	0.994	ok
Zd_Jac3	hybrid-async	naive	w600	4	0.251234	10783110000.0	1.045	ok
Zd_Jac3	hybrid-async	naive	w800	4	0.244409	4235943000.0	1.074	ok
Zd_Jac3	hybrid-async	naive	w1000	4	0.244053	62093030000.0	1.075	ok
Zd_Jac3	hybrid-async	naive	w1200	4	0.253386	20414370000.0	1.036	ok
Zd_Jac3	hybrid-async	naive	w2000	4	0.250528	1268474000.0	1.048	ok
Zd_Jac3	hybrid-async-dp	patoh	w400	4	0.226956	7436269000.0	1.156	ok
Zd_Jac3	hybrid-async-dp	patoh	w600	4	0.19717	126326600000.0	1.331	ok
Zd_Jac3	hybrid-async-dp	patoh	w800	4	0.203285	4540816000.0	1.291	ok
Zd_Jac3	hybrid-async-dp	patoh	w1000	4	0.200555	18758500000.0	1.309	ok
Zd_Jac3	hybrid-async-dp	patoh	w1200	2	0.19721	1112546000.0	1.331	ok
Zd_Jac3	hybrid-async-dp	patoh	w2000	4	0.224193	nan	1.171	ok
Zd_Jac3	hybrid-async-dp	naive	w400	4	0.204673	4280794000.0	1.282	ok
Zd_Jac3	hybrid-async-dp	naive	w600	4	0.192343	2366780000.0	1.365	ok
Zd_Jac3	hybrid-async-dp	naive	w800	4	0.192131	19244710000.0	1.366	ok
Zd_Jac3	hybrid-async-dp	naive	w1000	4	0.195029	203658400000.0	1.346	ok
Zd_Jac3	hybrid-async-dp	naive	w1200	4	0.197134	22187390000.0	1.331	ok
Zd_Jac3	hybrid-async-dp	naive	w2000	2	0.200663	1668003000.0	1.308	ok
Zd_Jac3	hybrid-dist-dp	patoh	w400	4	0.284865	2416364000.0	0.921	ok
Zd_Jac3	hybrid-dist-dp	patoh	w600	1	0.246728	33438650000.0	1.064	ok
Zd_Jac3	hybrid-dist-dp	patoh	w800	1	0.252301	61445220000.0	1.040	ok
Zd_Jac3	hybrid-dist-dp	patoh	w1000	1	0.250814	2010748000.0	1.046	ok
Zd_Jac3	hybrid-dist-dp	patoh	w1200	1	0.249508	15306440000.0	1.052	ok
Zd_Jac3	hybrid-dist-dp	patoh	w2000	4	0.278978	47323580000.0	0.941	ok
Zd_Jac3	hybrid-dist-dp	naive	w400	4	0.273719	790044700.0	0.959	ok
Zd_Jac3	hybrid-dist-dp	naive	w600	4	0.259563	11338180000.0	1.011	ok
Zd_Jac3	hybrid-dist-dp	naive	w800	4	0.270352	2451457000.0	0.971	ok
Zd_Jac3	hybrid-dist-dp	naive	w1000	1	0.249615	3505228000.0	1.051	ok
Zd_Jac3	hybrid-dist-dp	naive	w1200	1	0.251264	4705278000.0	1.045	ok
Zd_Jac3	hybrid-dist-dp	naive	w2000	1	0.25347	3360800000.0	1.035	ok
Zd_Jac3	hybrid-dist-pipelined	patoh	w400	4	0.336749	76227170000.0	0.779	ok
Zd_Jac3	hybrid-dist-pipelined	patoh	w600	1	0.285507	6628566000.0	0.919	ok
Zd_Jac3	hybrid-dist-pipelined	patoh	w800	1	0.292659	415713800.0	0.897	ok
Zd_Jac3	hybrid-dist-pipelined	patoh	w1000	1	0.290995	2708890000.0	0.902	ok
Zd_Jac3	hybrid-dist-pipelined	patoh	w1200	1	0.289323	20901020000.0	0.907	ok
Zd_Jac3	hybrid-dist-pipelined	patoh	w2000	4	0.339904	6979536000.0	0.772	ok
Zd_Jac3	hybrid-dist-pipelined	naive	w400	4	0.314959	801279700000.0	0.833	ok
Zd_Jac3	hybrid-dist-pipelined	naive	w600	4	0.319367	230190000000.0	0.822	ok
Zd_Jac3	hybrid-dist-pipelined	naive	w800	4	0.316284	709601000.0	0.830	ok
Zd_Jac3	hybrid-dist-pipelined	naive	w1000	1	0.293737	7026503000.0	0.893	ok
Zd_Jac3	hybrid-dist-pipelined	naive	w1200	1	0.290242	51905640000.0	0.904	ok
Zd_Jac3	hybrid-dist-pipelined	naive	w2000	1	0.291646	25110840000.0	0.900	ok
Zd_Jac3	mpi	patoh	w400	1	1.272722	26298720000.0	0.206	ok
Zd_Jac3	mpi	patoh	w600	1	1.671908	5050825000.0	0.157	ok
Zd_Jac3	mpi	patoh	w800	1	1.746918	8186099000.0	0.150	ok
Zd_Jac3	mpi	patoh	w1000	1	1.712244	5141735000.0	0.153	ok
Zd_Jac3	mpi	patoh	w1200	1	1.676158	183069700000.0	0.157	ok
Zd_Jac3	mpi	patoh	w2000	1	1.268751	nan	0.207	ok
Zd_Jac3	mpi	naive	w400	1	1.456907	nan	0.180	ok
Zd_Jac3	mpi	naive	w600	1	1.567137	15377090000.0	0.167	ok
Zd_Jac3	mpi	naive	w800	1	1.605776	2092208000.0	0.163	ok
Zd_Jac3	mpi	naive	w1000	1	1.644963	45645210000.0	0.160	ok
Zd_Jac3	mpi	naive	w1200	1	1.669564	5152764000.0	0.157	ok
Zd_Jac3	mpi	naive	w2000	1	1.723484	2572909000.0	0.152	ok
Zd_Jac3	mpi-gpu	patoh	w400	1	0.545615	15795510000.0	0.481	ok
Zd_Jac3	mpi-gpu	patoh	w600	1	0.358263	268537800000.0	0.733	ok
Zd_Jac3	mpi-gpu	patoh	w800	1	0.359633	180206600000.0	0.730	ok
Zd_Jac3	mpi-gpu	patoh	w1000	1	0.359634	99944600000.0	0.730	ok
Zd_Jac3	mpi-gpu	patoh	w1200	1	0.342316	830784200.0	0.767	ok
Zd_Jac3	mpi-gpu	patoh	w2000	1	0.620299	1542382000.0	0.423	ok
Zd_Jac3	mpi-gpu	naive	w400	1	0.423996	29458780000.0	0.619	ok
Zd_Jac3	mpi-gpu	naive	w600	1	0.338293	nan	0.776	ok
Zd_Jac3	mpi-gpu	naive	w800	1	0.329551	7209292000.0	0.796	ok
Zd_Jac3	mpi-gpu	naive	w1000	1	0.345403	20023140000.0	0.760	ok
Zd_Jac3	mpi-gpu	naive	w1200	1	0.354186	13469880000.0	0.741	ok
Zd_Jac3	mpi-gpu	naive	w2000	1	0.368597	161956800000.0	0.712	ok
test1	cpu	-	-	4	17.596477	7.439947	0.081	ok
test1	gpu	-	-	1	1.418552	nan	1.000	ok
test1	gpu-dp	-	-	1	1.270682	nan	1.116	ok
test1	gpu-pipelined	-	-	1	1.82022	nan	0.779	ok
test1	hybrid-async	patoh	w400	4	1.404609	nan	1.010	ok
test1	hybrid-async	patoh	w600	4	1.267278	nan	1.119	ok
test1	hybrid-async	patoh	w800	4	1.291411	nan	1.098	ok
test1	hybrid-async	patoh	w1000	4	1.311993	nan	1.081	ok
test1	hybrid-async	patoh	w1200	2	1.329374	nan	1.067	ok
test1	hybrid-async	patoh	w2000	4	1.362293	nan	1.041	ok
test1	hybrid-async	naive	w400	4	1.546162	nan	0.917	ok
test1	hybrid-async	naive	w600	4	1.272779	nan	1.115	ok
test1	hybrid-async	naive	w800	4	1.303919	nan	1.088	ok
test1	hybrid-async	naive	w1000	4	1.320213	nan	1.074	ok
test1	hybrid-async	naive	w1200	4	1.329112	nan	1.067	ok
test1	hybrid-async	naive	w2000	2	1.35212	nan	1.049	ok
test1	hybrid-async-dp	patoh	w400	4	1.255191	nan	1.130	ok
test1	hybrid-async-dp	patoh	w600	4	1.121756	nan	1.265	ok
test1	hybrid-async-dp	patoh	w800	4	1.153798	nan	1.229	ok
test1	hybrid-async-dp	patoh	w1000	2	1.179171	nan	1.203	ok
test1	hybrid-async-dp	patoh	w1200	4	1.199255	nan	1.183	ok
test1	hybrid-async-dp	patoh	w2000	4	1.232403	nan	1.151	ok
test1	hybrid-async-dp	naive	w400	4	1.373694	nan	1.033	ok
test1	hybrid-async-dp	naive	w600	4	1.133191	nan	1.252	ok
test1	hybrid-async-dp	naive	w800	4	1.151317	nan	1.232	ok
test1	hybrid-async-dp	naive	w1000	4	1.175059	nan	1.207	ok
test1	hybrid-async-dp	naive	w1200	4	1.190248	nan	1.192	ok
test1	hybrid-async-dp	naive	w2000	4	1.21886	nan	1.164	ok
test1	hybrid-dist-dp	patoh	w400	4	1.232832	2.31591e+29	1.151	ok
test1	hybrid-dist-dp	patoh	w600	4	1.237181	93.97732	1.147	ok
test1	hybrid-dist-dp	patoh	w800	2	1.229531	5.991956	1.154	ok
test1	hybrid-dist-dp	patoh	w1000	4	1.245643	nan	1.139	ok
test1	hybrid-dist-dp	patoh	w1200	4	1.267123	14.6645	1.120	ok
test1	hybrid-dist-dp	patoh	w2000	1	1.287195	nan	1.102	ok
test1	hybrid-dist-dp	naive	w400	4	1.451938	5.099329	0.977	ok
test1	hybrid-dist-dp	naive	w600	4	1.321177	15.6598	1.074	ok
test1	hybrid-dist-dp	naive	w800	4	1.31136	11.09315	1.082	ok
test1	hybrid-dist-dp	naive	w1000	4	1.301389	3.817779	1.090	ok
test1	hybrid-dist-dp	naive	w1200	4	1.296458	6.465444	1.094	ok
test1	hybrid-dist-dp	naive	w2000	1	1.301281	14.31082	1.090	ok
test1	hybrid-dist-pipelined	patoh	w400	4	1.474101	2.779693	0.962	ok
test1	hybrid-dist-pipelined	patoh	w600	4	1.512538	3.269009	0.938	ok
test1	hybrid-dist-pipelined	patoh	w800	4	1.534001	3.857401	0.925	ok
test1	hybrid-dist-pipelined	patoh	w1000	2	1.559381	3.065309	0.910	ok
test1	hybrid-dist-pipelined	patoh	w1200	1	1.57602	0.04282463	0.900	ok
test1	hybrid-dist-pipelined	patoh	w2000	1	1.603953	nan	0.884	ok
test1	hybrid-dist-pipelined	naive	w400	4	1.814063	3.024567	0.782	ok
test1	hybrid-dist-pipelined	naive	w600	4	1.588389	4.054631	0.893	ok
test1	hybrid-dist-pipelined	naive	w800	4	1.600365	3.592374	0.886	ok
test1	hybrid-dist-pipelined	naive	w1000	4	1.601332	3.117073	0.886	ok
test1	hybrid-dist-pipelined	naive	w1200	4	1.614586	3.079076	0.879	ok
test1	hybrid-dist-pipelined	naive	w2000	4	1.616837	3.074364	0.877	ok
test1	mpi	patoh	w400	1	15.68232	5.725473	0.090	ok
test1	mpi	patoh	w600	1	16.209618	0.06713821	0.088	ok
test1	mpi	patoh	w800	1	16.776112	1124.342	0.085	ok
test1	mpi	patoh	w1000	1	17.548213	17.77311	0.081	ok
test1	mpi	patoh	w1200	1	17.630198	3.387248	0.080	ok
test1	mpi	patoh	w2000	1	18.624293	nan	0.076	ok
test1	mpi	naive	w400	1	16.498391	66.21186	0.086	ok
test1	mpi	naive	w600	1	17.330275	24.6944	0.082	ok
test1	mpi	naive	w800	1	17.396242	38.54892	0.082	ok
test1	mpi	naive	w1000	1	17.757665	12.3014	0.080	ok
test1	mpi	naive	w1200	1	17.707377	12.3014	0.080	ok
test1	mpi	naive	w2000	1	18.209792	14.66891	0.078	ok
test1	mpi-gpu	patoh	w400	1	3.587244	14.10488	0.395	ok
test1	mpi-gpu	patoh	w600	1	2.510522	57.98967	0.565	ok
test1	mpi-gpu	patoh	w800	1	1.968981	8.763141	0.720	ok
test1	mpi-gpu	patoh	w1000	1	1.715705	4.10554	0.827	ok
test1	mpi-gpu	patoh	w1200	1	1.755143	29.3714	0.808	ok
test1	mpi-gpu	patoh	w2000	1	1.824988	nan	0.777	ok
test1	mpi-gpu	naive	w400	1	5.254655	6.226505	0.270	ok
test1	mpi-gpu	naive	w600	1	3.582326	4505345000.0	0.396	ok
test1	mpi-gpu	naive	w800	1	2.697485	22.98419	0.526	ok
test1	mpi-gpu	naive	w1000	1	2.200355	22.71093	0.645	ok
test1	mpi-gpu	naive	w1200	1	1.879498	6.949531	0.755	ok
test1	mpi-gpu	naive	w2000	1	1.836854	5.041663	0.772	ok
TSOPF_RS_b2383_c1	cpu	-	-	16	3.300352	156889.4	0.070	ok
TSOPF_RS_b2383_c1	gpu	-	-	1	0.231923	8840.658	1.000	ok
TSOPF_RS_b2383_c1	gpu-dp	-	-	1	0.222329	11060.58	1.043	ok
TSOPF_RS_b2383_c1	gpu-pipelined	-	-	1	0.27009	146375.2	0.859	ok
TSOPF_RS_b2383_c1	hybrid-async	patoh	w400	4	0.387045	nan	0.599	ok
TSOPF_RS_b2383_c1	hybrid-async	patoh	w600	4	0.21977	137980.6	1.055	ok
TSOPF_RS_b2383_c1	hybrid-async	patoh	w800	4	0.804542	399575.4	0.288	ok
TSOPF_RS_b2383_c1	hybrid-async	patoh	w1000	4	0.206905	131287.5	1.121	ok
TSOPF_RS_b2383_c1	hybrid-async	patoh	w1200	4	0.210809	13671.62	1.100	ok
TSOPF_RS_b2383_c1	hybrid-async	patoh	w2000	4	0.218356	57894.26	1.062	ok
TSOPF_RS_b2383_c1	hybrid-async	naive	w400	4	0.216642	8840.658	1.071	ok
TSOPF_RS_b2383_c1	hybrid-async	naive	w600	4	0.202869	8840.658	1.143	ok
TSOPF_RS_b2383_c1	hybrid-async	naive	w800	4	0.209472	8840.658	1.107	ok
TSOPF_RS_b2383_c1	hybrid-async	naive	w1000	4	0.2129	8840.658	1.089	ok
TSOPF_RS_b2383_c1	hybrid-async	naive	w1200	2	0.215856	8840.658	1.074	ok
TSOPF_RS_b2383_c1	hybrid-async	naive	w2000	4	0.221559	8840.658	1.047	ok
TSOPF_RS_b2383_c1	hybrid-async-dp	patoh	w400	4	0.367738	16890.04	0.631	ok
TSOPF_RS_b2383_c1	hybrid-async-dp	patoh	w600	4	0.205084	20253.74	1.131	ok
TSOPF_RS_b2383_c1	hybrid-async-dp	patoh	w800	4	0.795283	12252.73	0.292	ok
TSOPF_RS_b2383_c1	hybrid-async-dp	patoh	w1000	4	0.196327	1309808.0	1.181	ok
TSOPF_RS_b2383_c1	hybrid-async-dp	patoh	w1200	4	0.200287	224215.3	1.158	ok
TSOPF_RS_b2383_c1	hybrid-async-dp	patoh	w2000	2	0.207764	1918750.0	1.116	ok
TSOPF_RS_b2383_c1	hybrid-async-dp	naive	w400	4	0.202673	11060.58	1.144	ok
TSOPF_RS_b2383_c1	hybrid-async-dp	naive	w600	4	0.19202	11060.58	1.208	ok
TSOPF_RS_b2383_c1	hybrid-async-dp	naive	w800	4	0.198623	11060.58	1.168	ok
TSOPF_RS_b2383_c1	hybrid-async-dp	naive	w1000	4	0.202588	11060.58	1.145	ok
TSOPF_RS_b2383_c1	hybrid-async-dp	naive	w1200	4	0.205244	11060.58	1.130	ok
TSOPF_RS_b2383_c1	hybrid-async-dp	naive	w2000	1	0.21097	11060.58	1.099	ok
TSOPF_RS_b2383_c1	hybrid-dist-dp	patoh	w400	4	0.380188	67140.92	0.610	ok
TSOPF_RS_b2383_c1	hybrid-dist-dp	patoh	w600	4	0.222237	28029.3	1.044	ok
TSOPF_RS_b2383_c1	hybrid-dist-dp	patoh	w800	4	0.814315	2408847.0	0.285	ok
TSOPF_RS_b2383_c1	hybrid-dist-dp	patoh	w1000	4	0.211365	19997.06	1.097	ok
TSOPF_RS_b2383_c1	hybrid-dist-dp	patoh	w1200	2	0.214252	13540.14	1.082	ok
TSOPF_RS_b2383_c1	hybrid-dist-dp	patoh	w2000	1	0.219206	129186.6	1.058	ok
TSOPF_RS_b2383_c1	hybrid-dist-dp	naive	w400	4	0.229116	928315.0	1.012	ok
TSOPF_RS_b2383_c1	hybrid-dist-dp	naive	w600	4	0.206816	227848.8	1.121	ok
TSOPF_RS_b2383_c1	hybrid-dist-dp	naive	w800	2	0.212401	478308.4	1.092	ok
TSOPF_RS_b2383_c1	hybrid-dist-dp	naive	w1000	2	0.216592	2383821.0	1.071	ok
TSOPF_RS_b2383_c1	hybrid-dist-dp	naive	w1200	4	0.219358	160812.4	1.057	ok
TSOPF_RS_b2383_c1	hybrid-dist-dp	naive	w2000	1	0.221393	95094.68	1.048	ok
TSOPF_RS_b2383_c1	hybrid-dist-pipelined	patoh	w400	4	0.444125	284438.0	0.522	ok
TSOPF_RS_b2383_c1	hybrid-dist-pipelined	patoh	w600	4	0.264093	12629.09	0.878	ok
TSOPF_RS_b2383_c1	hybrid-dist-pipelined	patoh	w800	4	0.883734	18815.41	0.262	ok
TSOPF_RS_b2383_c1	hybrid-dist-pipelined	patoh	w1000	4	0.24209	8367.772	0.958	ok
TSOPF_RS_b2383_c1	hybrid-dist-pipelined	patoh	w1200	2	0.245651	16000.21	0.944	ok
TSOPF_RS_b2383_c1	hybrid-dist-pipelined	patoh	w2000	1	0.251312	41022.08	0.923	ok
TSOPF_RS_b2383_c1	hybrid-dist-pipelined	naive	w400	4	0.2473	38356.44	0.938	ok
TSOPF_RS_b2383_c1	hybrid-dist-pipelined	naive	w600	4	0.23776	19175.73	0.975	ok
TSOPF_RS_b2383_c1	hybrid-dist-pipelined	naive	w800	2	0.244234	29603.34	0.950	ok
TSOPF_RS_b2383_c1	hybrid-dist-pipelined	naive	w1000	4	0.248679	152191.8	0.933	ok
TSOPF_RS_b2383_c1	hybrid-dist-pipelined	naive	w1200	1	0.248795	59911.22	0.932	ok
TSOPF_RS_b2383_c1	hybrid-dist-pipelined	naive	w2000	1	0.255607	114844.5	0.907	ok
TSOPF_RS_b2383_c1	mpi	patoh	w400	1	2.594313	nan	0.089	ok
TSOPF_RS_b2383_c1	mpi	patoh	w600	1	2.656968	122625.2	0.087	ok
TSOPF_RS_b2383_c1	mpi	patoh	w800	1	2.039768	16845.71	0.114	ok
TSOPF_RS_b2383_c1	mpi	patoh	w1000	1	2.882764	6988.276	0.080	ok
TSOPF_RS_b2383_c1	mpi	patoh	w1200	1	3.048517	328800.3	0.076	ok
TSOPF_RS_b2383_c1	mpi	patoh	w2000	1	2.952747	118615.7	0.079	ok
TSOPF_RS_b2383_c1	mpi	naive	w400	1	2.893707	230834.8	0.080	ok
TSOPF_RS_b2383_c1	mpi	naive	w600	1	2.984903	437153.1	0.078	ok
TSOPF_RS_b2383_c1	mpi	naive	w800	1	3.083966	7037.248	0.075	ok
TSOPF_RS_b2383_c1	mpi	naive	w1000	1	2.932725	9444.843	0.079	ok
TSOPF_RS_b2383_c1	mpi	naive	w1200	1	3.021424	8136.862	0.077	ok
TSOPF_RS_b2383_c1	mpi	naive	w2000	1	3.269467	21102.99	0.071	ok
TSOPF_RS_b2383_c1	mpi-gpu	patoh	w400	1	0.895649	nan	0.259	ok
TSOPF_RS_b2383_c1	mpi-gpu	patoh	w600	1	0.606285	194048.5	0.383	ok
TSOPF_RS_b2383_c1	mpi-gpu	patoh	w800	1	1.491025	82057.84	0.156	ok
TSOPF_RS_b2383_c1	mpi-gpu	patoh	w1000	1	0.340538	10175.01	0.681	ok
TSOPF_RS_b2383_c1	mpi-gpu	patoh	w1200	1	0.348399	95769.05	0.666	ok
TSOPF_RS_b2383_c1	mpi-gpu	patoh	w2000	1	0.347811	14611.17	0.667	ok
TSOPF_RS_b2383_c1	mpi-gpu	naive	w400	1	0.560641	485890.5	0.414	ok
TSOPF_RS_b2383_c1	mpi-gpu	naive	w600	1	0.382409	138693.2	0.606	ok
TSOPF_RS_b2383_c1	mpi-gpu	naive	w800	1	0.340539	5735.492	0.681	ok
TSOPF_RS_b2383_c1	mpi-gpu	naive	w1000	1	0.350647	1293833.0	0.661	ok
TSOPF_RS_b2383_c1	mpi-gpu	naive	w1200	1	0.356864	20051.39	0.650	ok
TSOPF_RS_b2383_c1	mpi-gpu	naive	w2000	1	0.363358	1756171.0	0.638	ok
nxp1_mc64_1	cpu	-	-	4	7.537156	7.440418	0.085	ok
nxp1_mc64_1	gpu	-	-	1	0.643662	0.5937071	1.000	ok
nxp1_mc64_1	gpu-dp	-	-	1	0.51252	nan	1.256	ok
nxp1_mc64_1	gpu-pipelined	-	-	1	0.968948	4.393496	0.664	ok
nxp1_mc64_1	hybrid-async	patoh	w400	4	0.988011	0.7564128	0.651	ok
nxp1_mc64_1	hybrid-async	patoh	w600	4	0.878218	1.026891	0.733	ok
nxp1_mc64_1	hybrid-async	patoh	w800	4	0.837194	nan	0.769	ok
nxp1_mc64_1	hybrid-async	patoh	w1000	4	0.800288	0.6320483	0.804	ok
nxp1_mc64_1	hybrid-async	patoh	w1200	4	0.770284	nan	0.836	ok
nxp1_mc64_1	hybrid-async	patoh	w2000	4	0.726463	0.6773963	0.886	ok
nxp1_mc64_1	hybrid-async	naive	w400	4	0.997188	0.5688329	0.645	ok
nxp1_mc64_1	hybrid-async	naive	w600	4	0.919797	1.386663	0.700	ok
nxp1_mc64_1	hybrid-async	naive	w800	4	0.867056	1.334034	0.742	ok
nxp1_mc64_1	hybrid-async	naive	w1000	4	0.846153	0.7736684	0.761	ok
nxp1_mc64_1	hybrid-async	naive	w1200	4	0.821177	1.24286	0.784	ok
nxp1_mc64_1	hybrid-async	naive	w2000	4	0.790659	0.5350815	0.814	ok
nxp1_mc64_1	hybrid-async-dp	patoh	w400	4	0.837816	0.6034053	0.768	ok
nxp1_mc64_1	hybrid-async-dp	patoh	w600	4	0.744367	nan	0.865	ok
nxp1_mc64_1	hybrid-async-dp	patoh	w800	4	0.694683	0.3782532	0.927	ok
nxp1_mc64_1	hybrid-async-dp	patoh	w1000	4	0.652809	0.7065422	0.986	ok
nxp1_mc64_1	hybrid-async-dp	patoh	w1200	4	0.634853	0.4110766	1.014	ok
nxp1_mc64_1	hybrid-async-dp	patoh	w2000	4	0.583622	0.4147344	1.103	ok
nxp1_mc64_1	hybrid-async-dp	naive	w400	4	0.845784	0.385638	0.761	ok
nxp1_mc64_1	hybrid-async-dp	naive	w600	4	0.78674	1.08865	0.818	ok
nxp1_mc64_1	hybrid-async-dp	naive	w800	4	0.736434	0.8278701	0.874	ok
nxp1_mc64_1	hybrid-async-dp	naive	w1000	4	0.716725	1.081141	0.898	ok
nxp1_mc64_1	hybrid-async-dp	naive	w1200	4	0.688545	3.208667	0.935	ok
nxp1_mc64_1	hybrid-async-dp	naive	w2000	4	0.635556	0.4169759	1.013	ok
nxp1_mc64_1	hybrid-dist-dp	patoh	w400	4	0.614412	0.3972185	1.048	ok
nxp1_mc64_1	hybrid-dist-dp	patoh	w600	4	0.564293	nan	1.141	ok
nxp1_mc64_1	hybrid-dist-dp	patoh	w800	4	0.55684	4.74006	1.156	ok
nxp1_mc64_1	hybrid-dist-dp	patoh	w1000	4	0.5487	0.5283264	1.173	ok
nxp1_mc64_1	hybrid-dist-dp	patoh	w1200	2	0.548528	1.370932	1.173	ok
nxp1_mc64_1	hybrid-dist-dp	patoh	w2000	2	0.554016	0.9188273	1.162	ok
nxp1_mc64_1	hybrid-dist-dp	naive	w400	4	0.668582	0.6257333	0.963	ok
nxp1_mc64_1	hybrid-dist-dp	naive	w600	4	0.575889	1.032103	1.118	ok
nxp1_mc64_1	hybrid-dist-dp	naive	w800	4	0.586628	0.40985	1.097	ok
nxp1_mc64_1	hybrid-dist-dp	naive	w1000	4	0.602663	0.7108024	1.068	ok
nxp1_mc64_1	hybrid-dist-dp	naive	w1200	2	0.601645	0.9339542	1.070	ok
nxp1_mc64_1	hybrid-dist-dp	naive	w2000	2	0.601822	1.292725	1.070	ok
nxp1_mc64_1	hybrid-dist-pipelined	patoh	w400	4	0.818938	0.3753517	0.786	ok
nxp1_mc64_1	hybrid-dist-pipelined	patoh	w600	4	0.758064	7.720999	0.849	ok
nxp1_mc64_1	hybrid-dist-pipelined	patoh	w800	4	0.761362	0.7698653	0.845	ok
nxp1_mc64_1	hybrid-dist-pipelined	patoh	w1000	2	0.764087	nan	0.842	ok
nxp1_mc64_1	hybrid-dist-pipelined	patoh	w1200	4	0.769417	0.4201974	0.837	ok
nxp1_mc64_1	hybrid-dist-pipelined	patoh	w2000	2	0.779021	0.820535	0.826	ok
nxp1_mc64_1	hybrid-dist-pipelined	naive	w400	4	0.883001	0.6511662	0.729	ok
nxp1_mc64_1	hybrid-dist-pipelined	naive	w600	4	0.799333	1.029936	0.805	ok
nxp1_mc64_1	hybrid-dist-pipelined	naive	w800	4	0.809751	0.7442685	0.795	ok
nxp1_mc64_1	hybrid-dist-pipelined	naive	w1000	4	0.827867	0.3586998	0.777	ok
nxp1_mc64_1	hybrid-dist-pipelined	naive	w1200	2	0.831548	0.8981066	0.774	ok
nxp1_mc64_1	hybrid-dist-pipelined	naive	w2000	4	0.833309	0.5887741	0.772	ok
nxp1_mc64_1	mpi	patoh	w400	1	6.699872	0.662632	0.096	ok
nxp1_mc64_1	mpi	patoh	w600	1	7.128306	0.4635972	0.090	ok
nxp1_mc64_1	mpi	patoh	w800	1	7.645099	0.7129821	0.084	ok
nxp1_mc64_1	mpi	patoh	w1000	1	7.588563	0.5313298	0.085	ok
nxp1_mc64_1	mpi	patoh	w1200	1	7.741583	0.5754991	0.083	ok
nxp1_mc64_1	mpi	patoh	w2000	1	7.883782	0.3943378	0.082	ok
nxp1_mc64_1	mpi	naive	w400	1	7.318919	0.4954417	0.088	ok
nxp1_mc64_1	mpi	naive	w600	1	7.524822	0.3891439	0.086	ok
nxp1_mc64_1	mpi	naive	w800	1	7.81098	0.6229027	0.082	ok
nxp1_mc64_1	mpi	naive	w1000	1	8.172433	0.7101965	0.079	ok
nxp1_mc64_1	mpi	naive	w1200	1	8.236875	0.7187339	0.078	ok
nxp1_mc64_1	mpi	naive	w2000	1	8.34351	0.3821965	0.077	ok
nxp1_mc64_1	mpi-gpu	patoh	w400	1	1.47542	0.514155	0.436	ok
nxp1_mc64_1	mpi-gpu	patoh	w600	1	1.280883	nan	0.503	ok
nxp1_mc64_1	mpi-gpu	patoh	w800	1	1.32584	1.071889	0.485	ok
nxp1_mc64_1	mpi-gpu	patoh	w1000	1	1.382383	0.4848253	0.466	ok
nxp1_mc64_1	mpi-gpu	patoh	w1200	1	1.368686	1.996411	0.470	ok
nxp1_mc64_1	mpi-gpu	patoh	w2000	1	1.429134	21.46883	0.450	ok
nxp1_mc64_1	mpi-gpu	naive	w400	1	1.553961	1.057424	0.414	ok
nxp1_mc64_1	mpi-gpu	naive	w600	1	1.208637	2.277295	0.533	ok
nxp1_mc64_1	mpi-gpu	naive	w800	1	1.287063	0.4966668	0.500	ok
nxp1_mc64_1	mpi-gpu	naive	w1000	1	1.338832	0.6530986	0.481	ok
nxp1_mc64_1	mpi-gpu	naive	w1200	1	1.439069	0.8019356	0.447	ok
nxp1_mc64_1	mpi-gpu	naive	w2000	1	1.38471	6.154309	0.465	ok
torso1	cpu	-	-	16	9.368401	0.007754741	0.079	ok
torso1	gpu	-	-	1	0.740087	0.007585516	1.000	ok
torso1	gpu-dp	-	-	1	0.662495	0.00723593	1.117	ok
torso1	gpu-pipelined	-	-	1	0.900031	0.007810982	0.822	ok
torso1	hybrid-async	patoh	w400	4	0.689265	0.01928374	1.074	ok
torso1	hybrid-async	patoh	w600	4	0.634723	0.007936582	1.166	ok
torso1	hybrid-async	patoh	w800	4	0.66979	0.008000558	1.105	ok
torso1	hybrid-async	patoh	w1000	4	0.666611	0.008065706	1.110	ok
torso1	hybrid-async	patoh	w1200	4	0.674116	0.007664219	1.098	ok
torso1	hybrid-async	patoh	w2000	2	0.690272	0.006839674	1.072	ok
torso1	hybrid-async	naive	w400	4	0.63805	0.009325084	1.160	ok
torso1	hybrid-async	naive	w600	4	0.656858	0.01382212	1.127	ok
torso1	hybrid-async	naive	w800	2	0.675541	0.01030039	1.096	ok
torso1	hybrid-async	naive	w1000	2	0.685668	0.007862144	1.079	ok
torso1	hybrid-async	naive	w1200	2	0.694141	0.008386152	1.066	ok
torso1	hybrid-async	naive	w2000	4	0.703712	0.007904183	1.052	ok
torso1	hybrid-async-dp	patoh	w400	4	0.625389	0.01496075	1.183	ok
torso1	hybrid-async-dp	patoh	w600	4	0.559841	0.009072726	1.322	ok
torso1	hybrid-async-dp	patoh	w800	4	0.581978	0.00858536	1.272	ok
torso1	hybrid-async-dp	patoh	w1000	4	0.580964	0.007178737	1.274	ok
torso1	hybrid-async-dp	patoh	w1200	4	0.59494	0.01849456	1.244	ok
torso1	hybrid-async-dp	patoh	w2000	4	0.606898	0.00889043	1.219	ok
torso1	hybrid-async-dp	naive	w400	4	0.569359	0.01239691	1.300	ok
torso1	hybrid-async-dp	naive	w600	4	0.580171	0.04137625	1.276	ok
torso1	hybrid-async-dp	naive	w800	4	0.589949	0.007736228	1.254	ok
torso1	hybrid-async-dp	naive	w1000	4	0.602006	0.01999455	1.229	ok
torso1	hybrid-async-dp	naive	w1200	4	0.61101	0.006765368	1.211	ok
torso1	hybrid-async-dp	naive	w2000	2	0.619363	0.008043588	1.195	ok
torso1	hybrid-dist-dp	patoh	w400	4	0.635667	0.009221002	1.164	ok
torso1	hybrid-dist-dp	patoh	w600	4	0.63281	0.007466956	1.170	ok
torso1	hybrid-dist-dp	patoh	w800	4	0.657293	0.007919697	1.126	ok
torso1	hybrid-dist-dp	patoh	w1000	2	0.650232	0.008337284	1.138	ok
torso1	hybrid-dist-dp	patoh	w1200	2	0.652879	0.00768303	1.134	ok
torso1	hybrid-dist-dp	patoh	w2000	4	0.640883	0.008424148	1.155	ok
torso1	hybrid-dist-dp	naive	w400	4	0.63635	0.008046369	1.163	ok
torso1	hybrid-dist-dp	naive	w600	4	0.650914	0.008706614	1.137	ok
torso1	hybrid-dist-dp	naive	w800	2	0.659739	0.008979683	1.122	ok
torso1	hybrid-dist-dp	naive	w1000	2	0.660262	0.0466019	1.121	ok
torso1	hybrid-dist-dp	naive	w1200	1	0.657743	0.008550447	1.125	ok
torso1	hybrid-dist-dp	naive	w2000	2	0.665815	0.007614787	1.112	ok
torso1	hybrid-dist-pipelined	patoh	w400	4	0.75452	0.007351644	0.981	ok
torso1	hybrid-dist-pipelined	patoh	w600	4	0.765994	0.01663497	0.966	ok
torso1	hybrid-dist-pipelined	patoh	w800	4	0.793215	0.008380234	0.933	ok
torso1	hybrid-dist-pipelined	patoh	w1000	4	0.770301	0.008996646	0.961	ok
torso1	hybrid-dist-pipelined	patoh	w1200	4	0.775523	0.009555868	0.954	ok
torso1	hybrid-dist-pipelined	patoh	w2000	4	0.775814	0.00841518	0.954	ok
torso1	hybrid-dist-pipelined	naive	w400	4	0.763685	0.01270065	0.969	ok
torso1	hybrid-dist-pipelined	naive	w600	4	0.786244	0.008315879	0.941	ok
torso1	hybrid-dist-pipelined	naive	w800	4	0.793664	0.008218521	0.932	ok
torso1	hybrid-dist-pipelined	naive	w1000	4	0.786655	0.02488672	0.941	ok
torso1	hybrid-dist-pipelined	naive	w1200	2	0.799682	0.009345632	0.925	ok
torso1	hybrid-dist-pipelined	naive	w2000	2	0.792186	0.007642866	0.934	ok
torso1	mpi	patoh	w400	1	7.939015	0.008412264	0.093	ok
torso1	mpi	patoh	w600	1	8.378078	0.01029342	0.088	ok
torso1	mpi	patoh	w800	1	8.413035	0.01957026	0.088	ok
torso1	mpi	patoh	w1000	1	8.7742	0.007872522	0.084	ok
torso1	mpi	patoh	w1200	1	8.531481	0.009833938	0.087	ok
torso1	mpi	patoh	w2000	1	8.879864	0.007585145	0.083	ok
torso1	mpi	naive	w400	1	8.166176	0.008574997	0.091	ok
torso1	mpi	naive	w600	1	8.242672	0.01588524	0.090	ok
torso1	mpi	naive	w800	1	8.762452	0.02199877	0.084	ok
torso1	mpi	naive	w1000	1	8.946349	0.008184265	0.083	ok
torso1	mpi	naive	w1200	1	9.148047	0.008323164	0.081	ok
torso1	mpi	naive	w2000	1	9.001655	0.008430827	0.082	ok
torso1	mpi-gpu	patoh	w400	1	1.71048	0.00804001	0.433	ok
torso1	mpi-gpu	patoh	w600	1	1.354206	0.009639602	0.547	ok
torso1	mpi-gpu	patoh	w800	1	1.02576	0.008995985	0.722	ok
torso1	mpi-gpu	patoh	w1000	1	1.088037	0.008762328	0.680	ok
torso1	mpi-gpu	patoh	w1200	1	1.110717	0.007134387	0.666	ok
torso1	mpi-gpu	patoh	w2000	1	1.121641	0.0166893	0.660	ok
torso1	mpi-gpu	naive	w400	1	1.474421	0.008830793	0.502	ok
torso1	mpi-gpu	naive	w600	1	1.09545	0.008033903	0.676	ok
torso1	mpi-gpu	naive	w800	1	1.103933	0.008026897	0.670	ok
torso1	mpi-gpu	naive	w1000	1	1.145718	0.01153214	0.646	ok
torso1	mpi-gpu	naive	w1200	1	1.069898	0.008386692	0.692	ok
torso1	mpi-gpu	naive	w2000	1	1.0571	0.0078697	0.700	ok
para-9	cpu	-	-	8	6.83649	5.54843e+38	0.099	ok
para-9	gpu	-	-	1	0.673634	nan	1.000	ok
para-9	gpu-dp	-	-	1	0.58495	nan	1.152	ok
para-9	gpu-pipelined	-	-	1	0.834153	nan	0.808	ok
para-9	hybrid-async	patoh	w400	4	0.615191	nan	1.095	ok
para-9	hybrid-async	patoh	w600	4	0.599745	nan	1.123	ok
para-9	hybrid-async	patoh	w800	4	0.614397	1.64989e+37	1.096	ok
para-9	hybrid-async	patoh	w1000	2	0.625514	nan	1.077	ok
para-9	hybrid-async	patoh	w1200	2	0.632879	nan	1.064	ok
para-9	hybrid-async	patoh	w2000	1	0.643764	nan	1.046	ok
para-9	hybrid-async	naive	w400	4	0.627893	nan	1.073	ok
para-9	hybrid-async	naive	w600	4	0.595887	nan	1.130	ok
para-9	hybrid-async	naive	w800	4	0.613171	nan	1.099	ok
para-9	hybrid-async	naive	w1000	4	0.620538	nan	1.086	ok
para-9	hybrid-async	naive	w1200	2	0.629131	nan	1.071	ok
para-9	hybrid-async	naive	w2000	2	0.639358	nan	1.054	ok
para-9	hybrid-async-dp	patoh	w400	4	0.522394	nan	1.290	ok
para-9	hybrid-async-dp	patoh	w600	4	0.522794	nan	1.289	ok
para-9	hybrid-async-dp	patoh	w800	4	0.533208	8.590772e+62	1.263	ok
para-9	hybrid-async-dp	patoh	w1000	4	0.543028	nan	1.241	ok
para-9	hybrid-async-dp	patoh	w1200	2	0.551411	nan	1.222	ok
para-9	hybrid-async-dp	patoh	w2000	4	0.560947	nan	1.201	ok
para-9	hybrid-async-dp	naive	w400	4	0.542023	nan	1.243	ok
para-9	hybrid-async-dp	naive	w600	4	0.516826	nan	1.303	ok
para-9	hybrid-async-dp	naive	w800	4	0.529837	nan	1.271	ok
para-9	hybrid-async-dp	naive	w1000	4	0.54107	nan	1.245	ok
para-9	hybrid-async-dp	naive	w1200	4	0.543584	nan	1.239	ok
para-9	hybrid-async-dp	naive	w2000	1	0.557613	nan	1.208	ok
para-9	hybrid-dist-dp	patoh	w400	4	0.589928	nan	1.142	ok
para-9	hybrid-dist-dp	patoh	w600	4	0.59731	nan	1.128	ok
para-9	hybrid-dist-dp	patoh	w800	2	0.60538	7.534878e+41	1.113	ok
para-9	hybrid-dist-dp	patoh	w1000	1	0.60416	nan	1.115	ok
para-9	hybrid-dist-dp	patoh	w1200	1	0.604375	nan	1.115	ok
para-9	hybrid-dist-dp	patoh	w2000	1	0.613476	2.99078e+36	1.098	ok
para-9	hybrid-dist-dp	naive	w400	4	0.644655	2.26776e+33	1.045	ok
para-9	hybrid-dist-dp	naive	w600	4	0.628446	1.616944e+30	1.072	ok
para-9	hybrid-dist-dp	naive	w800	4	0.637746	2.297555e+49	1.056	ok
para-9	hybrid-dist-dp	naive	w1000	4	0.641039	1.317582e+53	1.051	ok
para-9	hybrid-dist-dp	naive	w1200	4	0.632376	4.272248e+36	1.065	ok
para-9	hybrid-dist-dp	naive	w2000	1	0.627608	2.761654e+26	1.073	ok
para-9	hybrid-dist-pipelined	patoh	w400	4	0.703638	nan	0.957	ok
para-9	hybrid-dist-pipelined	patoh	w600	4	0.73024	nan	0.922	ok
para-9	hybrid-dist-pipelined	patoh	w800	2	0.741021	5.655248e+38	0.909	ok
para-9	hybrid-dist-pipelined	patoh	w1000	1	0.753097	nan	0.894	ok
para-9	hybrid-dist-pipelined	patoh	w1200	1	0.758946	nan	0.888	ok
para-9	hybrid-dist-pipelined	patoh	w2000	1	0.757558	8.45821e+41	0.889	ok
para-9	hybrid-dist-pipelined	naive	w400	4	0.769124	1.044666e+37	0.876	ok
para-9	hybrid-dist-pipelined	naive	w600	4	0.788145	1.726361e+38	0.855	ok
para-9	hybrid-dist-pipelined	naive	w800	2	0.778767	9.312262e+68	0.865	ok
para-9	hybrid-dist-pipelined	naive	w1000	2	0.787609	1.239474e+35	0.855	ok
para-9	hybrid-dist-pipelined	naive	w1200	2	0.783434	1.482946e+32	0.860	ok
para-9	hybrid-dist-pipelined	naive	w2000	4	0.7706	1.770048e+64	0.874	ok
para-9	mpi	patoh	w400	1	6.445786	nan	0.105	ok
para-9	mpi	patoh	w600	1	6.912027	nan	0.097	ok
para-9	mpi	patoh	w800	1	7.372451	9.814049e+47	0.091	ok
para-9	mpi	patoh	w1000	1	7.338604	nan	0.092	ok
para-9	mpi	patoh	w1200	1	7.462551	5.332209e+70	0.090	ok
para-9	mpi	patoh	w2000	1	7.826631	8.352905e+80	0.086	ok
para-9	mpi	naive	w400	1	6.871456	6.864273e+36	0.098	ok
para-9	mpi	naive	w600	1	7.180578	1.43899e+39	0.094	ok
para-9	mpi	naive	w800	1	7.423522	4.995869e+45	0.091	ok
para-9	mpi	naive	w1000	1	7.436787	3.726086e+17	0.091	ok
para-9	mpi	naive	w1200	1	7.530531	4.295828e+22	0.089	ok
para-9	mpi	naive	w2000	1	7.660023	3.016895e+30	0.088	ok
para-9	mpi-gpu	patoh	w400	1	1.374374	nan	0.490	ok
para-9	mpi-gpu	patoh	w600	1	0.939596	nan	0.717	ok
para-9	mpi-gpu	patoh	w800	1	0.789212	1.578852e+44	0.854	ok
para-9	mpi-gpu	patoh	w1000	1	0.807063	nan	0.835	ok
para-9	mpi-gpu	patoh	w1200	1	0.811078	nan	0.831	ok
para-9	mpi-gpu	patoh	w2000	1	0.822525	2.281353e+45	0.819	ok
para-9	mpi-gpu	naive	w400	1	2.1567	1.740392e+81	0.312	ok
para-9	mpi-gpu	naive	w600	1	1.647415	8.998861e+70	0.409	ok
para-9	mpi-gpu	naive	w800	1	1.401396	7.9324e+38	0.481	ok
para-9	mpi-gpu	naive	w1000	1	1.257021	1.863944e+37	0.536	ok
para-9	mpi-gpu	naive	w1200	1	1.191496	4.963211e+33	0.565	ok
para-9	mpi-gpu	naive	w2000	1	0.991411	8.095492e+80	0.679	ok
FEM_3D_thermal2	cpu	-	-	16	4.075806	6.176444e-15	0.126	ok
FEM_3D_thermal2	gpu	-	-	1	0.513769	6.348208e-15	1.000	ok
FEM_3D_thermal2	gpu-dp	-	-	1	0.435845	4.442044e-15	1.179	ok
FEM_3D_thermal2	gpu-pipelined	-	-	1	0.64666	4.91429e-14	0.794	ok
FEM_3D_thermal2	hybrid-async	patoh	w400	4	0.48388	5.914025e-15	1.062	ok
FEM_3D_thermal2	hybrid-async	patoh	w600	4	0.457712	5.634288e-15	1.122	ok
FEM_3D_thermal2	hybrid-async	patoh	w800	4	0.463625	6.222263e-15	1.108	ok
FEM_3D_thermal2	hybrid-async	patoh	w1000	4	0.471593	6.017492e-15	1.089	ok
FEM_3D_thermal2	hybrid-async	patoh	w1200	4	0.476625	6.297143e-15	1.078	ok
FEM_3D_thermal2	hybrid-async	patoh	w2000	2	0.487386	6.32677e-15	1.054	ok
FEM_3D_thermal2	hybrid-async	naive	w400	4	0.486434	6.256811e-15	1.056	ok
FEM_3D_thermal2	hybrid-async	naive	w600	4	0.457375	5.660683e-15	1.123	ok
FEM_3D_thermal2	hybrid-async	naive	w800	4	0.4649	6.117005e-15	1.105	ok
FEM_3D_thermal2	hybrid-async	naive	w1000	4	0.471432	5.963406e-15	1.090	ok
FEM_3D_thermal2	hybrid-async	naive	w1200	4	0.475186	5.95492e-15	1.081	ok
FEM_3D_thermal2	hybrid-async	naive	w2000	4	0.484156	6.335175e-15	1.061	ok
FEM_3D_thermal2	hybrid-async-dp	patoh	w400	4	0.419299	4.215735e-15	1.225	ok
FEM_3D_thermal2	hybrid-async-dp	patoh	w600	4	0.388383	4.550458e-15	1.323	ok
FEM_3D_thermal2	hybrid-async-dp	patoh	w800	4	0.390306	4.571364e-15	1.316	ok
FEM_3D_thermal2	hybrid-async-dp	patoh	w1000	4	0.399678	4.192992e-15	1.285	ok
FEM_3D_thermal2	hybrid-async-dp	patoh	w1200	4	0.405231	4.257284e-15	1.268	ok
FEM_3D_thermal2	hybrid-async-dp	patoh	w2000	2	0.41346	4.33213e-15	1.243	ok
FEM_3D_thermal2	hybrid-async-dp	naive	w400	4	0.42299	4.144623e-15	1.215	ok
FEM_3D_thermal2	hybrid-async-dp	naive	w600	4	0.387236	4.338301e-15	1.327	ok
FEM_3D_thermal2	hybrid-async-dp	naive	w800	4	0.395389	4.352986e-15	1.299	ok
FEM_3D_thermal2	hybrid-async-dp	naive	w1000	2	0.400008	4.359244e-15	1.284	ok
FEM_3D_thermal2	hybrid-async-dp	naive	w1200	4	0.404692	4.487045e-15	1.270	ok
FEM_3D_thermal2	hybrid-async-dp	naive	w2000	4	0.411644	4.319961e-15	1.248	ok
FEM_3D_thermal2	hybrid-dist-dp	patoh	w400	4	0.447196	4.379714e-15	1.149	ok
FEM_3D_thermal2	hybrid-dist-dp	patoh	w600	4	0.454762	4.267756e-15	1.130	ok
FEM_3D_thermal2	hybrid-dist-dp	patoh	w800	4	0.458841	4.503933e-15	1.120	ok
FEM_3D_thermal2	hybrid-dist-dp	patoh	w1000	2	0.462445	4.298003e-15	1.111	ok
FEM_3D_thermal2	hybrid-dist-dp	patoh	w1200	1	0.459395	4.66367e-15	1.118	ok
FEM_3D_thermal2	hybrid-dist-dp	patoh	w2000	1	0.462935	4.382991e-15	1.110	ok
FEM_3D_thermal2	hybrid-dist-dp	naive	w400	4	0.450465	4.49617e-15	1.141	ok
FEM_3D_thermal2	hybrid-dist-dp	naive	w600	4	0.453382	4.16428e-15	1.133	ok
FEM_3D_thermal2	hybrid-dist-dp	naive	w800	2	0.455165	4.427826e-15	1.129	ok
FEM_3D_thermal2	hybrid-dist-dp	naive	w1000	2	0.463365	4.416705e-15	1.109	ok
FEM_3D_thermal2	hybrid-dist-dp	naive	w1200	1	0.459763	4.780475e-15	1.117	ok
FEM_3D_thermal2	hybrid-dist-dp	naive	w2000	1	0.458582	4.406775e-15	1.120	ok
FEM_3D_thermal2	hybrid-dist-pipelined	patoh	w400	4	0.547118	7.924074e-15	0.939	ok
FEM_3D_thermal2	hybrid-dist-pipelined	patoh	w600	2	0.562034	1.221847e-15	0.914	ok
FEM_3D_thermal2	hybrid-dist-pipelined	patoh	w800	2	0.567518	1.350905e-15	0.905	ok
FEM_3D_thermal2	hybrid-dist-pipelined	patoh	w1000	2	0.57621	3.350002e-15	0.892	ok
FEM_3D_thermal2	hybrid-dist-pipelined	patoh	w1200	1	0.585789	2.272701e-15	0.877	ok
FEM_3D_thermal2	hybrid-dist-pipelined	patoh	w2000	1	0.582589	2.622816e-15	0.882	ok
FEM_3D_thermal2	hybrid-dist-pipelined	naive	w400	4	0.544322	2.070252e-15	0.944	ok
FEM_3D_thermal2	hybrid-dist-pipelined	naive	w600	4	0.56231	9.757483e-15	0.914	ok
FEM_3D_thermal2	hybrid-dist-pipelined	naive	w800	2	0.568961	9.189388e-15	0.903	ok
FEM_3D_thermal2	hybrid-dist-pipelined	naive	w1000	2	0.578322	1.600249e-14	0.888	ok
FEM_3D_thermal2	hybrid-dist-pipelined	naive	w1200	1	0.583853	6.713589e-15	0.880	ok
FEM_3D_thermal2	hybrid-dist-pipelined	naive	w2000	1	0.58018	1.031892e-15	0.886	ok
FEM_3D_thermal2	mpi	patoh	w400	1	3.861358	6.187142e-15	0.133	ok
FEM_3D_thermal2	mpi	patoh	w600	1	4.184181	6.157356e-15	0.123	ok
FEM_3D_thermal2	mpi	patoh	w800	1	4.314396	6.557212e-15	0.119	ok
FEM_3D_thermal2	mpi	patoh	w1000	1	4.400645	6.353907e-15	0.117	ok
FEM_3D_thermal2	mpi	patoh	w1200	1	4.441929	6.039669e-15	0.116	ok
FEM_3D_thermal2	mpi	patoh	w2000	1	4.616288	6.274558e-15	0.111	ok
FEM_3D_thermal2	mpi	naive	w400	1	3.902891	6.494736e-15	0.132	ok
FEM_3D_thermal2	mpi	naive	w600	1	4.148105	6.16301e-15	0.124	ok
FEM_3D_thermal2	mpi	naive	w800	1	4.302544	6.037426e-15	0.119	ok
FEM_3D_thermal2	mpi	naive	w1000	1	4.327792	6.82354e-15	0.119	ok
FEM_3D_thermal2	mpi	naive	w1200	1	4.404667	6.181421e-15	0.117	ok
FEM_3D_thermal2	mpi	naive	w2000	1	4.542865	6.25885e-15	0.113	ok
FEM_3D_thermal2	mpi-gpu	patoh	w400	1	0.793507	5.994696e-15	0.647	ok
FEM_3D_thermal2	mpi-gpu	patoh	w600	1	0.625618	6.389812e-15	0.821	ok
FEM_3D_thermal2	mpi-gpu	patoh	w800	1	0.64666	6.104755e-15	0.794	ok
FEM_3D_thermal2	mpi-gpu	patoh	w1000	1	0.65659	6.347955e-15	0.782	ok
FEM_3D_thermal2	mpi-gpu	patoh	w1200	1	0.665907	6.607878e-15	0.772	ok
FEM_3D_thermal2	mpi-gpu	patoh	w2000	1	0.683419	6.361926e-15	0.752	ok
FEM_3D_thermal2	mpi-gpu	naive	w400	1	0.76557	7.003171e-15	0.671	ok
FEM_3D_thermal2	mpi-gpu	naive	w600	1	0.627213	6.073075e-15	0.819	ok
FEM_3D_thermal2	mpi-gpu	naive	w800	1	0.650422	6.08497e-15	0.790	ok
FEM_3D_thermal2	mpi-gpu	naive	w1000	1	0.663991	6.236451e-15	0.774	ok
FEM_3D_thermal2	mpi-gpu	naive	w1200	1	0.666242	6.235883e-15	0.771	ok
FEM_3D_thermal2	mpi-gpu	naive	w2000	1	0.679362	6.269451e-15	0.756	ok
cage13	cpu	-	-	8	11.148431	nan	0.095	ok
cage13	gpu	-	-	1	1.058835	nan	1.000	ok
cage13	gpu-dp	-	-	1	0.888257	nan	1.192	ok
cage13	gpu-pipelined	-	-	1	1.450008	1.154894e-16	0.730	ok
cage13	hybrid-async	patoh	w400	4	1.156548	nan	0.916	ok
cage13	hybrid-async	patoh	w600	4	1.048166	nan	1.010	ok
cage13	hybrid-async	patoh	w800	4	0.998768	nan	1.060	ok
cage13	hybrid-async	patoh	w1000	4	1.00958	nan	1.049	ok
cage13	hybrid-async	patoh	w1200	4	1.01722	nan	1.041	ok
cage13	hybrid-async	patoh	w2000	2	1.038128	nan	1.020	ok
cage13	hybrid-async	naive	w400	4	1.167523	nan	0.907	ok
cage13	hybrid-async	naive	w600	4	1.032948	nan	1.025	ok
cage13	hybrid-async	naive	w800	4	0.991306	nan	1.068	ok
cage13	hybrid-async	naive	w1000	4	1.002522	nan	1.056	ok
cage13	hybrid-async	naive	w1200	4	1.010872	nan	1.047	ok
cage13	hybrid-async	naive	w2000	2	1.030572	nan	1.027	ok
cage13	hybrid-async-dp	patoh	w400	4	0.997157	nan	1.062	ok
cage13	hybrid-async-dp	patoh	w600	4	0.885725	nan	1.195	ok
cage13	hybrid-async-dp	patoh	w800	4	0.827533	nan	1.280	ok
cage13	hybrid-async-dp	patoh	w1000	4	0.83835	nan	1.263	ok
cage13	hybrid-async-dp	patoh	w1200	4	0.840242	nan	1.260	ok
cage13	hybrid-async-dp	patoh	w2000	4	0.858437	nan	1.233	ok
cage13	hybrid-async-dp	naive	w400	4	0.994149	nan	1.065	ok
cage13	hybrid-async-dp	naive	w600	4	0.862961	nan	1.227	ok
cage13	hybrid-async-dp	naive	w800	4	0.826822	nan	1.281	ok
cage13	hybrid-async-dp	naive	w1000	4	0.83268	nan	1.272	ok
cage13	hybrid-async-dp	naive	w1200	4	0.835864	nan	1.267	ok
cage13	hybrid-async-dp	naive	w2000	4	0.860192	nan	1.231	ok
cage13	hybrid-dist-dp	patoh	w400	4	0.943323	nan	1.122	ok
cage13	hybrid-dist-dp	patoh	w600	4	0.936149	nan	1.131	ok
cage13	hybrid-dist-dp	patoh	w800	4	0.940872	nan	1.125	ok
cage13	hybrid-dist-dp	patoh	w1000	4	0.923474	nan	1.147	ok
cage13	hybrid-dist-dp	patoh	w1200	2	0.945232	nan	1.120	ok
cage13	hybrid-dist-dp	patoh	w2000	4	0.945777	nan	1.120	ok
cage13	hybrid-dist-dp	naive	w400	4	0.94222	nan	1.124	ok
cage13	hybrid-dist-dp	naive	w600	4	0.939523	nan	1.127	ok
cage13	hybrid-dist-dp	naive	w800	4	0.93082	nan	1.138	ok
cage13	hybrid-dist-dp	naive	w1000	4	0.957311	nan	1.106	ok
cage13	hybrid-dist-dp	naive	w1200	4	0.957185	nan	1.106	ok
cage13	hybrid-dist-dp	naive	w2000	4	0.969135	nan	1.093	ok
cage13	hybrid-dist-pipelined	patoh	w400	4	1.157913	1.140289e-16	0.914	ok
cage13	hybrid-dist-pipelined	patoh	w600	4	1.162523	1.007211e-16	0.911	ok
cage13	hybrid-dist-pipelined	patoh	w800	2	1.18342	1.12727e-16	0.895	ok
cage13	hybrid-dist-pipelined	patoh	w1000	2	1.182062	1.059601e-16	0.896	ok
cage13	hybrid-dist-pipelined	patoh	w1200	2	1.189438	1.081164e-16	0.890	ok
cage13	hybrid-dist-pipelined	patoh	w2000	4	1.210373	1.002115e-16	0.875	ok
cage13	hybrid-dist-pipelined	naive	w400	4	1.186565	9.728239e-17	0.892	ok
cage13	hybrid-dist-pipelined	naive	w600	4	1.194714	9.430466e-17	0.886	ok
cage13	hybrid-dist-pipelined	naive	w800	4	1.201505	1.068995e-16	0.881	ok
cage13	hybrid-dist-pipelined	naive	w1000	2	1.225055	8.766946e-17	0.864	ok
cage13	hybrid-dist-pipelined	naive	w1200	4	1.231951	1.071151e-16	0.859	ok
cage13	hybrid-dist-pipelined	naive	w2000	1	1.240947	1.085989e-16	0.853	ok
cage13	mpi	patoh	w400	1	10.689039	nan	0.099	ok
cage13	mpi	patoh	w600	1	11.067825	nan	0.096	ok
cage13	mpi	patoh	w800	1	11.174923	nan	0.095	ok
cage13	mpi	patoh	w1000	1	11.443398	nan	0.093	ok
cage13	mpi	patoh	w1200	1	11.876036	nan	0.089	ok
cage13	mpi	patoh	w2000	1	12.133497	nan	0.087	ok
cage13	mpi	naive	w400	1	10.379945	nan	0.102	ok
cage13	mpi	naive	w600	1	10.720503	nan	0.099	ok
cage13	mpi	naive	w800	1	11.105307	nan	0.095	ok
cage13	mpi	naive	w1000	1	11.817125	nan	0.090	ok
cage13	mpi	naive	w1200	1	12.052199	nan	0.088	ok
cage13	mpi	naive	w2000	1	12.308549	nan	0.086	ok
cage13	mpi-gpu	patoh	w400	1	2.249494	nan	0.471	ok
cage13	mpi-gpu	patoh	w600	1	1.588112	nan	0.667	ok
cage13	mpi-gpu	patoh	w800	1	1.531058	nan	0.692	ok
cage13	mpi-gpu	patoh	w1000	1	1.567188	nan	0.676	ok
cage13	mpi-gpu	patoh	w1200	1	1.567566	nan	0.675	ok
cage13	mpi-gpu	patoh	w2000	1	1.588074	nan	0.667	ok
cage13	mpi-gpu	naive	w400	1	2.252821	nan	0.470	ok
cage13	mpi-gpu	naive	w600	1	1.567839	nan	0.675	ok
cage13	mpi-gpu	naive	w800	1	1.591138	nan	0.665	ok
cage13	mpi-gpu	naive	w1000	1	1.622563	nan	0.653	ok
cage13	mpi-gpu	naive	w1200	1	1.640877	nan	0.645	ok
cage13	mpi-gpu	naive	w2000	1	1.666655	nan	0.635	ok
Goodwin_127	cpu	-	-	16	6.644939	0.0070192	0.107	ok
Goodwin_127	gpu	-	-	1	0.709334	0.009712403	1.000	ok
Goodwin_127	gpu-dp	-	-	1	0.622803	0.009052518	1.139	ok
Goodwin_127	gpu-pipelined	-	-	1	0.882121	0.008555408	0.804	ok
Goodwin_127	hybrid-async	patoh	w400	4	0.61996	nan	1.144	ok
Goodwin_127	hybrid-async	patoh	w600	4	0.630019	nan	1.126	ok
Goodwin_127	hybrid-async	patoh	w800	4	0.65139	nan	1.089	ok
Goodwin_127	hybrid-async	patoh	w1000	2	0.656131	0.007669635	1.081	ok
Goodwin_127	hybrid-async	patoh	w1200	2	0.666235	0.009661414	1.065	ok
Goodwin_127	hybrid-async	patoh	w2000	2	0.682821	nan	1.039	ok
Goodwin_127	hybrid-async	naive	w400	4	0.627764	0.009199564	1.130	ok
Goodwin_127	hybrid-async	naive	w600	4	0.629414	0.009095458	1.127	ok
Goodwin_127	hybrid-async	naive	w800	4	0.645571	0.008340149	1.099	ok
Goodwin_127	hybrid-async	naive	w1000	2	0.657671	0.01098166	1.079	ok
Goodwin_127	hybrid-async	naive	w1200	4	0.665474	0.004889893	1.066	ok
Goodwin_127	hybrid-async	naive	w2000	1	0.678412	0.005712038	1.046	ok
Goodwin_127	hybrid-async-dp	patoh	w400	4	0.550411	0.009257513	1.289	ok
Goodwin_127	hybrid-async-dp	patoh	w600	4	0.550193	0.005416757	1.289	ok
Goodwin_127	hybrid-async-dp	patoh	w800	4	0.56708	nan	1.251	ok
Goodwin_127	hybrid-async-dp	patoh	w1000	4	0.571708	0.006098676	1.241	ok
Goodwin_127	hybrid-async-dp	patoh	w1200	4	0.582541	0.006007193	1.218	ok
Goodwin_127	hybrid-async-dp	patoh	w2000	2	0.594731	0.01061441	1.193	ok
Goodwin_127	hybrid-async-dp	naive	w400	4	0.556947	0.008633459	1.274	ok
Goodwin_127	hybrid-async-dp	naive	w600	4	0.557725	0.0079222	1.272	ok
Goodwin_127	hybrid-async-dp	naive	w800	4	0.56742	0.008573684	1.250	ok
Goodwin_127	hybrid-async-dp	naive	w1000	4	0.570715	0.009068834	1.243	ok
Goodwin_127	hybrid-async-dp	naive	w1200	4	0.577545	0.007967097	1.228	ok
Goodwin_127	hybrid-async-dp	naive	w2000	2	0.592341	0.01223029	1.198	ok
Goodwin_127	hybrid-dist-dp	patoh	w400	4	0.620089	0.00701827	1.144	ok
Goodwin_127	hybrid-dist-dp	patoh	w600	2	0.629937	0.0155277	1.126	ok
Goodwin_127	hybrid-dist-dp	patoh	w800	2	0.636451	nan	1.115	ok
Goodwin_127	hybrid-dist-dp	patoh	w1000	2	0.642311	nan	1.104	ok
Goodwin_127	hybrid-dist-dp	patoh	w1200	1	0.638938	0.008643811	1.110	ok
Goodwin_127	hybrid-dist-dp	patoh	w2000	1	0.643159	nan	1.103	ok
Goodwin_127	hybrid-dist-dp	naive	w400	4	0.620934	0.007311524	1.142	ok
Goodwin_127	hybrid-dist-dp	naive	w600	4	0.629045	0.01014203	1.128	ok
Goodwin_127	hybrid-dist-dp	naive	w800	2	0.634537	0.008888554	1.118	ok
Goodwin_127	hybrid-dist-dp	naive	w1000	2	0.637648	0.006824035	1.112	ok
Goodwin_127	hybrid-dist-dp	naive	w1200	1	0.632801	0.04926856	1.121	ok
Goodwin_127	hybrid-dist-dp	naive	w2000	2	0.65316	nan	1.086	ok
Goodwin_127	hybrid-dist-pipelined	patoh	w400	4	0.754135	0.1840184	0.941	ok
Goodwin_127	hybrid-dist-pipelined	patoh	w600	2	0.774014	0.007152223	0.916	ok
Goodwin_127	hybrid-dist-pipelined	patoh	w800	2	0.787937	0.008438783	0.900	ok
Goodwin_127	hybrid-dist-pipelined	patoh	w1000	2	0.795123	0.009441151	0.892	ok
Goodwin_127	hybrid-dist-pipelined	patoh	w1200	2	0.81262	0.07997316	0.873	ok
Goodwin_127	hybrid-dist-pipelined	patoh	w2000	1	0.804529	0.01224752	0.882	ok
Goodwin_127	hybrid-dist-pipelined	naive	w400	4	0.749133	nan	0.947	ok
Goodwin_127	hybrid-dist-pipelined	naive	w600	2	0.780261	0.009645472	0.909	ok
Goodwin_127	hybrid-dist-pipelined	naive	w800	4	0.789134	0.009316692	0.899	ok
Goodwin_127	hybrid-dist-pipelined	naive	w1000	2	0.801895	0.008168455	0.885	ok
Goodwin_127	hybrid-dist-pipelined	naive	w1200	1	0.802482	0.01118957	0.884	ok
Goodwin_127	hybrid-dist-pipelined	naive	w2000	2	0.820369	0.009453504	0.865	ok
Goodwin_127	mpi	patoh	w400	1	6.215393	0.4224862	0.114	ok
Goodwin_127	mpi	patoh	w600	1	6.54016	0.008591987	0.108	ok
Goodwin_127	mpi	patoh	w800	1	6.855645	0.009805824	0.103	ok
Goodwin_127	mpi	patoh	w1000	1	6.858175	0.008300867	0.103	ok
Goodwin_127	mpi	patoh	w1200	1	7.088276	0.01006419	0.100	ok
Goodwin_127	mpi	patoh	w2000	1	7.330784	0.008496142	0.097	ok
Goodwin_127	mpi	naive	w400	1	6.16409	0.009317376	0.115	ok
Goodwin_127	mpi	naive	w600	1	6.517728	0.009885631	0.109	ok
Goodwin_127	mpi	naive	w800	1	6.689042	0.01055985	0.106	ok
Goodwin_127	mpi	naive	w1000	1	6.906662	0.008386693	0.103	ok
Goodwin_127	mpi	naive	w1200	1	6.957883	0.008456541	0.102	ok
Goodwin_127	mpi	naive	w2000	1	7.083857	0.01088353	0.100	ok
Goodwin_127	mpi-gpu	patoh	w400	1	1.18283	nan	0.600	ok
Goodwin_127	mpi-gpu	patoh	w600	1	0.887886	nan	0.799	ok
Goodwin_127	mpi-gpu	patoh	w800	1	0.815642	nan	0.870	ok
Goodwin_127	mpi-gpu	patoh	w1000	1	0.823758	0.009478368	0.861	ok
Goodwin_127	mpi-gpu	patoh	w1200	1	0.841971	0.009428639	0.842	ok
Goodwin_127	mpi-gpu	patoh	w2000	1	0.86006	0.008779203	0.825	ok
Goodwin_127	mpi-gpu	naive	w400	1	1.189253	0.009661917	0.596	ok
Goodwin_127	mpi-gpu	naive	w600	1	0.872501	0.009336662	0.813	ok
Goodwin_127	mpi-gpu	naive	w800	1	0.810632	0.01757387	0.875	ok
Goodwin_127	mpi-gpu	naive	w1000	1	0.823729	nan	0.861	ok
Goodwin_127	mpi-gpu	naive	w1200	1	0.829663	nan	0.855	ok
Goodwin_127	mpi-gpu	naive	w2000	1	0.852547	0.01160719	0.832	ok
bauru5727	cpu	-	-	4	0.356217	0.0001829284	0.408	ok
bauru5727	gpu	-	-	1	0.145188	0.0001663168	1.000	ok
bauru5727	gpu-dp	-	-	1	0.096617	0.05209332	1.503	ok
bauru5727	gpu-pipelined	-	-	1	0.191719	0.0002598005	0.757	ok
bauru5727	hybrid-async	patoh	w400	4	0.192303	0.0001077539	0.755	ok
bauru5727	hybrid-async	patoh	w600	4	0.184942	0.0002978004	0.785	ok
bauru5727	hybrid-async	patoh	w800	4	0.171873	0.0002005571	0.845	ok
bauru5727	hybrid-async	patoh	w1000	4	0.169016	8.66259e-05	0.859	ok
bauru5727	hybrid-async	patoh	w1200	2	0.166625	5.641266e-05	0.871	ok
bauru5727	hybrid-async	patoh	w2000	2	0.162258	5.036054e-05	0.895	ok
bauru5727	hybrid-async	naive	w400	4	0.173316	0.0001173987	0.838	ok
bauru5727	hybrid-async	naive	w600	4	0.172795	0.0002132019	0.840	ok
bauru5727	hybrid-async	naive	w800	2	0.167985	0.003591214	0.864	ok
bauru5727	hybrid-async	naive	w1000	2	0.165817	0.0001936869	0.876	ok
bauru5727	hybrid-async	naive	w1200	2	0.165131	0.0001227515	0.879	ok
bauru5727	hybrid-async	naive	w2000	2	0.161552	0.0002229479	0.899	ok
bauru5727	hybrid-async-dp	patoh	w400	4	0.133653	0.0004214016	1.086	ok
bauru5727	hybrid-async-dp	patoh	w600	4	0.130269	0.0004161976	1.115	ok
bauru5727	hybrid-async-dp	patoh	w800	2	0.126419	0.0001713533	1.148	ok
bauru5727	hybrid-async-dp	patoh	w1000	4	0.125217	0.6447594	1.159	ok
bauru5727	hybrid-async-dp	patoh	w1200	4	0.12283	0.0001419769	1.182	ok
bauru5727	hybrid-async-dp	patoh	w2000	2	0.115192	0.0001720176	1.260	ok
bauru5727	hybrid-async-dp	naive	w400	4	0.128876	7.406148e-05	1.127	ok
bauru5727	hybrid-async-dp	naive	w600	4	0.123039	2.12985e-05	1.180	ok
bauru5727	hybrid-async-dp	naive	w800	4	0.117982	6.577918e-05	1.231	ok
bauru5727	hybrid-async-dp	naive	w1000	2	0.117077	0.0002539268	1.240	ok
bauru5727	hybrid-async-dp	naive	w1200	2	0.114784	0.003602446	1.265	ok
bauru5727	hybrid-async-dp	naive	w2000	1	0.110968	0.0002724322	1.308	ok
bauru5727	hybrid-dist-dp	patoh	w400	4	0.176307	3.022225e-05	0.823	ok
bauru5727	hybrid-dist-dp	patoh	w600	1	0.156983	0.0002508726	0.925	ok
bauru5727	hybrid-dist-dp	patoh	w800	1	0.147105	5.09992e-05	0.987	ok
bauru5727	hybrid-dist-dp	patoh	w1000	1	0.140055	0.0003846941	1.037	ok
bauru5727	hybrid-dist-dp	patoh	w1200	1	0.140625	4.848008e-05	1.032	ok
bauru5727	hybrid-dist-dp	patoh	w2000	1	0.139297	0.0007483047	1.042	ok
bauru5727	hybrid-dist-dp	naive	w400	4	0.157628	5.611356e-05	0.921	ok
bauru5727	hybrid-dist-dp	naive	w600	1	0.149028	0.0001414842	0.974	ok
bauru5727	hybrid-dist-dp	naive	w800	1	0.141593	0.0001243012	1.025	ok
bauru5727	hybrid-dist-dp	naive	w1000	1	0.137688	0.0002212878	1.054	ok
bauru5727	hybrid-dist-dp	naive	w1200	1	0.137179	0.0006158712	1.058	ok
bauru5727	hybrid-dist-dp	naive	w2000	1	0.135856	6.962694e-05	1.069	ok
bauru5727	hybrid-dist-pipelined	patoh	w400	1	0.203143	0.00149931	0.715	ok
bauru5727	hybrid-dist-pipelined	patoh	w600	1	0.176939	0.0004473381	0.821	ok
bauru5727	hybrid-dist-pipelined	patoh	w800	1	0.163682	0.0003412802	0.887	ok
bauru5727	hybrid-dist-pipelined	patoh	w1000	1	0.164391	0.0008759881	0.883	ok
bauru5727	hybrid-dist-pipelined	patoh	w1200	1	0.172584	0.0006732632	0.841	ok
bauru5727	hybrid-dist-pipelined	patoh	w2000	1	0.165087	0.0009506547	0.879	ok
bauru5727	hybrid-dist-pipelined	naive	w400	1	0.178364	0.00903995	0.814	ok
bauru5727	hybrid-dist-pipelined	naive	w600	1	0.169626	0.002427165	0.856	ok
bauru5727	hybrid-dist-pipelined	naive	w800	1	0.165468	0.009305794	0.877	ok
bauru5727	hybrid-dist-pipelined	naive	w1000	1	0.171619	0.0004493651	0.846	ok
bauru5727	hybrid-dist-pipelined	naive	w1200	1	0.167055	0.0003825617	0.869	ok
bauru5727	hybrid-dist-pipelined	naive	w2000	1	0.161022	0.001238092	0.902	ok
bauru5727	mpi	patoh	w400	1	0.324796	0.0001064532	0.447	ok
bauru5727	mpi	patoh	w600	1	0.347999	5.979696e-05	0.417	ok
bauru5727	mpi	patoh	w800	1	0.35771	0.0001781708	0.406	ok
bauru5727	mpi	patoh	w1000	1	0.376488	3.57941e-05	0.386	ok
bauru5727	mpi	patoh	w1200	1	0.388355	0.0001465056	0.374	ok
bauru5727	mpi	patoh	w2000	1	0.384667	4.818001e-05	0.377	ok
bauru5727	mpi	naive	w400	1	0.357778	1.790663e-05	0.406	ok
bauru5727	mpi	naive	w600	1	0.402106	0.0007933991	0.361	ok
bauru5727	mpi	naive	w800	1	0.403667	0.0003111007	0.360	ok
bauru5727	mpi	naive	w1000	1	0.408551	4.708813e-05	0.355	ok
bauru5727	mpi	naive	w1200	1	0.435542	0.0002325364	0.333	ok
bauru5727	mpi	naive	w2000	1	0.413545	0.0003846322	0.351	ok
bauru5727	mpi-gpu	patoh	w400	1	0.235056	0.0009303735	0.618	ok
bauru5727	mpi-gpu	patoh	w600	1	0.236569	3.754416e-05	0.614	ok
bauru5727	mpi-gpu	patoh	w800	1	0.24203	5.28106e-05	0.600	ok
bauru5727	mpi-gpu	patoh	w1000	1	0.24129	0.0002574263	0.602	ok
bauru5727	mpi-gpu	patoh	w1200	1	0.242099	4.828932e-05	0.600	ok
bauru5727	mpi-gpu	patoh	w2000	1	0.248228	6.247208e-05	0.585	ok
bauru5727	mpi-gpu	naive	w400	1	0.255319	0.0001067034	0.569	ok
bauru5727	mpi-gpu	naive	w600	1	0.259152	2.764118e-05	0.560	ok
bauru5727	mpi-gpu	naive	w800	1	0.257819	0.0001967374	0.563	ok
bauru5727	mpi-gpu	naive	w1000	1	0.258137	0.000178314	0.562	ok
bauru5727	mpi-gpu	naive	w1200	1	0.258267	0.0001029312	0.562	ok
bauru5727	mpi-gpu	naive	w2000	1	0.257366	0.0001111155	0.564	ok
xenon2	cpu	-	-	8	4.392568	8.909756e-10	0.124	ok
xenon2	gpu	-	-	1	0.546102	3.059876e-09	1.000	ok
xenon2	gpu-dp	-	-	1	0.47267	1.962672e-08	1.155	ok
xenon2	gpu-pipelined	-	-	1	0.69007	8.724137e-09	0.791	ok
xenon2	hybrid-async	patoh	w400	4	0.504475	2.482609e-09	1.083	ok
xenon2	hybrid-async	patoh	w600	4	0.493637	9.077856e-10	1.106	ok
xenon2	hybrid-async	patoh	w800	4	0.499153	7.200534e-09	1.094	ok
xenon2	hybrid-async	patoh	w1000	4	0.50692	1.887289e-08	1.077	ok
xenon2	hybrid-async	patoh	w1200	4	0.511296	2.086094e-10	1.068	ok
xenon2	hybrid-async	patoh	w2000	4	0.5196	1.065516e-08	1.051	ok
xenon2	hybrid-async	naive	w400	4	0.511681	1.193436e-08	1.067	ok
xenon2	hybrid-async	naive	w600	4	0.491757	8.78804e-09	1.111	ok
xenon2	hybrid-async	naive	w800	4	0.496271	1.678916e-10	1.100	ok
xenon2	hybrid-async	naive	w1000	2	0.50614	6.391389e-08	1.079	ok
xenon2	hybrid-async	naive	w1200	4	0.506895	7.759544e-10	1.077	ok
xenon2	hybrid-async	naive	w2000	2	0.514962	1.048625e-08	1.060	ok
xenon2	hybrid-async-dp	patoh	w400	4	0.465992	8.024816e-09	1.172	ok
xenon2	hybrid-async-dp	patoh	w600	4	0.415838	8.732087e-10	1.313	ok
xenon2	hybrid-async-dp	patoh	w800	4	0.423521	7.248365e-09	1.289	ok
xenon2	hybrid-async-dp	patoh	w1000	4	0.437765	1.436635e-09	1.247	ok
xenon2	hybrid-async-dp	patoh	w1200	4	0.439181	2.984245e-09	1.243	ok
xenon2	hybrid-async-dp	patoh	w2000	4	0.444487	6.111861e-10	1.229	ok
xenon2	hybrid-async-dp	naive	w400	4	0.475689	1.401047e-09	1.148	ok
xenon2	hybrid-async-dp	naive	w600	4	0.421069	1.613534e-09	1.297	ok
xenon2	hybrid-async-dp	naive	w800	4	0.426375	1.197131e-09	1.281	ok
xenon2	hybrid-async-dp	naive	w1000	4	0.436379	2.995351e-09	1.251	ok
xenon2	hybrid-async-dp	naive	w1200	4	0.435271	1.829673e-09	1.255	ok
xenon2	hybrid-async-dp	naive	w2000	4	0.444587	4.216297e-09	1.228	ok
xenon2	hybrid-dist-dp	patoh	w400	4	0.482825	1.909941e-08	1.131	ok
xenon2	hybrid-dist-dp	patoh	w600	2	0.488117	1.857986e-08	1.119	ok
xenon2	hybrid-dist-dp	patoh	w800	4	0.493212	1.554349e-09	1.107	ok
xenon2	hybrid-dist-dp	patoh	w1000	1	0.488347	3.765087e-09	1.118	ok
xenon2	hybrid-dist-dp	patoh	w1200	1	0.490662	5.08376e-10	1.113	ok
xenon2	hybrid-dist-dp	patoh	w2000	1	0.492389	1.874458e-09	1.109	ok
xenon2	hybrid-dist-dp	naive	w400	4	0.486043	5.143519e-09	1.124	ok
xenon2	hybrid-dist-dp	naive	w600	4	0.488853	9.007453e-10	1.117	ok
xenon2	hybrid-dist-dp	naive	w800	2	0.490915	2.031722e-09	1.112	ok
xenon2	hybrid-dist-dp	naive	w1000	2	0.49673	2.689784e-09	1.099	ok
xenon2	hybrid-dist-dp	naive	w1200	1	0.493264	4.738731e-10	1.107	ok
xenon2	hybrid-dist-dp	naive	w2000	1	0.49328	8.580503e-10	1.107	ok
xenon2	hybrid-dist-pipelined	patoh	w400	4	0.592015	6.632286e-10	0.922	ok
xenon2	hybrid-dist-pipelined	patoh	w600	4	0.606338	4.257215e-10	0.901	ok
xenon2	hybrid-dist-pipelined	patoh	w800	4	0.613314	4.445045e-08	0.890	ok
xenon2	hybrid-dist-pipelined	patoh	w1000	1	0.621988	9.475023e-09	0.878	ok
xenon2	hybrid-dist-pipelined	patoh	w1200	1	0.631719	2.325949e-09	0.864	ok
xenon2	hybrid-dist-pipelined	patoh	w2000	2	0.627373	9.762071e-10	0.870	ok
xenon2	hybrid-dist-pipelined	naive	w400	4	0.587984	2.152401e-08	0.929	ok
xenon2	hybrid-dist-pipelined	naive	w600	4	0.603954	2.576846e-09	0.904	ok
xenon2	hybrid-dist-pipelined	naive	w800	4	0.611852	5.951894e-09	0.893	ok
xenon2	hybrid-dist-pipelined	naive	w1000	2	0.620885	3.573214e-09	0.880	ok
xenon2	hybrid-dist-pipelined	naive	w1200	2	0.622913	4.95917e-09	0.877	ok
xenon2	hybrid-dist-pipelined	naive	w2000	1	0.622714	3.459439e-09	0.877	ok
xenon2	mpi	patoh	w400	1	4.151941	7.567912e-09	0.132	ok
xenon2	mpi	patoh	w600	1	4.392823	1.353762e-07	0.124	ok
xenon2	mpi	patoh	w800	1	4.54241	3.364311e-09	0.120	ok
xenon2	mpi	patoh	w1000	1	4.637207	5.737279e-09	0.118	ok
xenon2	mpi	patoh	w1200	1	4.719929	7.010128e-09	0.116	ok
xenon2	mpi	patoh	w2000	1	4.82459	3.692728e-09	0.113	ok
xenon2	mpi	naive	w400	1	4.117595	3.65766e-10	0.133	ok
xenon2	mpi	naive	w600	1	4.37369	5.692113e-08	0.125	ok
xenon2	mpi	naive	w800	1	4.533758	7.210726e-09	0.120	ok
xenon2	mpi	naive	w1000	1	4.593607	2.374256e-09	0.119	ok
xenon2	mpi	naive	w1200	1	4.649487	1.541846e-09	0.117	ok
xenon2	mpi	naive	w2000	1	4.777421	4.460688e-09	0.114	ok
xenon2	mpi-gpu	patoh	w400	1	0.799278	4.879825e-09	0.683	ok
xenon2	mpi-gpu	patoh	w600	1	0.667566	5.311523e-09	0.818	ok
xenon2	mpi-gpu	patoh	w800	1	0.694621	2.644049e-09	0.786	ok
xenon2	mpi-gpu	patoh	w1000	1	0.700814	4.800859e-09	0.779	ok
xenon2	mpi-gpu	patoh	w1200	1	0.706635	1.300819e-09	0.773	ok
xenon2	mpi-gpu	patoh	w2000	1	0.722125	9.744031e-10	0.756	ok
xenon2	mpi-gpu	naive	w400	1	0.830888	1.858757e-09	0.657	ok
xenon2	mpi-gpu	naive	w600	1	0.670441	1.558155e-09	0.815	ok
xenon2	mpi-gpu	naive	w800	1	0.690536	2.850393e-09	0.791	ok
xenon2	mpi-gpu	naive	w1000	1	0.699436	2.349838e-09	0.781	ok
xenon2	mpi-gpu	naive	w1200	1	0.706824	3.367006e-09	0.773	ok
xenon2	mpi-gpu	naive	w2000	1	0.719808	1.100261e-09	0.759	ok
ML_Laplace	cpu	-	-	16	5.496421	0.006951694	0.094	ok
ML_Laplace	gpu	-	-	1	0.515316	0.006903158	1.000	ok
ML_Laplace	gpu-dp	-	-	1	0.494652	0.005666477	1.042	ok
ML_Laplace	gpu-pipelined	-	-	1	0.628013	0.007544688	0.821	ok
ML_Laplace	hybrid-async	patoh	w400	4	0.597648	0.007367098	0.862	ok
ML_Laplace	hybrid-async	patoh	w600	4	0.456164	0.007711806	1.130	ok
ML_Laplace	hybrid-async	patoh	w800	4	0.472571	0.007876494	1.090	ok
ML_Laplace	hybrid-async	patoh	w1000	2	0.480136	0.006611578	1.073	ok
ML_Laplace	hybrid-async	patoh	w1200	4	0.484625	0.0052502	1.063	ok
ML_Laplace	hybrid-async	patoh	w2000	2	0.498705	0.007442623	1.033	ok
ML_Laplace	hybrid-async	naive	w400	4	0.621031	0.005505525	0.830	ok
ML_Laplace	hybrid-async	naive	w600	4	0.457755	0.007156775	1.126	ok
ML_Laplace	hybrid-async	naive	w800	4	0.469148	0.007623978	1.098	ok
ML_Laplace	hybrid-async	naive	w1000	4	0.477988	0.00634463	1.078	ok
ML_Laplace	hybrid-async	naive	w1200	2	0.481113	0.006408271	1.071	ok
ML_Laplace	hybrid-async	naive	w2000	1	0.493189	0.007448275	1.045	ok
ML_Laplace	hybrid-async-dp	patoh	w400	4	0.57351	0.006311104	0.899	ok
ML_Laplace	hybrid-async-dp	patoh	w600	4	0.433153	0.007565354	1.190	ok
ML_Laplace	hybrid-async-dp	patoh	w800	2	0.450916	0.005671636	1.143	ok
ML_Laplace	hybrid-async-dp	patoh	w1000	4	0.456949	0.007742495	1.128	ok
ML_Laplace	hybrid-async-dp	patoh	w1200	2	0.460293	0.007796998	1.120	ok
ML_Laplace	hybrid-async-dp	patoh	w2000	4	0.478776	0.007685367	1.076	ok
ML_Laplace	hybrid-async-dp	naive	w400	4	0.592518	0.006553319	0.870	ok
ML_Laplace	hybrid-async-dp	naive	w600	4	0.428138	0.006135186	1.204	ok
ML_Laplace	hybrid-async-dp	naive	w800	4	0.445914	0.008159576	1.156	ok
ML_Laplace	hybrid-async-dp	naive	w1000	2	0.453457	0.006333159	1.136	ok
ML_Laplace	hybrid-async-dp	naive	w1200	4	0.458519	0.006447645	1.124	ok
ML_Laplace	hybrid-async-dp	naive	w2000	1	0.468219	0.006712153	1.101	ok
ML_Laplace	hybrid-dist-dp	patoh	w400	4	0.533093	0.006795141	0.967	ok
ML_Laplace	hybrid-dist-dp	patoh	w600	4	0.448028	0.00667318	1.150	ok
ML_Laplace	hybrid-dist-dp	patoh	w800	4	0.463029	0.008147566	1.113	ok
ML_Laplace	hybrid-dist-dp	patoh	w1000	4	0.473564	0.006003749	1.088	ok
ML_Laplace	hybrid-dist-dp	patoh	w1200	1	0.475673	0.00686752	1.083	ok
ML_Laplace	hybrid-dist-dp	patoh	w2000	1	0.488597	0.007941827	1.055	ok
ML_Laplace	hybrid-dist-dp	naive	w400	4	0.562301	0.006367173	0.916	ok
ML_Laplace	hybrid-dist-dp	naive	w600	4	0.451011	0.007056328	1.143	ok
ML_Laplace	hybrid-dist-dp	naive	w800	4	0.464894	0.005636725	1.108	ok
ML_Laplace	hybrid-dist-dp	naive	w1000	4	0.465684	0.0070153	1.107	ok
ML_Laplace	hybrid-dist-dp	naive	w1200	4	0.476377	0.005881617	1.082	ok
ML_Laplace	hybrid-dist-dp	naive	w2000	2	0.487438	0.008179694	1.057	ok
ML_Laplace	hybrid-dist-pipelined	patoh	w400	4	0.661754	0.006446227	0.779	ok
ML_Laplace	hybrid-dist-pipelined	patoh	w600	4	0.532377	0.005213493	0.968	ok
ML_Laplace	hybrid-dist-pipelined	patoh	w800	4	0.548265	0.005238661	0.940	ok
ML_Laplace	hybrid-dist-pipelined	patoh	w1000	4	0.558682	0.00606725	0.922	ok
ML_Laplace	hybrid-dist-pipelined	patoh	w1200	4	0.568854	0.007063076	0.906	ok
ML_Laplace	hybrid-dist-pipelined	patoh	w2000	1	0.580953	0.006185606	0.887	ok
ML_Laplace	hybrid-dist-pipelined	naive	w400	4	0.670484	0.007089287	0.769	ok
ML_Laplace	hybrid-dist-pipelined	naive	w600	4	0.535912	0.008009638	0.962	ok
ML_Laplace	hybrid-dist-pipelined	naive	w800	2	0.547672	0.006239331	0.941	ok
ML_Laplace	hybrid-dist-pipelined	naive	w1000	4	0.552748	0.006291139	0.932	ok
ML_Laplace	hybrid-dist-pipelined	naive	w1200	2	0.562067	0.006936718	0.917	ok
ML_Laplace	hybrid-dist-pipelined	naive	w2000	2	0.577263	0.007502819	0.893	ok
ML_Laplace	mpi	patoh	w400	1	4.963038	0.006833327	0.104	ok
ML_Laplace	mpi	patoh	w600	1	5.158322	0.007752137	0.100	ok
ML_Laplace	mpi	patoh	w800	1	5.335659	0.006387426	0.097	ok
ML_Laplace	mpi	patoh	w1000	1	5.472461	0.006861741	0.094	ok
ML_Laplace	mpi	patoh	w1200	1	5.678321	0.008083421	0.091	ok
ML_Laplace	mpi	patoh	w2000	1	5.819193	0.006706096	0.089	ok
ML_Laplace	mpi	naive	w400	1	5.105813	0.006622023	0.101	ok
ML_Laplace	mpi	naive	w600	1	5.220862	0.007890523	0.099	ok
ML_Laplace	mpi	naive	w800	1	5.381777	0.005649698	0.096	ok
ML_Laplace	mpi	naive	w1000	1	5.407879	0.00745378	0.095	ok
ML_Laplace	mpi	naive	w1200	1	5.455468	0.007295296	0.094	ok
ML_Laplace	mpi	naive	w2000	1	5.566176	0.006302431	0.093	ok
ML_Laplace	mpi-gpu	patoh	w400	1	1.241026	0.006781616	0.415	ok
ML_Laplace	mpi-gpu	patoh	w600	1	0.829813	0.006549411	0.621	ok
ML_Laplace	mpi-gpu	patoh	w800	1	0.612608	0.006770831	0.841	ok
ML_Laplace	mpi-gpu	patoh	w1000	1	0.482409	0.008134312	1.068	ok
ML_Laplace	mpi-gpu	patoh	w1200	1	0.484881	0.006614573	1.063	ok
ML_Laplace	mpi-gpu	patoh	w2000	1	0.495789	0.007134776	1.039	ok
ML_Laplace	mpi-gpu	naive	w400	1	1.204396	0.006699012	0.428	ok
ML_Laplace	mpi-gpu	naive	w600	1	0.823442	0.00656438	0.626	ok
ML_Laplace	mpi-gpu	naive	w800	1	0.665932	0.00708522	0.774	ok
ML_Laplace	mpi-gpu	naive	w1000	1	0.523863	0.00733575	0.984	ok
ML_Laplace	mpi-gpu	naive	w1200	1	0.480724	0.008632831	1.072	ok
ML_Laplace	mpi-gpu	naive	w2000	1	0.491029	0.007515468	1.049	ok
trans5	cpu	-	-	4	1.07152	1.550814e-05	0.246	ok
trans5	gpu	-	-	1	0.263415	1.235309e-05	1.000	ok
trans5	gpu-dp	-	-	1	0.195978	1.415542e-05	1.344	ok
trans5	gpu-pipelined	-	-	1	0.357763	1.444903e-05	0.736	ok
trans5	hybrid-async	patoh	w400	4	0.371386	1.224416e-05	0.709	ok
trans5	hybrid-async	patoh	w600	4	0.368537	1.256721e-05	0.715	ok
trans5	hybrid-async	patoh	w800	4	0.363695	1.259969e-05	0.724	ok
trans5	hybrid-async	patoh	w1000	4	0.367603	1.350171e-05	0.717	ok
trans5	hybrid-async	patoh	w1200	4	0.360172	1.357618e-05	0.731	ok
trans5	hybrid-async	patoh	w2000	2	0.339593	1.262495e-05	0.776	ok
trans5	hybrid-async	naive	w400	4	0.330987	1.336263e-05	0.796	ok
trans5	hybrid-async	naive	w600	4	0.315877	2.059531e-05	0.834	ok
trans5	hybrid-async	naive	w800	4	0.313372	1.465438e-05	0.841	ok
trans5	hybrid-async	naive	w1000	4	0.306137	1.309432e-05	0.860	ok
trans5	hybrid-async	naive	w1200	4	0.305753	1.613979e-05	0.862	ok
trans5	hybrid-async	naive	w2000	4	0.295512	1.300114e-05	0.891	ok
trans5	hybrid-async-dp	patoh	w400	4	0.324512	5.259789e-05	0.812	ok
trans5	hybrid-async-dp	patoh	w600	4	0.301184	1.398944e-05	0.875	ok
trans5	hybrid-async-dp	patoh	w800	4	0.287516	1.291688e-05	0.916	ok
trans5	hybrid-async-dp	patoh	w1000	2	0.292755	1.263719e-05	0.900	ok
trans5	hybrid-async-dp	patoh	w1200	2	0.28898	1.359859e-05	0.912	ok
trans5	hybrid-async-dp	patoh	w2000	2	0.274982	1.242797e-05	0.958	ok
trans5	hybrid-async-dp	naive	w400	4	0.259837	1.70771e-05	1.014	ok
trans5	hybrid-async-dp	naive	w600	4	0.247989	1.22355e-05	1.062	ok
trans5	hybrid-async-dp	naive	w800	4	0.242163	1.315763e-05	1.088	ok
trans5	hybrid-async-dp	naive	w1000	4	0.232016	1.190829e-05	1.135	ok
trans5	hybrid-async-dp	naive	w1200	4	0.221813	1.272989e-05	1.188	ok
trans5	hybrid-async-dp	naive	w2000	4	0.218581	1.324957e-05	1.205	ok
trans5	hybrid-dist-dp	patoh	w400	4	0.299766	1.306176e-05	0.879	ok
trans5	hybrid-dist-dp	patoh	w600	4	0.276875	1.890373e-05	0.951	ok
trans5	hybrid-dist-dp	patoh	w800	4	0.291984	1.234815e-05	0.902	ok
trans5	hybrid-dist-dp	patoh	w1000	2	0.278383	1.250803e-05	0.946	ok
trans5	hybrid-dist-dp	patoh	w1200	2	0.275102	1.231219e-05	0.958	ok
trans5	hybrid-dist-dp	patoh	w2000	4	0.280882	1.614866e-05	0.938	ok
trans5	hybrid-dist-dp	naive	w400	4	0.268022	1.327725e-05	0.983	ok
trans5	hybrid-dist-dp	naive	w600	2	0.253781	1.311861e-05	1.038	ok
trans5	hybrid-dist-dp	naive	w800	4	0.249162	1.429526e-05	1.057	ok
trans5	hybrid-dist-dp	naive	w1000	1	0.236779	1.996646e-05	1.112	ok
trans5	hybrid-dist-dp	naive	w1200	1	0.233496	1.249834e-05	1.128	ok
trans5	hybrid-dist-dp	naive	w2000	1	0.227887	1.387465e-05	1.156	ok
trans5	hybrid-dist-pipelined	patoh	w400	4	0.366753	1.86864e-05	0.718	ok
trans5	hybrid-dist-pipelined	patoh	w600	4	0.355037	1.390154e-05	0.742	ok
trans5	hybrid-dist-pipelined	patoh	w800	4	0.350064	1.881006e-05	0.752	ok
trans5	hybrid-dist-pipelined	patoh	w1000	4	0.353148	1.96817e-05	0.746	ok
trans5	hybrid-dist-pipelined	patoh	w1200	2	0.34285	1.36568e-05	0.768	ok
trans5	hybrid-dist-pipelined	patoh	w2000	4	0.347529	1.502286e-05	0.758	ok
trans5	hybrid-dist-pipelined	naive	w400	4	0.321014	1.396628e-05	0.821	ok
trans5	hybrid-dist-pipelined	naive	w600	2	0.316519	5.37908e-05	0.832	ok
trans5	hybrid-dist-pipelined	naive	w800	1	0.302891	1.422128e-05	0.870	ok
trans5	hybrid-dist-pipelined	naive	w1000	1	0.310265	9.683615e-05	0.849	ok
trans5	hybrid-dist-pipelined	naive	w1200	1	0.30885	1.391694e-05	0.853	ok
trans5	hybrid-dist-pipelined	naive	w2000	2	0.304446	1.410944e-05	0.865	ok
trans5	mpi	patoh	w400	1	1.216259	1.222108e-05	0.217	ok
trans5	mpi	patoh	w600	1	1.261927	1.311313e-05	0.209	ok
trans5	mpi	patoh	w800	1	1.294249	1.261711e-05	0.204	ok
trans5	mpi	patoh	w1000	1	1.305188	1.258823e-05	0.202	ok
trans5	mpi	patoh	w1200	1	1.366127	1.245646e-05	0.193	ok
trans5	mpi	patoh	w2000	1	1.399497	1.32526e-05	0.188	ok
trans5	mpi	naive	w400	1	1.107231	1.366902e-05	0.238	ok
trans5	mpi	naive	w600	1	1.17141	1.277666e-05	0.225	ok
trans5	mpi	naive	w800	1	1.221607	3.265124e-05	0.216	ok
trans5	mpi	naive	w1000	1	1.246218	1.265786e-05	0.211	ok
trans5	mpi	naive	w1200	1	1.216763	1.402269e-05	0.216	ok
trans5	mpi	naive	w2000	1	1.378555	1.832704e-05	0.191	ok
trans5	mpi-gpu	patoh	w400	1	0.903927	1.29534e-05	0.291	ok
trans5	mpi-gpu	patoh	w600	1	0.920654	1.198346e-05	0.286	ok
trans5	mpi-gpu	patoh	w800	1	0.922049	1.212722e-05	0.286	ok
trans5	mpi-gpu	patoh	w1000	1	0.929369	2.569255e-05	0.283	ok
trans5	mpi-gpu	patoh	w1200	1	0.917023	1.138936e-05	0.287	ok
trans5	mpi-gpu	patoh	w2000	1	0.920108	1.264767e-05	0.286	ok
trans5	mpi-gpu	naive	w400	1	0.905949	1.268217e-05	0.291	ok
trans5	mpi-gpu	naive	w600	1	0.906962	1.334311e-05	0.290	ok
trans5	mpi-gpu	naive	w800	1	0.906712	1.383228e-05	0.291	ok
trans5	mpi-gpu	naive	w1000	1	0.909404	1.313795e-05	0.290	ok
trans5	mpi-gpu	naive	w1200	1	0.910826	1.367263e-05	0.289	ok
trans5	mpi-gpu	naive	w2000	1	0.896624	1.159645e-05	0.294	ok
inlet	cpu	-	-	16	0.229933	17.97438	0.679	ok
inlet	gpu	-	-	1	0.156102	nan	1.000	ok
inlet	gpu-dp	-	-	1	0.105299	nan	1.482	ok
inlet	gpu-pipelined	-	-	1	0.203556	nan	0.767	ok
inlet	hybrid-async	patoh	w400	4	0.156154	nan	1.000	ok
inlet	hybrid-async	patoh	w600	4	0.150503	nan	1.037	ok
inlet	hybrid-async	patoh	w800	4	0.150002	nan	1.041	ok
inlet	hybrid-async	patoh	w1000	4	0.145218	nan	1.075	ok
inlet	hybrid-async	patoh	w1200	2	0.145612	nan	1.072	ok
inlet	hybrid-async	patoh	w2000	1	0.143417	nan	1.088	ok
inlet	hybrid-async	naive	w400	4	0.159258	nan	0.980	ok
inlet	hybrid-async	naive	w600	4	0.151018	nan	1.034	ok
inlet	hybrid-async	naive	w800	4	0.14619	nan	1.068	ok
inlet	hybrid-async	naive	w1000	2	0.146779	nan	1.064	ok
inlet	hybrid-async	naive	w1200	2	0.146077	nan	1.069	ok
inlet	hybrid-async	naive	w2000	1	0.14331	nan	1.089	ok
inlet	hybrid-async-dp	patoh	w400	4	0.107806	nan	1.448	ok
inlet	hybrid-async-dp	patoh	w600	4	0.09886	nan	1.579	ok
inlet	hybrid-async-dp	patoh	w800	4	0.10044	nan	1.554	ok
inlet	hybrid-async-dp	patoh	w1000	4	0.100641	nan	1.551	ok
inlet	hybrid-async-dp	patoh	w1200	4	0.100072	nan	1.560	ok
inlet	hybrid-async-dp	patoh	w2000	1	0.099504	nan	1.569	ok
inlet	hybrid-async-dp	naive	w400	4	0.104352	nan	1.496	ok
inlet	hybrid-async-dp	naive	w600	4	0.098514	nan	1.585	ok
inlet	hybrid-async-dp	naive	w800	4	0.100385	nan	1.555	ok
inlet	hybrid-async-dp	naive	w1000	2	0.100285	nan	1.557	ok
inlet	hybrid-async-dp	naive	w1200	2	0.100344	nan	1.556	ok
inlet	hybrid-async-dp	naive	w2000	1	0.099906	nan	1.562	ok
inlet	hybrid-dist-dp	patoh	w400	4	0.159151	nan	0.981	ok
inlet	hybrid-dist-dp	patoh	w600	1	0.149576	nan	1.044	ok
inlet	hybrid-dist-dp	patoh	w800	1	0.145409	nan	1.074	ok
inlet	hybrid-dist-dp	patoh	w1000	1	0.145481	nan	1.073	ok
inlet	hybrid-dist-dp	patoh	w1200	1	0.145916	nan	1.070	ok
inlet	hybrid-dist-dp	patoh	w2000	1	0.145627	nan	1.072	ok
inlet	hybrid-dist-dp	naive	w400	2	0.160506	nan	0.973	ok
inlet	hybrid-dist-dp	naive	w600	1	0.148639	nan	1.050	ok
inlet	hybrid-dist-dp	naive	w800	1	0.146007	nan	1.069	ok
inlet	hybrid-dist-dp	naive	w1000	1	0.145496	nan	1.073	ok
inlet	hybrid-dist-dp	naive	w1200	1	0.146166	nan	1.068	ok
inlet	hybrid-dist-dp	naive	w2000	1	0.14648	nan	1.066	ok
inlet	hybrid-dist-pipelined	patoh	w400	1	0.182683	nan	0.854	ok
inlet	hybrid-dist-pipelined	patoh	w600	1	0.169616	nan	0.920	ok
inlet	hybrid-dist-pipelined	patoh	w800	1	0.169982	nan	0.918	ok
inlet	hybrid-dist-pipelined	patoh	w1000	1	0.167213	nan	0.934	ok
inlet	hybrid-dist-pipelined	patoh	w1200	1	0.166197	nan	0.939	ok
inlet	hybrid-dist-pipelined	patoh	w2000	1	0.169126	nan	0.923	ok
inlet	hybrid-dist-pipelined	naive	w400	1	0.182675	nan	0.855	ok
inlet	hybrid-dist-pipelined	naive	w600	1	0.163953	nan	0.952	ok
inlet	hybrid-dist-pipelined	naive	w800	1	0.171289	nan	0.911	ok
inlet	hybrid-dist-pipelined	naive	w1000	1	0.166229	nan	0.939	ok
inlet	hybrid-dist-pipelined	naive	w1200	1	0.166142	nan	0.940	ok
inlet	hybrid-dist-pipelined	naive	w2000	1	0.168666	nan	0.926	ok
inlet	mpi	patoh	w400	1	0.277495	nan	0.563	ok
inlet	mpi	patoh	w600	1	0.271519	nan	0.575	ok
inlet	mpi	patoh	w800	1	0.294539	nan	0.530	ok
inlet	mpi	patoh	w1000	1	0.2952	36.13168	0.529	ok
inlet	mpi	patoh	w1200	1	0.295053	nan	0.529	ok
inlet	mpi	patoh	w2000	1	0.311392	nan	0.501	ok
inlet	mpi	naive	w400	1	0.252632	nan	0.618	ok
inlet	mpi	naive	w600	1	0.273467	nan	0.571	ok
inlet	mpi	naive	w800	1	0.291041	nan	0.536	ok
inlet	mpi	naive	w1000	1	0.286106	163.2927	0.546	ok
inlet	mpi	naive	w1200	1	0.292786	nan	0.533	ok
inlet	mpi	naive	w2000	1	0.335115	nan	0.466	ok
inlet	mpi-gpu	patoh	w400	1	0.20292	nan	0.769	ok
inlet	mpi-gpu	patoh	w600	1	0.206572	nan	0.756	ok
inlet	mpi-gpu	patoh	w800	1	0.210034	nan	0.743	ok
inlet	mpi-gpu	patoh	w1000	1	0.211029	nan	0.740	ok
inlet	mpi-gpu	patoh	w1200	1	0.211656	nan	0.738	ok
inlet	mpi-gpu	patoh	w2000	1	0.212505	nan	0.735	ok
inlet	mpi-gpu	naive	w400	1	0.204449	nan	0.764	ok
inlet	mpi-gpu	naive	w600	1	0.206596	nan	0.756	ok
inlet	mpi-gpu	naive	w800	1	0.210736	nan	0.741	ok
inlet	mpi-gpu	naive	w1000	1	0.210589	nan	0.741	ok
inlet	mpi-gpu	naive	w1200	1	0.210592	nan	0.741	ok
inlet	mpi-gpu	naive	w2000	1	0.212943	nan	0.733	ok
tmt_unsym	cpu	-	-	4	12.142923	7.679978e-05	0.098	ok
tmt_unsym	gpu	-	-	1	1.187117	1.137946e-05	1.000	ok
tmt_unsym	gpu-dp	-	-	1	0.890851	6.179192e-06	1.333	ok
tmt_unsym	gpu-pipelined	-	-	1	1.832028	5.633705e-05	0.648	ok
tmt_unsym	hybrid-async	patoh	w400	4	1.713278	1.931185e-05	0.693	ok
tmt_unsym	hybrid-async	patoh	w600	4	1.602761	3.287346e-05	0.741	ok
tmt_unsym	hybrid-async	patoh	w800	4	1.549909	5.335672e-05	0.766	ok
tmt_unsym	hybrid-async	patoh	w1000	4	1.518909	7.414821e-05	0.782	ok
tmt_unsym	hybrid-async	patoh	w1200	4	1.487837	3.445026e-05	0.798	ok
tmt_unsym	hybrid-async	patoh	w2000	4	1.442302	2.118992e-05	0.823	ok
tmt_unsym	hybrid-async	naive	w400	4	1.703345	3.171431e-05	0.697	ok
tmt_unsym	hybrid-async	naive	w600	4	1.594388	2.192899e-05	0.745	ok
tmt_unsym	hybrid-async	naive	w800	4	1.53795	5.496564e-05	0.772	ok
tmt_unsym	hybrid-async	naive	w1000	4	1.503206	2.140152e-05	0.790	ok
tmt_unsym	hybrid-async	naive	w1200	4	1.473516	0.002226116	0.806	ok
tmt_unsym	hybrid-async	naive	w2000	4	1.45128	3.165385e-05	0.818	ok
tmt_unsym	hybrid-async-dp	patoh	w400	4	1.415199	1.041203e-05	0.839	ok
tmt_unsym	hybrid-async-dp	patoh	w600	4	1.298975	2.998828e-05	0.914	ok
tmt_unsym	hybrid-async-dp	patoh	w800	4	1.24941	1.390894e-05	0.950	ok
tmt_unsym	hybrid-async-dp	patoh	w1000	4	1.217125	3.011381e-05	0.975	ok
tmt_unsym	hybrid-async-dp	patoh	w1200	4	1.188495	1.565527e-05	0.999	ok
tmt_unsym	hybrid-async-dp	patoh	w2000	4	1.155884	4.721581e-05	1.027	ok
tmt_unsym	hybrid-async-dp	naive	w400	4	1.386244	1.795663e-05	0.856	ok
tmt_unsym	hybrid-async-dp	naive	w600	4	1.298763	6.57273e-05	0.914	ok
tmt_unsym	hybrid-async-dp	naive	w800	4	1.242988	1.538583e-05	0.955	ok
tmt_unsym	hybrid-async-dp	naive	w1000	4	1.206932	9.466855e-05	0.984	ok
tmt_unsym	hybrid-async-dp	naive	w1200	4	1.178312	0.000173736	1.007	ok
tmt_unsym	hybrid-async-dp	naive	w2000	4	1.125646	6.028128e-05	1.055	ok
tmt_unsym	hybrid-dist-dp	patoh	w400	4	0.922486	3.246183e-05	1.287	ok
tmt_unsym	hybrid-dist-dp	patoh	w600	4	0.934092	1.839224e-05	1.271	ok
tmt_unsym	hybrid-dist-dp	patoh	w800	2	0.926042	3.859793e-05	1.282	ok
tmt_unsym	hybrid-dist-dp	patoh	w1000	4	0.921958	2.328138e-05	1.288	ok
tmt_unsym	hybrid-dist-dp	patoh	w1200	4	0.932867	2.065616e-05	1.273	ok
tmt_unsym	hybrid-dist-dp	patoh	w2000	1	0.952625	3.827801e-05	1.246	ok
tmt_unsym	hybrid-dist-dp	naive	w400	4	0.923793	3.282263e-05	1.285	ok
tmt_unsym	hybrid-dist-dp	naive	w600	2	0.935336	4.077622e-05	1.269	ok
tmt_unsym	hybrid-dist-dp	naive	w800	4	0.923359	1.822826e-05	1.286	ok
tmt_unsym	hybrid-dist-dp	naive	w1000	4	0.921294	2.084597e-05	1.289	ok
tmt_unsym	hybrid-dist-dp	naive	w1200	4	0.929002	3.485453e-05	1.278	ok
tmt_unsym	hybrid-dist-dp	naive	w2000	2	0.954339	3.130206e-05	1.244	ok
tmt_unsym	hybrid-dist-pipelined	patoh	w400	4	1.316583	0.0001869135	0.902	ok
tmt_unsym	hybrid-dist-pipelined	patoh	w600	4	1.337885	0.0001070909	0.887	ok
tmt_unsym	hybrid-dist-pipelined	patoh	w800	4	1.349596	0.0001139265	0.880	ok
tmt_unsym	hybrid-dist-pipelined	patoh	w1000	2	1.345955	2.10985e-05	0.882	ok
tmt_unsym	hybrid-dist-pipelined	patoh	w1200	2	1.354377	5.996401e-05	0.877	ok
tmt_unsym	hybrid-dist-pipelined	patoh	w2000	1	1.372985	0.0001691944	0.865	ok
tmt_unsym	hybrid-dist-pipelined	naive	w400	4	1.320026	5.518783e-05	0.899	ok
tmt_unsym	hybrid-dist-pipelined	naive	w600	4	1.341297	4.628211e-05	0.885	ok
tmt_unsym	hybrid-dist-pipelined	naive	w800	2	1.345427	2.731903e-05	0.882	ok
tmt_unsym	hybrid-dist-pipelined	naive	w1000	2	1.345307	2.905197e-05	0.882	ok
tmt_unsym	hybrid-dist-pipelined	naive	w1200	4	1.353786	4.75066e-05	0.877	ok
tmt_unsym	hybrid-dist-pipelined	naive	w2000	2	1.375419	3.377646e-05	0.863	ok
tmt_unsym	mpi	patoh	w400	1	11.50617	2.596292e-05	0.103	ok
tmt_unsym	mpi	patoh	w600	1	12.042513	1.822593e-05	0.099	ok
tmt_unsym	mpi	patoh	w800	1	12.333621	1.644652e-05	0.096	ok
tmt_unsym	mpi	patoh	w1000	1	12.472737	1.894817e-05	0.095	ok
tmt_unsym	mpi	patoh	w1200	1	12.454442	0.0001005922	0.095	ok
tmt_unsym	mpi	patoh	w2000	1	12.760712	2.423195e-05	0.093	ok
tmt_unsym	mpi	naive	w400	1	11.485842	2.596815e-05	0.103	ok
tmt_unsym	mpi	naive	w600	1	11.974204	4.559071e-05	0.099	ok
tmt_unsym	mpi	naive	w800	1	12.188796	3.623148e-05	0.097	ok
tmt_unsym	mpi	naive	w1000	1	12.370841	3.39622e-05	0.096	ok
tmt_unsym	mpi	naive	w1200	1	12.438726	3.479856e-05	0.095	ok
tmt_unsym	mpi	naive	w2000	1	12.727434	3.190212e-05	0.093	ok
tmt_unsym	mpi-gpu	patoh	w400	1	2.345594	3.286559e-05	0.506	ok
tmt_unsym	mpi-gpu	patoh	w600	1	2.162928	5.175487e-05	0.549	ok
tmt_unsym	mpi-gpu	patoh	w800	1	2.17007	1.071241e-05	0.547	ok
tmt_unsym	mpi-gpu	patoh	w1000	1	2.20305	6.197493e-05	0.539	ok
tmt_unsym	mpi-gpu	patoh	w1200	1	2.231569	3.42712e-05	0.532	ok
tmt_unsym	mpi-gpu	patoh	w2000	1	2.298133	6.817101e-05	0.517	ok
tmt_unsym	mpi-gpu	naive	w400	1	2.349849	3.329822e-05	0.505	ok
tmt_unsym	mpi-gpu	naive	w600	1	2.164584	2.88477e-05	0.548	ok
tmt_unsym	mpi-gpu	naive	w800	1	2.170722	2.250682e-05	0.547	ok
tmt_unsym	mpi-gpu	naive	w1000	1	2.206762	1.382066e-05	0.538	ok
tmt_unsym	mpi-gpu	naive	w1200	1	2.23204	4.526623e-05	0.532	ok
tmt_unsym	mpi-gpu	naive	w2000	1	2.280454	1.312706e-05	0.521	ok
pre2	cpu	-	-	16	11.129405	0.4441038	0.099	ok
pre2	gpu	-	-	1	1.100674	nan	1.000	ok
pre2	gpu-dp	-	-	1	0.864228	nan	1.274	ok
pre2	gpu-pipelined	-	-	1	1.608755	nan	0.684	ok
pre2	hybrid-async	patoh	w400	4	1.409972	nan	0.781	ok
pre2	hybrid-async	patoh	w600	4	1.289569	nan	0.854	ok
pre2	hybrid-async	patoh	w800	4	1.228394	nan	0.896	ok
pre2	hybrid-async	patoh	w1000	4	1.176684	nan	0.935	ok
pre2	hybrid-async	patoh	w1200	4	1.155699	nan	0.952	ok
pre2	hybrid-async	patoh	w2000	4	1.088808	nan	1.011	ok
pre2	hybrid-async	naive	w400	4	1.416085	nan	0.777	ok
pre2	hybrid-async	naive	w600	4	1.310144	nan	0.840	ok
pre2	hybrid-async	naive	w800	4	1.234221	nan	0.892	ok
pre2	hybrid-async	naive	w1000	4	1.19542	nan	0.921	ok
pre2	hybrid-async	naive	w1200	4	1.167977	nan	0.942	ok
pre2	hybrid-async	naive	w2000	4	1.106936	nan	0.994	ok
pre2	hybrid-async-dp	patoh	w400	4	1.188503	nan	0.926	ok
pre2	hybrid-async-dp	patoh	w600	4	1.073301	nan	1.026	ok
pre2	hybrid-async-dp	patoh	w800	4	1.007046	nan	1.093	ok
pre2	hybrid-async-dp	patoh	w1000	4	0.964268	nan	1.141	ok
pre2	hybrid-async-dp	patoh	w1200	4	0.93209	nan	1.181	ok
pre2	hybrid-async-dp	patoh	w2000	4	0.868335	nan	1.268	ok
pre2	hybrid-async-dp	naive	w400	4	1.204443	nan	0.914	ok
pre2	hybrid-async-dp	naive	w600	4	1.090274	nan	1.010	ok
pre2	hybrid-async-dp	naive	w800	4	1.032333	nan	1.066	ok
pre2	hybrid-async-dp	naive	w1000	4	0.986305	nan	1.116	ok
pre2	hybrid-async-dp	naive	w1200	4	0.946407	nan	1.163	ok
pre2	hybrid-async-dp	naive	w2000	4	0.87874	nan	1.253	ok
pre2	hybrid-dist-dp	patoh	w400	4	0.905793	nan	1.215	ok
pre2	hybrid-dist-dp	patoh	w600	4	0.885917	nan	1.242	ok
pre2	hybrid-dist-dp	patoh	w800	4	0.880311	nan	1.250	ok
pre2	hybrid-dist-dp	patoh	w1000	4	0.89644	nan	1.228	ok
pre2	hybrid-dist-dp	patoh	w1200	1	0.89537	nan	1.229	ok
pre2	hybrid-dist-dp	patoh	w2000	1	0.914436	nan	1.204	ok
pre2	hybrid-dist-dp	naive	w400	4	0.89761	nan	1.226	ok
pre2	hybrid-dist-dp	naive	w600	4	0.887838	nan	1.240	ok
pre2	hybrid-dist-dp	naive	w800	2	0.893883	nan	1.231	ok
pre2	hybrid-dist-dp	naive	w1000	4	0.894489	nan	1.231	ok
pre2	hybrid-dist-dp	naive	w1200	2	0.89521	nan	1.230	ok
pre2	hybrid-dist-dp	naive	w2000	4	0.911506	nan	1.208	ok
pre2	hybrid-dist-pipelined	patoh	w400	4	1.203262	nan	0.915	ok
pre2	hybrid-dist-pipelined	patoh	w600	2	1.206041	nan	0.913	ok
pre2	hybrid-dist-pipelined	patoh	w800	2	1.22878	nan	0.896	ok
pre2	hybrid-dist-pipelined	patoh	w1000	2	1.230619	nan	0.894	ok
pre2	hybrid-dist-pipelined	patoh	w1200	1	1.240513	nan	0.887	ok
pre2	hybrid-dist-pipelined	patoh	w2000	1	1.247448	nan	0.882	ok
pre2	hybrid-dist-pipelined	naive	w400	4	1.207414	nan	0.912	ok
pre2	hybrid-dist-pipelined	naive	w600	4	1.216621	nan	0.905	ok
pre2	hybrid-dist-pipelined	naive	w800	2	1.228914	nan	0.896	ok
pre2	hybrid-dist-pipelined	naive	w1000	4	1.233687	nan	0.892	ok
pre2	hybrid-dist-pipelined	naive	w1200	2	1.23193	nan	0.893	ok
pre2	hybrid-dist-pipelined	naive	w2000	1	1.248995	nan	0.881	ok
pre2	mpi	patoh	w400	1	10.59941	nan	0.104	ok
pre2	mpi	patoh	w600	1	11.229177	nan	0.098	ok
pre2	mpi	patoh	w800	1	11.440793	nan	0.096	ok
pre2	mpi	patoh	w1000	1	11.712156	nan	0.094	ok
pre2	mpi	patoh	w1200	1	11.941485	nan	0.092	ok
pre2	mpi	patoh	w2000	1	12.081786	nan	0.091	ok
pre2	mpi	naive	w400	1	10.630891	nan	0.104	ok
pre2	mpi	naive	w600	1	11.161987	nan	0.099	ok
pre2	mpi	naive	w800	1	11.266711	nan	0.098	ok
pre2	mpi	naive	w1000	1	11.537247	nan	0.095	ok
pre2	mpi	naive	w1200	1	11.69857	nan	0.094	ok
pre2	mpi	naive	w2000	1	11.917992	nan	0.092	ok
pre2	mpi-gpu	patoh	w400	1	1.972652	nan	0.558	ok
pre2	mpi-gpu	patoh	w600	1	1.76722	nan	0.623	ok
pre2	mpi-gpu	patoh	w800	1	1.79172	nan	0.614	ok
pre2	mpi-gpu	patoh	w1000	1	1.826336	nan	0.603	ok
pre2	mpi-gpu	patoh	w1200	1	1.880236	nan	0.585	ok
pre2	mpi-gpu	patoh	w2000	1	1.909739	nan	0.576	ok
pre2	mpi-gpu	naive	w400	1	2.036761	14253410000000.0	0.540	ok
pre2	mpi-gpu	naive	w600	1	1.797899	nan	0.612	ok
pre2	mpi-gpu	naive	w800	1	1.811364	nan	0.608	ok
pre2	mpi-gpu	naive	w1000	1	1.836312	nan	0.599	ok
pre2	mpi-gpu	naive	w1200	1	1.871534	nan	0.588	ok
pre2	mpi-gpu	naive	w2000	1	1.910377	nan	0.576	ok
para-5	cpu	-	-	16	6.843155	2.624897e+64	0.099	ok
para-5	gpu	-	-	1	0.675786	nan	1.000	ok
para-5	gpu-dp	-	-	1	0.592218	nan	1.141	ok
para-5	gpu-pipelined	-	-	1	0.83359	nan	0.811	ok
para-5	hybrid-async	patoh	w400	4	0.606504	nan	1.114	ok
para-5	hybrid-async	patoh	w600	4	0.598181	nan	1.130	ok
para-5	hybrid-async	patoh	w800	4	0.615816	1.694988e+103	1.097	ok
para-5	hybrid-async	patoh	w1000	2	0.624162	4.864042e+71	1.083	ok
para-5	hybrid-async	patoh	w1200	4	0.627921	nan	1.076	ok
para-5	hybrid-async	patoh	w2000	4	0.645619	nan	1.047	ok
para-5	hybrid-async	naive	w400	4	0.626594	nan	1.079	ok
para-5	hybrid-async	naive	w600	4	0.596524	nan	1.133	ok
para-5	hybrid-async	naive	w800	4	0.612336	nan	1.104	ok
para-5	hybrid-async	naive	w1000	4	0.619007	nan	1.092	ok
para-5	hybrid-async	naive	w1200	2	0.628867	nan	1.075	ok
para-5	hybrid-async	naive	w2000	2	0.639347	nan	1.057	ok
para-5	hybrid-async-dp	patoh	w400	4	0.523395	nan	1.291	ok
para-5	hybrid-async-dp	patoh	w600	4	0.518934	nan	1.302	ok
para-5	hybrid-async-dp	patoh	w800	4	0.536656	1.808843e+84	1.259	ok
para-5	hybrid-async-dp	patoh	w1000	4	0.540451	3.109051e+77	1.250	ok
para-5	hybrid-async-dp	patoh	w1200	4	0.550418	nan	1.228	ok
para-5	hybrid-async-dp	patoh	w2000	4	0.56247	nan	1.201	ok
para-5	hybrid-async-dp	naive	w400	4	0.548714	nan	1.232	ok
para-5	hybrid-async-dp	naive	w600	4	0.519871	nan	1.300	ok
para-5	hybrid-async-dp	naive	w800	4	0.532958	nan	1.268	ok
para-5	hybrid-async-dp	naive	w1000	4	0.539986	nan	1.251	ok
para-5	hybrid-async-dp	naive	w1200	2	0.543156	nan	1.244	ok
para-5	hybrid-async-dp	naive	w2000	1	0.555701	nan	1.216	ok
para-5	hybrid-dist-dp	patoh	w400	4	0.582471	nan	1.160	ok
para-5	hybrid-dist-dp	patoh	w600	4	0.598836	nan	1.128	ok
para-5	hybrid-dist-dp	patoh	w800	2	0.60548	2.690217e+106	1.116	ok
para-5	hybrid-dist-dp	patoh	w1000	1	0.604401	1.463988e+58	1.118	ok
para-5	hybrid-dist-dp	patoh	w1200	1	0.601203	1.65186e+87	1.124	ok
para-5	hybrid-dist-dp	patoh	w2000	1	0.610433	4.21212e+94	1.107	ok
para-5	hybrid-dist-dp	naive	w400	4	0.643698	9.566314e+83	1.050	ok
para-5	hybrid-dist-dp	naive	w600	4	0.653336	6.411676e+97	1.034	ok
para-5	hybrid-dist-dp	naive	w800	2	0.62848	6.465401e+60	1.075	ok
para-5	hybrid-dist-dp	naive	w1000	2	0.636119	1.078472e+75	1.062	ok
para-5	hybrid-dist-dp	naive	w1200	2	0.626776	9.774966e+78	1.078	ok
para-5	hybrid-dist-dp	naive	w2000	4	0.631156	5.745415e+92	1.071	ok
para-5	hybrid-dist-pipelined	patoh	w400	4	0.7023	nan	0.962	ok
para-5	hybrid-dist-pipelined	patoh	w600	2	0.731977	nan	0.923	ok
para-5	hybrid-dist-pipelined	patoh	w800	4	0.741322	3.573367e+102	0.912	ok
para-5	hybrid-dist-pipelined	patoh	w1000	4	0.75369	2.046061e+94	0.897	ok
para-5	hybrid-dist-pipelined	patoh	w1200	2	0.75605	3.360765e+80	0.894	ok
para-5	hybrid-dist-pipelined	patoh	w2000	1	0.756566	2.207171e+52	0.893	ok
para-5	hybrid-dist-pipelined	naive	w400	4	0.771387	1.074933e+86	0.876	ok
para-5	hybrid-dist-pipelined	naive	w600	4	0.768426	1.236308e+116	0.879	ok
para-5	hybrid-dist-pipelined	naive	w800	2	0.777582	3.666564e+75	0.869	ok
para-5	hybrid-dist-pipelined	naive	w1000	2	0.787659	6.239178e+93	0.858	ok
para-5	hybrid-dist-pipelined	naive	w1200	2	0.781334	1.752098e+82	0.865	ok
para-5	hybrid-dist-pipelined	naive	w2000	1	0.766777	8.255296e+84	0.881	ok
para-5	mpi	patoh	w400	1	6.426365	nan	0.105	ok
para-5	mpi	patoh	w600	1	6.915546	nan	0.098	ok
para-5	mpi	patoh	w800	1	7.171263	9.664982e+57	0.094	ok
para-5	mpi	patoh	w1000	1	7.440074	2.209374e+104	0.091	ok
para-5	mpi	patoh	w1200	1	7.439357	3.900149e+97	0.091	ok
para-5	mpi	patoh	w2000	1	7.593383	1.06702e+71	0.089	ok
para-5	mpi	naive	w400	1	6.845018	3.085099e+51	0.099	ok
para-5	mpi	naive	w600	1	7.175966	2.08779e+77	0.094	ok
para-5	mpi	naive	w800	1	7.378077	2.208405e+93	0.092	ok
para-5	mpi	naive	w1000	1	7.756455	4.254348e+56	0.087	ok
para-5	mpi	naive	w1200	1	7.505215	2.180937e+62	0.090	ok
para-5	mpi	naive	w2000	1	7.553225	2.658208e+115	0.089	ok
para-5	mpi-gpu	patoh	w400	1	1.374294	nan	0.492	ok
para-5	mpi-gpu	patoh	w600	1	0.941372	nan	0.718	ok
para-5	mpi-gpu	patoh	w800	1	0.791641	nan	0.854	ok
para-5	mpi-gpu	patoh	w1000	1	0.805763	8.589371e+82	0.839	ok
para-5	mpi-gpu	patoh	w1200	1	0.814678	2.018857e+82	0.830	ok
para-5	mpi-gpu	patoh	w2000	1	0.822872	nan	0.821	ok
para-5	mpi-gpu	naive	w400	1	2.153332	9.553206e+62	0.314	ok
para-5	mpi-gpu	naive	w600	1	1.658508	1.424051e+77	0.407	ok
para-5	mpi-gpu	naive	w800	1	1.392059	1.241375e+97	0.485	ok
para-5	mpi-gpu	naive	w1000	1	1.260998	1.860147e+100	0.536	ok
para-5	mpi-gpu	naive	w1200	1	1.18699	1.624203e+75	0.569	ok
para-5	mpi-gpu	naive	w2000	1	0.986149	4.013009e+86	0.685	ok
largebasis	cpu	-	-	16	8.485025	0.6819163	0.107	ok
largebasis	gpu	-	-	1	0.909875	nan	1.000	ok
largebasis	gpu-dp	-	-	1	0.747763	nan	1.217	ok
largebasis	gpu-pipelined	-	-	1	1.277237	nan	0.712	ok
largebasis	hybrid-async	patoh	w400	4	0.97728	nan	0.931	ok
largebasis	hybrid-async	patoh	w600	4	0.918828	nan	0.990	ok
largebasis	hybrid-async	patoh	w800	4	0.863796	nan	1.053	ok
largebasis	hybrid-async	patoh	w1000	4	0.867414	nan	1.049	ok
largebasis	hybrid-async	patoh	w1200	4	0.875127	nan	1.040	ok
largebasis	hybrid-async	patoh	w2000	4	0.880867	nan	1.033	ok
largebasis	hybrid-async	naive	w400	4	0.99421	nan	0.915	ok
largebasis	hybrid-async	naive	w600	4	0.901025	nan	1.010	ok
largebasis	hybrid-async	naive	w800	4	0.867791	nan	1.048	ok
largebasis	hybrid-async	naive	w1000	4	0.869888	nan	1.046	ok
largebasis	hybrid-async	naive	w1200	4	0.875248	nan	1.040	ok
largebasis	hybrid-async	naive	w2000	2	0.882599	nan	1.031	ok
largebasis	hybrid-async-dp	patoh	w400	4	0.829008	nan	1.098	ok
largebasis	hybrid-async-dp	patoh	w600	4	0.74637	0.6292855	1.219	ok
largebasis	hybrid-async-dp	patoh	w800	4	0.711602	nan	1.279	ok
largebasis	hybrid-async-dp	patoh	w1000	4	0.700388	nan	1.299	ok
largebasis	hybrid-async-dp	patoh	w1200	4	0.712335	nan	1.277	ok
largebasis	hybrid-async-dp	patoh	w2000	2	0.721139	nan	1.262	ok
largebasis	hybrid-async-dp	naive	w400	4	0.851264	nan	1.069	ok
largebasis	hybrid-async-dp	naive	w600	4	0.762559	nan	1.193	ok
largebasis	hybrid-async-dp	naive	w800	4	0.716382	nan	1.270	ok
largebasis	hybrid-async-dp	naive	w1000	4	0.707869	nan	1.285	ok
largebasis	hybrid-async-dp	naive	w1200	4	0.704668	nan	1.291	ok
largebasis	hybrid-async-dp	naive	w2000	4	0.727316	nan	1.251	ok
largebasis	hybrid-dist-dp	patoh	w400	4	0.764525	0.6995187	1.190	ok
largebasis	hybrid-dist-dp	patoh	w600	4	0.775339	nan	1.174	ok
largebasis	hybrid-dist-dp	patoh	w800	2	0.766504	nan	1.187	ok
largebasis	hybrid-dist-dp	patoh	w1000	1	0.771333	nan	1.180	ok
largebasis	hybrid-dist-dp	patoh	w1200	4	0.77338	nan	1.176	ok
largebasis	hybrid-dist-dp	patoh	w2000	4	0.782811	nan	1.162	ok
largebasis	hybrid-dist-dp	naive	w400	4	0.852127	nan	1.068	ok
largebasis	hybrid-dist-dp	naive	w600	4	0.831536	0.6350709	1.094	ok
largebasis	hybrid-dist-dp	naive	w800	4	0.819006	nan	1.111	ok
largebasis	hybrid-dist-dp	naive	w1000	4	0.811279	0.6365065	1.122	ok
largebasis	hybrid-dist-dp	naive	w1200	2	0.808539	nan	1.125	ok
largebasis	hybrid-dist-dp	naive	w2000	1	0.803465	nan	1.132	ok
largebasis	hybrid-dist-pipelined	patoh	w400	4	0.991451	nan	0.918	ok
largebasis	hybrid-dist-pipelined	patoh	w600	2	1.025714	nan	0.887	ok
largebasis	hybrid-dist-pipelined	patoh	w800	2	1.019638	0.6757621	0.892	ok
largebasis	hybrid-dist-pipelined	patoh	w1000	2	1.024975	0.7623274	0.888	ok
largebasis	hybrid-dist-pipelined	patoh	w1200	1	1.034482	nan	0.880	ok
largebasis	hybrid-dist-pipelined	patoh	w2000	4	1.041874	nan	0.873	ok
largebasis	hybrid-dist-pipelined	naive	w400	4	1.086388	nan	0.838	ok
largebasis	hybrid-dist-pipelined	naive	w600	4	1.081964	nan	0.841	ok
largebasis	hybrid-dist-pipelined	naive	w800	2	1.075861	nan	0.846	ok
largebasis	hybrid-dist-pipelined	naive	w1000	4	1.069605	nan	0.851	ok
largebasis	hybrid-dist-pipelined	naive	w1200	4	1.07156	nan	0.849	ok
largebasis	hybrid-dist-pipelined	naive	w2000	2	1.06524	nan	0.854	ok
largebasis	mpi	patoh	w400	1	7.745718	nan	0.117	ok
largebasis	mpi	patoh	w600	1	7.984234	0.7522891	0.114	ok
largebasis	mpi	patoh	w800	1	8.26491	0.7638897	0.110	ok
largebasis	mpi	patoh	w1000	1	8.312471	nan	0.109	ok
largebasis	mpi	patoh	w1200	1	8.63088	0.7433166	0.105	ok
largebasis	mpi	patoh	w2000	1	8.60835	0.73264	0.106	ok
largebasis	mpi	naive	w400	1	8.334421	0.6777746	0.109	ok
largebasis	mpi	naive	w600	1	8.659816	0.7586967	0.105	ok
largebasis	mpi	naive	w800	1	8.635168	0.7511882	0.105	ok
largebasis	mpi	naive	w1000	1	8.830152	0.7619568	0.103	ok
largebasis	mpi	naive	w1200	1	8.942926	0.6594873	0.102	ok
largebasis	mpi	naive	w2000	1	9.013412	0.6810305	0.101	ok
largebasis	mpi-gpu	patoh	w400	1	1.335154	nan	0.681	ok
largebasis	mpi-gpu	patoh	w600	1	1.25468	nan	0.725	ok
largebasis	mpi-gpu	patoh	w800	1	1.298606	nan	0.701	ok
largebasis	mpi-gpu	patoh	w1000	1	1.327319	nan	0.685	ok
largebasis	mpi-gpu	patoh	w1200	1	1.353942	nan	0.672	ok
largebasis	mpi-gpu	patoh	w2000	1	1.396862	nan	0.651	ok
largebasis	mpi-gpu	naive	w400	1	2.16332	0.6383486	0.421	ok
largebasis	mpi-gpu	naive	w600	1	1.679752	0.6378223	0.542	ok
largebasis	mpi-gpu	naive	w800	1	1.490519	0.6369273	0.610	ok
largebasis	mpi-gpu	naive	w1000	1	1.482789	nan	0.614	ok
largebasis	mpi-gpu	naive	w1200	1	1.490241	nan	0.611	ok
largebasis	mpi-gpu	naive	w2000	1	1.486583	nan	0.612	ok
trans4	cpu	-	-	16	1.071783	6.762046e-06	0.246	ok
trans4	gpu	-	-	1	0.263898	9.142347e-06	1.000	ok
trans4	gpu-dp	-	-	1	0.196009	7.113591e-06	1.346	ok
trans4	gpu-pipelined	-	-	1	0.357731	9.741297e-06	0.738	ok
trans4	hybrid-async	patoh	w400	4	0.388518	6.12232e-06	0.679	ok
trans4	hybrid-async	patoh	w600	4	0.37919	5.860075e-06	0.696	ok
trans4	hybrid-async	patoh	w800	4	0.377364	6.781141e-06	0.699	ok
trans4	hybrid-async	patoh	w1000	4	0.369258	6.897418e-06	0.715	ok
trans4	hybrid-async	patoh	w1200	4	0.358507	6.82506e-06	0.736	ok
trans4	hybrid-async	patoh	w2000	4	0.346804	7.229217e-06	0.761	ok
trans4	hybrid-async	naive	w400	4	0.330094	6.932524e-06	0.799	ok
trans4	hybrid-async	naive	w600	4	0.31897	6.234046e-06	0.827	ok
trans4	hybrid-async	naive	w800	4	0.309756	7.530643e-06	0.852	ok
trans4	hybrid-async	naive	w1000	4	0.308011	6.514685e-06	0.857	ok
trans4	hybrid-async	naive	w1200	4	0.303028	6.031933e-06	0.871	ok
trans4	hybrid-async	naive	w2000	4	0.297294	6.375293e-06	0.888	ok
trans4	hybrid-async-dp	patoh	w400	4	0.307811	5.821283e-06	0.857	ok
trans4	hybrid-async-dp	patoh	w600	4	0.294824	6.239227e-06	0.895	ok
trans4	hybrid-async-dp	patoh	w800	4	0.295403	6.640916e-06	0.893	ok
trans4	hybrid-async-dp	patoh	w1000	4	0.280721	6.077283e-06	0.940	ok
trans4	hybrid-async-dp	patoh	w1200	4	0.285377	6.915339e-06	0.925	ok
trans4	hybrid-async-dp	patoh	w2000	4	0.278688	7.880902e-06	0.947	ok
trans4	hybrid-async-dp	naive	w400	4	0.261162	7.023812e-06	1.010	ok
trans4	hybrid-async-dp	naive	w600	4	0.248605	6.030525e-06	1.062	ok
trans4	hybrid-async-dp	naive	w800	4	0.240005	7.011215e-06	1.100	ok
trans4	hybrid-async-dp	naive	w1000	4	0.229813	5.527831e-06	1.148	ok
trans4	hybrid-async-dp	naive	w1200	4	0.224122	5.406715e-06	1.177	ok
trans4	hybrid-async-dp	naive	w2000	4	0.216679	1.832402e-05	1.218	ok
trans4	hybrid-dist-dp	patoh	w400	4	0.291275	6.849185e-06	0.906	ok
trans4	hybrid-dist-dp	patoh	w600	4	0.286093	6.931912e-06	0.922	ok
trans4	hybrid-dist-dp	patoh	w800	4	0.286622	7.361226e-06	0.921	ok
trans4	hybrid-dist-dp	patoh	w1000	4	0.27106	6.389605e-06	0.974	ok
trans4	hybrid-dist-dp	patoh	w1200	2	0.280523	5.886423e-06	0.941	ok
trans4	hybrid-dist-dp	patoh	w2000	2	0.276314	6.190492e-06	0.955	ok
trans4	hybrid-dist-dp	naive	w400	4	0.266425	6.956767e-06	0.991	ok
trans4	hybrid-dist-dp	naive	w600	2	0.257275	8.022638e-06	1.026	ok
trans4	hybrid-dist-dp	naive	w800	1	0.244365	5.810881e-06	1.080	ok
trans4	hybrid-dist-dp	naive	w1000	1	0.237408	6.022993e-06	1.112	ok
trans4	hybrid-dist-dp	naive	w1200	1	0.23132	8.993657e-06	1.141	ok
trans4	hybrid-dist-dp	naive	w2000	1	0.228225	6.692787e-06	1.156	ok
trans4	hybrid-dist-pipelined	patoh	w400	4	0.364572	9.644909e-06	0.724	ok
trans4	hybrid-dist-pipelined	patoh	w600	4	0.354482	9.478049e-06	0.744	ok
trans4	hybrid-dist-pipelined	patoh	w800	4	0.357314	8.569245e-06	0.739	ok
trans4	hybrid-dist-pipelined	patoh	w1000	4	0.343828	3.788405e-05	0.768	ok
trans4	hybrid-dist-pipelined	patoh	w1200	2	0.338801	9.625593e-06	0.779	ok
trans4	hybrid-dist-pipelined	patoh	w2000	2	0.339042	1.470984e-05	0.778	ok
trans4	hybrid-dist-pipelined	naive	w400	4	0.321619	9.42339e-06	0.821	ok
trans4	hybrid-dist-pipelined	naive	w600	2	0.310072	7.775189e-06	0.851	ok
trans4	hybrid-dist-pipelined	naive	w800	1	0.302245	8.800298e-06	0.873	ok
trans4	hybrid-dist-pipelined	naive	w1000	1	0.311514	1.025888e-05	0.847	ok
trans4	hybrid-dist-pipelined	naive	w1200	1	0.306457	8.658302e-06	0.861	ok
trans4	hybrid-dist-pipelined	naive	w2000	1	0.301571	7.772841e-06	0.875	ok
trans4	mpi	patoh	w400	1	1.176692	7.361106e-06	0.224	ok
trans4	mpi	patoh	w600	1	1.250799	6.130866e-06	0.211	ok
trans4	mpi	patoh	w800	1	1.29081	8.554307e-06	0.204	ok
trans4	mpi	patoh	w1000	1	1.356688	6.277681e-06	0.195	ok
trans4	mpi	patoh	w1200	1	1.337022	6.697722e-06	0.197	ok
trans4	mpi	patoh	w2000	1	1.374901	1.304432e-05	0.192	ok
trans4	mpi	naive	w400	1	1.170444	5.830977e-06	0.225	ok
trans4	mpi	naive	w600	1	1.175803	6.214749e-06	0.224	ok
trans4	mpi	naive	w800	1	1.252808	6.114435e-06	0.211	ok
trans4	mpi	naive	w1000	1	1.231356	6.358611e-06	0.214	ok
trans4	mpi	naive	w1200	1	1.260867	6.275074e-06	0.209	ok
trans4	mpi	naive	w2000	1	1.305013	6.721315e-06	0.202	ok
trans4	mpi-gpu	patoh	w400	1	0.899973	7.12324e-06	0.293	ok
trans4	mpi-gpu	patoh	w600	1	0.917218	7.52249e-06	0.288	ok
trans4	mpi-gpu	patoh	w800	1	0.927463	6.493525e-06	0.285	ok
trans4	mpi-gpu	patoh	w1000	1	0.929692	6.761865e-06	0.284	ok
trans4	mpi-gpu	patoh	w1200	1	0.919592	7.498131e-06	0.287	ok
trans4	mpi-gpu	patoh	w2000	1	0.922138	8.425594e-06	0.286	ok
trans4	mpi-gpu	naive	w400	1	0.903341	6.518342e-06	0.292	ok
trans4	mpi-gpu	naive	w600	1	0.904517	1.100219e-05	0.292	ok
trans4	mpi-gpu	naive	w800	1	0.906312	6.336512e-06	0.291	ok
trans4	mpi-gpu	naive	w1000	1	0.905996	6.659406e-06	0.291	ok
trans4	mpi-gpu	naive	w1200	1	0.90853	6.211287e-06	0.290	ok
trans4	mpi-gpu	naive	w2000	1	0.899069	6.453856e-06	0.294	ok
venkat50	cpu	-	-	8	1.404549	0.008629834	0.206	ok
venkat50	gpu	-	-	1	0.289558	0.008429453	1.000	ok
venkat50	gpu-dp	-	-	1	0.252214	0.01168509	1.148	ok
venkat50	gpu-pipelined	-	-	1	0.369103	0.01828607	0.784	ok
venkat50	hybrid-async	patoh	w400	4	0.287823	0.01218066	1.006	ok
venkat50	hybrid-async	patoh	w600	4	0.271776	0.006796899	1.065	ok
venkat50	hybrid-async	patoh	w800	4	0.274875	0.002438359	1.053	ok
venkat50	hybrid-async	patoh	w1000	4	0.275734	0.01047069	1.050	ok
venkat50	hybrid-async	patoh	w1200	2	0.277171	0.008716867	1.045	ok
venkat50	hybrid-async	patoh	w2000	4	0.281457	0.01043648	1.029	ok
venkat50	hybrid-async	naive	w400	4	0.296737	0.007353043	0.976	ok
venkat50	hybrid-async	naive	w600	4	0.276887	0.01110634	1.046	ok
venkat50	hybrid-async	naive	w800	4	0.27412	0.007681306	1.056	ok
venkat50	hybrid-async	naive	w1000	4	0.276114	0.009799235	1.049	ok
venkat50	hybrid-async	naive	w1200	4	0.274471	0.005487808	1.055	ok
venkat50	hybrid-async	naive	w2000	2	0.281945	0.008216318	1.027	ok
venkat50	hybrid-async-dp	patoh	w400	4	0.22231	0.008387794	1.302	ok
venkat50	hybrid-async-dp	patoh	w600	4	0.223774	0.01246265	1.294	ok
venkat50	hybrid-async-dp	patoh	w800	4	0.229733	0.007942132	1.260	ok
venkat50	hybrid-async-dp	patoh	w1000	2	0.230232	0.007690654	1.258	ok
venkat50	hybrid-async-dp	patoh	w1200	2	0.232595	0.007795596	1.245	ok
venkat50	hybrid-async-dp	patoh	w2000	2	0.238266	0.006280501	1.215	ok
venkat50	hybrid-async-dp	naive	w400	4	0.227281	0.01122929	1.274	ok
venkat50	hybrid-async-dp	naive	w600	4	0.223683	0.01020976	1.295	ok
venkat50	hybrid-async-dp	naive	w800	4	0.229824	0.009835566	1.260	ok
venkat50	hybrid-async-dp	naive	w1000	4	0.230245	0.005880266	1.258	ok
venkat50	hybrid-async-dp	naive	w1200	2	0.231364	0.007068954	1.252	ok
venkat50	hybrid-async-dp	naive	w2000	4	0.238523	0.01009506	1.214	ok
venkat50	hybrid-dist-dp	patoh	w400	4	0.286886	0.01124344	1.009	ok
venkat50	hybrid-dist-dp	patoh	w600	2	0.290556	0.01181165	0.997	ok
venkat50	hybrid-dist-dp	patoh	w800	1	0.291104	0.007204654	0.995	ok
venkat50	hybrid-dist-dp	patoh	w1000	1	0.282779	0.00618601	1.024	ok
venkat50	hybrid-dist-dp	patoh	w1200	1	0.280258	0.007694829	1.033	ok
venkat50	hybrid-dist-dp	patoh	w2000	1	0.286666	0.009764425	1.010	ok
venkat50	hybrid-dist-dp	naive	w400	4	0.286253	0.01073236	1.012	ok
venkat50	hybrid-dist-dp	naive	w600	2	0.29142	0.0108061	0.994	ok
venkat50	hybrid-dist-dp	naive	w800	2	0.294387	0.01013846	0.984	ok
venkat50	hybrid-dist-dp	naive	w1000	1	0.282312	0.008352899	1.026	ok
venkat50	hybrid-dist-dp	naive	w1200	1	0.281245	0.01371969	1.030	ok
venkat50	hybrid-dist-dp	naive	w2000	1	0.287613	0.01150314	1.007	ok
venkat50	hybrid-dist-pipelined	patoh	w400	4	0.350302	0.008706177	0.827	ok
venkat50	hybrid-dist-pipelined	patoh	w600	2	0.354969	0.01243069	0.816	ok
venkat50	hybrid-dist-pipelined	patoh	w800	1	0.334434	0.02014932	0.866	ok
venkat50	hybrid-dist-pipelined	patoh	w1000	1	0.332718	0.01238956	0.870	ok
venkat50	hybrid-dist-pipelined	patoh	w1200	1	0.334226	0.005339889	0.866	ok
venkat50	hybrid-dist-pipelined	patoh	w2000	1	0.343519	0.01692553	0.843	ok
venkat50	hybrid-dist-pipelined	naive	w400	4	0.353168	0.008407699	0.820	ok
venkat50	hybrid-dist-pipelined	naive	w600	2	0.351927	0.01370131	0.823	ok
venkat50	hybrid-dist-pipelined	naive	w800	1	0.345835	0.009976085	0.837	ok
venkat50	hybrid-dist-pipelined	naive	w1000	1	0.336504	0.0127585	0.860	ok
venkat50	hybrid-dist-pipelined	naive	w1200	1	0.338598	0.01834561	0.855	ok
venkat50	hybrid-dist-pipelined	naive	w2000	1	0.350091	0.004454091	0.827	ok
venkat50	mpi	patoh	w400	1	1.411037	0.01115323	0.205	ok
venkat50	mpi	patoh	w600	1	1.518119	0.01153947	0.191	ok
venkat50	mpi	patoh	w800	1	1.57593	0.01059982	0.184	ok
venkat50	mpi	patoh	w1000	1	1.612883	0.005512142	0.180	ok
venkat50	mpi	patoh	w1200	1	1.649223	0.014953	0.176	ok
venkat50	mpi	patoh	w2000	1	1.707715	0.007125147	0.170	ok
venkat50	mpi	naive	w400	1	1.439084	0.008974301	0.201	ok
venkat50	mpi	naive	w600	1	1.550053	0.0112862	0.187	ok
venkat50	mpi	naive	w800	1	1.644854	0.01140162	0.176	ok
venkat50	mpi	naive	w1000	1	1.634812	0.007987737	0.177	ok
venkat50	mpi	naive	w1200	1	1.666988	0.006724755	0.174	ok
venkat50	mpi	naive	w2000	1	1.803416	0.01026101	0.161	ok
venkat50	mpi-gpu	patoh	w400	1	0.391438	0.01172363	0.740	ok
venkat50	mpi-gpu	patoh	w600	1	0.357035	0.005640013	0.811	ok
venkat50	mpi-gpu	patoh	w800	1	0.364575	0.009581913	0.794	ok
venkat50	mpi-gpu	patoh	w1000	1	0.365955	0.009188737	0.791	ok
venkat50	mpi-gpu	patoh	w1200	1	0.369816	0.010863	0.783	ok
venkat50	mpi-gpu	patoh	w2000	1	0.372965	0.0120248	0.776	ok
venkat50	mpi-gpu	naive	w400	1	0.39007	0.006975365	0.742	ok
venkat50	mpi-gpu	naive	w600	1	0.380304	0.01206876	0.761	ok
venkat50	mpi-gpu	naive	w800	1	0.387237	0.01169292	0.748	ok
venkat50	mpi-gpu	naive	w1000	1	0.390178	0.007058228	0.742	ok
venkat50	mpi-gpu	naive	w1200	1	0.392764	0.241215	0.737	ok
venkat50	mpi-gpu	naive	w2000	1	0.402059	0.00720957	0.720	ok
appu	cpu	-	-	4	1.595457	nan	0.173	ok
appu	gpu	-	-	1	0.276496	1.808962e-16	1.000	ok
appu	gpu-dp	-	-	1	0.226954	1.578182e-16	1.218	ok
appu	gpu-pipelined	-	-	1	0.341915	1.327668e-16	0.809	ok
appu	hybrid-async	patoh	w400	4	0.244956	2.659373e-16	1.129	ok
appu	hybrid-async	patoh	w600	4	0.249233	2.380907e-16	1.109	ok
appu	hybrid-async	patoh	w800	4	0.253899	nan	1.089	ok
appu	hybrid-async	patoh	w1000	4	0.255014	2.168961e-16	1.084	ok
appu	hybrid-async	patoh	w1200	2	0.261804	2.094062e-16	1.056	ok
appu	hybrid-async	patoh	w2000	1	0.261474	1.923558e-16	1.057	ok
appu	hybrid-async	naive	w400	4	0.243149	2.469466e-16	1.137	ok
appu	hybrid-async	naive	w600	4	0.24703	2.335612e-16	1.119	ok
appu	hybrid-async	naive	w800	2	0.253685	2.200155e-16	1.090	ok
appu	hybrid-async	naive	w1000	4	0.254337	2.106434e-16	1.087	ok
appu	hybrid-async	naive	w1200	2	0.260252	nan	1.062	ok
appu	hybrid-async	naive	w2000	1	0.2604	1.963828e-16	1.062	ok
appu	hybrid-async-dp	patoh	w400	4	0.194628	nan	1.421	ok
appu	hybrid-async-dp	patoh	w600	4	0.199425	2.267785e-16	1.386	ok
appu	hybrid-async-dp	patoh	w800	4	0.205902	nan	1.343	ok
appu	hybrid-async-dp	patoh	w1000	2	0.206355	nan	1.340	ok
appu	hybrid-async-dp	patoh	w1200	1	0.212956	1.873108e-16	1.298	ok
appu	hybrid-async-dp	patoh	w2000	1	0.213743	nan	1.294	ok
appu	hybrid-async-dp	naive	w400	4	0.195819	2.298629e-16	1.412	ok
appu	hybrid-async-dp	naive	w600	4	0.198273	2.104676e-16	1.395	ok
appu	hybrid-async-dp	naive	w800	4	0.206325	2.025706e-16	1.340	ok
appu	hybrid-async-dp	naive	w1000	4	0.205703	nan	1.344	ok
appu	hybrid-async-dp	naive	w1200	4	0.212233	1.855158e-16	1.303	ok
appu	hybrid-async-dp	naive	w2000	2	0.213693	1.726091e-16	1.294	ok
appu	hybrid-dist-dp	patoh	w400	4	0.258669	nan	1.069	ok
appu	hybrid-dist-dp	patoh	w600	2	0.26478	2.262752e-16	1.044	ok
appu	hybrid-dist-dp	patoh	w800	2	0.272239	nan	1.016	ok
appu	hybrid-dist-dp	patoh	w1000	1	0.257908	nan	1.072	ok
appu	hybrid-dist-dp	patoh	w1200	1	0.264259	1.88992e-16	1.046	ok
appu	hybrid-dist-dp	patoh	w2000	1	0.267544	1.743784e-16	1.033	ok
appu	hybrid-dist-dp	naive	w400	4	0.261829	nan	1.056	ok
appu	hybrid-dist-dp	naive	w600	4	0.269831	2.129667e-16	1.025	ok
appu	hybrid-dist-dp	naive	w800	2	0.267931	2.008053e-16	1.032	ok
appu	hybrid-dist-dp	naive	w1000	1	0.262101	nan	1.055	ok
appu	hybrid-dist-dp	naive	w1200	1	0.264036	1.858723e-16	1.047	ok
appu	hybrid-dist-dp	naive	w2000	1	0.267784	1.75011e-16	1.033	ok
appu	hybrid-dist-pipelined	patoh	w400	4	0.309646	1.77399e-16	0.893	ok
appu	hybrid-dist-pipelined	patoh	w600	4	0.316707	1.723742e-16	0.873	ok
appu	hybrid-dist-pipelined	patoh	w800	2	0.317978	1.549777e-16	0.870	ok
appu	hybrid-dist-pipelined	patoh	w1000	1	0.299199	1.454694e-16	0.924	ok
appu	hybrid-dist-pipelined	patoh	w1200	1	0.305278	1.405089e-16	0.906	ok
appu	hybrid-dist-pipelined	patoh	w2000	1	0.305141	1.343551e-16	0.906	ok
appu	hybrid-dist-pipelined	naive	w400	4	0.305629	1.725963e-16	0.905	ok
appu	hybrid-dist-pipelined	naive	w600	4	0.311933	1.699698e-16	0.886	ok
appu	hybrid-dist-pipelined	naive	w800	4	0.319299	1.521838e-16	0.866	ok
appu	hybrid-dist-pipelined	naive	w1000	1	0.304756	1.447816e-16	0.907	ok
appu	hybrid-dist-pipelined	naive	w1200	1	0.304705	1.426314e-16	0.907	ok
appu	hybrid-dist-pipelined	naive	w2000	1	0.305447	1.346132e-16	0.905	ok
appu	mpi	patoh	w400	1	1.60599	4.963168e-16	0.172	ok
appu	mpi	patoh	w600	1	1.76679	nan	0.156	ok
appu	mpi	patoh	w800	1	1.852547	4.816031e-16	0.149	ok
appu	mpi	patoh	w1000	1	1.94864	nan	0.142	ok
appu	mpi	patoh	w1200	1	1.97178	4.824977e-16	0.140	ok
appu	mpi	patoh	w2000	1	2.213765	4.751839e-16	0.125	ok
appu	mpi	naive	w400	1	1.633593	nan	0.169	ok
appu	mpi	naive	w600	1	1.759639	4.751307e-16	0.157	ok
appu	mpi	naive	w800	1	1.86163	nan	0.149	ok
appu	mpi	naive	w1000	1	1.885031	4.786145e-16	0.147	ok
appu	mpi	naive	w1200	1	1.941853	4.804231e-16	0.142	ok
appu	mpi	naive	w2000	1	2.03381	nan	0.136	ok
appu	mpi-gpu	patoh	w400	1	0.491282	nan	0.563	ok
appu	mpi-gpu	patoh	w600	1	0.425031	4.827458e-16	0.651	ok
appu	mpi-gpu	patoh	w800	1	0.398394	4.781462e-16	0.694	ok
appu	mpi-gpu	patoh	w1000	1	0.373946	4.806015e-16	0.739	ok
appu	mpi-gpu	patoh	w1200	1	0.352267	4.77146e-16	0.785	ok
appu	mpi-gpu	patoh	w2000	1	0.325181	nan	0.850	ok
appu	mpi-gpu	naive	w400	1	0.49301	nan	0.561	ok
appu	mpi-gpu	naive	w600	1	0.431471	4.791214e-16	0.641	ok
appu	mpi-gpu	naive	w800	1	0.404312	4.762508e-16	0.684	ok
appu	mpi-gpu	naive	w1000	1	0.389856	nan	0.709	ok
appu	mpi-gpu	naive	w1200	1	0.377835	4.623387e-16	0.732	ok
appu	mpi-gpu	naive	w2000	1	0.335661	4.717302e-16	0.824	ok
k3plates	cpu	-	-	4	0.279689	7.253403e-05	0.577	ok
k3plates	gpu	-	-	1	0.161323	4.814536e-05	1.000	ok
k3plates	gpu-dp	-	-	1	0.109269	5.67393e-05	1.476	ok
k3plates	gpu-pipelined	-	-	1	0.209824	5.172984e-05	0.769	ok
k3plates	hybrid-async	patoh	w400	4	0.159617	4.169266e-05	1.011	ok
k3plates	hybrid-async	patoh	w600	4	0.154198	5.283099e-05	1.046	ok
k3plates	hybrid-async	patoh	w800	4	0.152392	3.779837e-05	1.059	ok
k3plates	hybrid-async	patoh	w1000	2	0.149279	5.101036e-05	1.081	ok
k3plates	hybrid-async	patoh	w1200	2	0.14564	4.604533e-05	1.108	ok
k3plates	hybrid-async	patoh	w2000	1	0.144592	5.443304e-05	1.116	ok
k3plates	hybrid-async	naive	w400	4	0.156528	5.725071e-05	1.031	ok
k3plates	hybrid-async	naive	w600	4	0.150946	4.707303e-05	1.069	ok
k3plates	hybrid-async	naive	w800	4	0.148443	3.363394e-05	1.087	ok
k3plates	hybrid-async	naive	w1000	4	0.148237	6.415787e-05	1.088	ok
k3plates	hybrid-async	naive	w1200	4	0.149296	4.616992e-05	1.081	ok
k3plates	hybrid-async	naive	w2000	1	0.143745	5.310828e-05	1.122	ok
k3plates	hybrid-async-dp	patoh	w400	4	0.102013	4.552874e-05	1.581	ok
k3plates	hybrid-async-dp	patoh	w600	4	0.101157	4.14488e-05	1.595	ok
k3plates	hybrid-async-dp	patoh	w800	2	0.100648	5.795615e-05	1.603	ok
k3plates	hybrid-async-dp	patoh	w1000	4	0.09934	3.967435e-05	1.624	ok
k3plates	hybrid-async-dp	patoh	w1200	2	0.099103	5.472434e-05	1.628	ok
k3plates	hybrid-async-dp	patoh	w2000	1	0.097972	6.332689e-05	1.647	ok
k3plates	hybrid-async-dp	naive	w400	4	0.101466	5.004665e-05	1.590	ok
k3plates	hybrid-async-dp	naive	w600	4	0.100922	3.688753e-05	1.598	ok
k3plates	hybrid-async-dp	naive	w800	4	0.099963	4.512522e-05	1.614	ok
k3plates	hybrid-async-dp	naive	w1000	4	0.09926	5.975001e-05	1.625	ok
k3plates	hybrid-async-dp	naive	w1200	2	0.098676	5.869965e-05	1.635	ok
k3plates	hybrid-async-dp	naive	w2000	1	0.098609	5.905923e-05	1.636	ok
k3plates	hybrid-dist-dp	patoh	w400	2	0.163903	6.108976e-05	0.984	ok
k3plates	hybrid-dist-dp	patoh	w600	1	0.150424	5.040056e-05	1.072	ok
k3plates	hybrid-dist-dp	patoh	w800	1	0.145776	5.055161e-05	1.107	ok
k3plates	hybrid-dist-dp	patoh	w1000	1	0.144945	5.752161e-05	1.113	ok
k3plates	hybrid-dist-dp	patoh	w1200	1	0.144576	4.521507e-05	1.116	ok
k3plates	hybrid-dist-dp	patoh	w2000	1	0.14371	4.049754e-05	1.123	ok
k3plates	hybrid-dist-dp	naive	w400	4	0.16489	6.06421e-05	0.978	ok
k3plates	hybrid-dist-dp	naive	w600	1	0.152019	4.820774e-05	1.061	ok
k3plates	hybrid-dist-dp	naive	w800	1	0.1453	8.127608e-05	1.110	ok
k3plates	hybrid-dist-dp	naive	w1000	1	0.145233	4.798318e-05	1.111	ok
k3plates	hybrid-dist-dp	naive	w1200	1	0.14492	4.614023e-05	1.113	ok
k3plates	hybrid-dist-dp	naive	w2000	1	0.143945	4.413915e-05	1.121	ok
k3plates	hybrid-dist-pipelined	patoh	w400	1	0.20258	5.683022e-05	0.796	ok
k3plates	hybrid-dist-pipelined	patoh	w600	1	0.180393	4.973606e-05	0.894	ok
k3plates	hybrid-dist-pipelined	patoh	w800	1	0.166371	5.933044e-05	0.970	ok
k3plates	hybrid-dist-pipelined	patoh	w1000	1	0.170554	6.074113e-05	0.946	ok
k3plates	hybrid-dist-pipelined	patoh	w1200	1	0.165243	4.374624e-05	0.976	ok
k3plates	hybrid-dist-pipelined	patoh	w2000	1	0.167736	4.271408e-05	0.962	ok
k3plates	hybrid-dist-pipelined	naive	w400	1	0.202679	3.952648e-05	0.796	ok
k3plates	hybrid-dist-pipelined	naive	w600	1	0.177798	0.0001023151	0.907	ok
k3plates	hybrid-dist-pipelined	naive	w800	1	0.167055	5.306208e-05	0.966	ok
k3plates	hybrid-dist-pipelined	naive	w1000	1	0.17014	6.805137e-05	0.948	ok
k3plates	hybrid-dist-pipelined	naive	w1200	1	0.166355	5.211784e-05	0.970	ok
k3plates	hybrid-dist-pipelined	naive	w2000	1	0.171314	4.908191e-05	0.942	ok
k3plates	mpi	patoh	w400	1	0.320243	5.194596e-05	0.504	ok
k3plates	mpi	patoh	w600	1	0.336599	5.397899e-05	0.479	ok
k3plates	mpi	patoh	w800	1	0.332435	4.52753e-05	0.485	ok
k3plates	mpi	patoh	w1000	1	0.336191	5.182061e-05	0.480	ok
k3plates	mpi	patoh	w1200	1	0.343925	4.37861e-05	0.469	ok
k3plates	mpi	patoh	w2000	1	0.353832	8.474052e-05	0.456	ok
k3plates	mpi	naive	w400	1	0.314861	0.0001040926	0.512	ok
k3plates	mpi	naive	w600	1	0.328922	4.469945e-05	0.490	ok
k3plates	mpi	naive	w800	1	0.340353	4.633553e-05	0.474	ok
k3plates	mpi	naive	w1000	1	0.369245	8.914755e-05	0.437	ok
k3plates	mpi	naive	w1200	1	0.370798	4.529312e-05	0.435	ok
k3plates	mpi	naive	w2000	1	0.383446	5.122266e-05	0.421	ok
k3plates	mpi-gpu	patoh	w400	1	0.208746	9.114649e-05	0.773	ok
k3plates	mpi-gpu	patoh	w600	1	0.209882	5.110117e-05	0.769	ok
k3plates	mpi-gpu	patoh	w800	1	0.21279	5.387557e-05	0.758	ok
k3plates	mpi-gpu	patoh	w1000	1	0.212511	5.536219e-05	0.759	ok
k3plates	mpi-gpu	patoh	w1200	1	0.212333	4.864824e-05	0.760	ok
k3plates	mpi-gpu	patoh	w2000	1	0.213017	5.228557e-05	0.757	ok
k3plates	mpi-gpu	naive	w400	1	0.208657	9.247811e-05	0.773	ok
k3plates	mpi-gpu	naive	w600	1	0.209431	5.228986e-05	0.770	ok
k3plates	mpi-gpu	naive	w800	1	0.21107	4.996303e-05	0.764	ok
k3plates	mpi-gpu	naive	w1000	1	0.212682	5.712653e-05	0.759	ok
k3plates	mpi-gpu	naive	w1200	1	0.212086	7.052691e-05	0.761	ok
k3plates	mpi-gpu	naive	w2000	1	0.216328	8.247188e-05	0.746	ok
marine1	cpu	-	-	4	9.702279	0.03619066	0.095	ok
marine1	gpu	-	-	1	0.919452	0.0364237	1.000	ok
marine1	gpu-dp	-	-	1	0.783615	0.1056256	1.173	ok
marine1	gpu-pipelined	-	-	1	1.268251	0.05072887	0.725	ok
marine1	hybrid-async	patoh	w400	4	1.016099	0.03554548	0.905	ok
marine1	hybrid-async	patoh	w600	4	0.907847	0.03984029	1.013	ok
marine1	hybrid-async	patoh	w800	4	0.867897	0.03406715	1.059	ok
marine1	hybrid-async	patoh	w1000	4	0.872415	0.04777507	1.054	ok
marine1	hybrid-async	patoh	w1200	4	0.879539	1.474545	1.045	ok
marine1	hybrid-async	patoh	w2000	4	0.894197	0.0347641	1.028	ok
marine1	hybrid-async	naive	w400	4	1.030718	0.06600386	0.892	ok
marine1	hybrid-async	naive	w600	4	0.912508	0.3897492	1.008	ok
marine1	hybrid-async	naive	w800	4	0.866862	0.08534754	1.061	ok
marine1	hybrid-async	naive	w1000	4	0.871747	0.04454805	1.055	ok
marine1	hybrid-async	naive	w1200	4	0.878549	0.2277149	1.047	ok
marine1	hybrid-async	naive	w2000	4	0.892508	0.2919942	1.030	ok
marine1	hybrid-async-dp	patoh	w400	4	0.879169	0.03566326	1.046	ok
marine1	hybrid-async-dp	patoh	w600	4	0.764623	0.1055908	1.202	ok
marine1	hybrid-async-dp	patoh	w800	4	0.725333	0.04426671	1.268	ok
marine1	hybrid-async-dp	patoh	w1000	4	0.720311	0.03697469	1.276	ok
marine1	hybrid-async-dp	patoh	w1200	4	0.737968	0.03970026	1.246	ok
marine1	hybrid-async-dp	patoh	w2000	2	0.746842	0.04833955	1.231	ok
marine1	hybrid-async-dp	naive	w400	4	0.884118	0.03691691	1.040	ok
marine1	hybrid-async-dp	naive	w600	4	0.782102	0.03883287	1.176	ok
marine1	hybrid-async-dp	naive	w800	4	0.730028	0.05984925	1.259	ok
marine1	hybrid-async-dp	naive	w1000	4	0.72998	0.06271753	1.260	ok
marine1	hybrid-async-dp	naive	w1200	4	0.727722	0.2419943	1.263	ok
marine1	hybrid-async-dp	naive	w2000	2	0.741289	0.07175168	1.240	ok
marine1	hybrid-dist-dp	patoh	w400	4	0.785632	0.05731907	1.170	ok
marine1	hybrid-dist-dp	patoh	w600	2	0.792534	0.03817608	1.160	ok
marine1	hybrid-dist-dp	patoh	w800	2	0.781994	0.03943344	1.176	ok
marine1	hybrid-dist-dp	patoh	w1000	4	0.806698	0.04588704	1.140	ok
marine1	hybrid-dist-dp	patoh	w1200	2	0.801094	0.03573538	1.148	ok
marine1	hybrid-dist-dp	patoh	w2000	2	0.811471	0.04576974	1.133	ok
marine1	hybrid-dist-dp	naive	w400	4	0.777408	0.04701676	1.183	ok
marine1	hybrid-dist-dp	naive	w600	4	0.803071	0.04271809	1.145	ok
marine1	hybrid-dist-dp	naive	w800	4	0.790577	0.4078361	1.163	ok
marine1	hybrid-dist-dp	naive	w1000	4	0.819145	0.1153097	1.122	ok
marine1	hybrid-dist-dp	naive	w1200	2	0.811134	0.1456053	1.134	ok
marine1	hybrid-dist-dp	naive	w2000	4	0.813907	0.1720854	1.130	ok
marine1	hybrid-dist-pipelined	patoh	w400	4	0.998826	0.04685157	0.921	ok
marine1	hybrid-dist-pipelined	patoh	w600	2	1.027991	0.03490558	0.894	ok
marine1	hybrid-dist-pipelined	patoh	w800	2	1.034279	0.03330943	0.889	ok
marine1	hybrid-dist-pipelined	patoh	w1000	2	1.044148	0.03355719	0.881	ok
marine1	hybrid-dist-pipelined	patoh	w1200	1	1.043112	0.02246655	0.881	ok
marine1	hybrid-dist-pipelined	patoh	w2000	4	1.063399	0.04021213	0.865	ok
marine1	hybrid-dist-pipelined	naive	w400	4	1.015387	0.03715485	0.906	ok
marine1	hybrid-dist-pipelined	naive	w600	4	1.042246	0.03711736	0.882	ok
marine1	hybrid-dist-pipelined	naive	w800	2	1.034843	0.04542065	0.888	ok
marine1	hybrid-dist-pipelined	naive	w1000	4	1.055059	0.05706048	0.871	ok
marine1	hybrid-dist-pipelined	naive	w1200	2	1.061608	0.01936247	0.866	ok
marine1	hybrid-dist-pipelined	naive	w2000	1	1.056276	0.03421936	0.870	ok
marine1	mpi	patoh	w400	1	8.935526	0.03584346	0.103	ok
marine1	mpi	patoh	w600	1	9.615707	0.03805946	0.096	ok
marine1	mpi	patoh	w800	1	9.910824	0.1530942	0.093	ok
marine1	mpi	patoh	w1000	1	9.995896	0.03730385	0.092	ok
marine1	mpi	patoh	w1200	1	10.473639	0.03809869	0.088	ok
marine1	mpi	patoh	w2000	1	10.769739	0.1577419	0.085	ok
marine1	mpi	naive	w400	1	9.362967	0.05004134	0.098	ok
marine1	mpi	naive	w600	1	9.653539	0.03932841	0.095	ok
marine1	mpi	naive	w800	1	10.207397	0.0412929	0.090	ok
marine1	mpi	naive	w1000	1	10.120363	0.04065107	0.091	ok
marine1	mpi	naive	w1200	1	10.497189	0.08029095	0.088	ok
marine1	mpi	naive	w2000	1	10.652071	0.03696746	0.086	ok
marine1	mpi-gpu	patoh	w400	1	1.861231	0.05613539	0.494	ok
marine1	mpi-gpu	patoh	w600	1	1.308631	0.03760773	0.703	ok
marine1	mpi-gpu	patoh	w800	1	1.251581	0.0754167	0.735	ok
marine1	mpi-gpu	patoh	w1000	1	1.255889	0.05015324	0.732	ok
marine1	mpi-gpu	patoh	w1200	1	1.293912	0.04835611	0.711	ok
marine1	mpi-gpu	patoh	w2000	1	1.338004	0.04465115	0.687	ok
marine1	mpi-gpu	naive	w400	1	2.067462	0.05641507	0.445	ok
marine1	mpi-gpu	naive	w600	1	1.459417	0.202339	0.630	ok
marine1	mpi-gpu	naive	w800	1	1.343449	0.1144651	0.684	ok
marine1	mpi-gpu	naive	w1000	1	1.35798	0.09346774	0.677	ok
marine1	mpi-gpu	naive	w1200	1	1.364387	0.0416942	0.674	ok
marine1	mpi-gpu	naive	w2000	1	1.379068	0.0461364	0.667	ok
shar_te2-b3	cpu	-	-	8	1.585902	27.59609	0.197	ok
shar_te2-b3	gpu	-	-	1	0.312138	nan	1.000	ok
shar_te2-b3	gpu-dp	-	-	1	0.240867	nan	1.296	ok
shar_te2-b3	gpu-pipelined	-	-	1	0.425499	nan	0.734	ok
shar_te2-b3	hybrid-async	patoh	w400	4	0.504564	nan	0.619	ok
shar_te2-b3	hybrid-async	patoh	w600	4	0.475271	nan	0.657	ok
shar_te2-b3	hybrid-async	patoh	w800	4	0.472961	nan	0.660	ok
shar_te2-b3	hybrid-async	patoh	w1000	4	0.457218	nan	0.683	ok
shar_te2-b3	hybrid-async	patoh	w1200	4	0.451784	nan	0.691	ok
shar_te2-b3	hybrid-async	patoh	w2000	4	0.433855	nan	0.719	ok
shar_te2-b3	hybrid-async	naive	w400	4	0.504833	nan	0.618	ok
shar_te2-b3	hybrid-async	naive	w600	4	0.470799	nan	0.663	ok
shar_te2-b3	hybrid-async	naive	w800	4	0.462293	nan	0.675	ok
shar_te2-b3	hybrid-async	naive	w1000	4	0.454841	nan	0.686	ok
shar_te2-b3	hybrid-async	naive	w1200	4	0.451675	nan	0.691	ok
shar_te2-b3	hybrid-async	naive	w2000	4	0.423736	nan	0.737	ok
shar_te2-b3	hybrid-async-dp	patoh	w400	4	0.41582	nan	0.751	ok
shar_te2-b3	hybrid-async-dp	patoh	w600	4	0.396438	nan	0.787	ok
shar_te2-b3	hybrid-async-dp	patoh	w800	4	0.379468	nan	0.823	ok
shar_te2-b3	hybrid-async-dp	patoh	w1000	4	0.362831	nan	0.860	ok
shar_te2-b3	hybrid-async-dp	patoh	w1200	4	0.359041	nan	0.869	ok
shar_te2-b3	hybrid-async-dp	patoh	w2000	4	0.339265	nan	0.920	ok
shar_te2-b3	hybrid-async-dp	naive	w400	4	0.413478	nan	0.755	ok
shar_te2-b3	hybrid-async-dp	naive	w600	4	0.394777	nan	0.791	ok
shar_te2-b3	hybrid-async-dp	naive	w800	4	0.379374	nan	0.823	ok
shar_te2-b3	hybrid-async-dp	naive	w1000	4	0.363118	nan	0.860	ok
shar_te2-b3	hybrid-async-dp	naive	w1200	4	0.351553	nan	0.888	ok
shar_te2-b3	hybrid-async-dp	naive	w2000	4	0.331066	nan	0.943	ok
shar_te2-b3	hybrid-dist-dp	patoh	w400	4	0.395326	nan	0.790	ok
shar_te2-b3	hybrid-dist-dp	patoh	w600	4	0.361319	nan	0.864	ok
shar_te2-b3	hybrid-dist-dp	patoh	w800	4	0.318817	nan	0.979	ok
shar_te2-b3	hybrid-dist-dp	patoh	w1000	2	0.317908	nan	0.982	ok
shar_te2-b3	hybrid-dist-dp	patoh	w1200	1	0.295287	nan	1.057	ok
shar_te2-b3	hybrid-dist-dp	patoh	w2000	1	0.289268	nan	1.079	ok
shar_te2-b3	hybrid-dist-dp	naive	w400	4	0.362674	nan	0.861	ok
shar_te2-b3	hybrid-dist-dp	naive	w600	4	0.333568	nan	0.936	ok
shar_te2-b3	hybrid-dist-dp	naive	w800	2	0.313723	nan	0.995	ok
shar_te2-b3	hybrid-dist-dp	naive	w1000	1	0.30406	nan	1.027	ok
shar_te2-b3	hybrid-dist-dp	naive	w1200	1	0.298973	nan	1.044	ok
shar_te2-b3	hybrid-dist-dp	naive	w2000	1	0.291198	nan	1.072	ok
shar_te2-b3	hybrid-dist-pipelined	patoh	w400	4	0.498789	nan	0.626	ok
shar_te2-b3	hybrid-dist-pipelined	patoh	w600	4	0.471211	nan	0.662	ok
shar_te2-b3	hybrid-dist-pipelined	patoh	w800	2	0.442938	nan	0.705	ok
shar_te2-b3	hybrid-dist-pipelined	patoh	w1000	2	0.436729	nan	0.715	ok
shar_te2-b3	hybrid-dist-pipelined	patoh	w1200	1	0.431872	nan	0.723	ok
shar_te2-b3	hybrid-dist-pipelined	patoh	w2000	1	0.409869	nan	0.762	ok
shar_te2-b3	hybrid-dist-pipelined	naive	w400	4	0.462878	nan	0.674	ok
shar_te2-b3	hybrid-dist-pipelined	naive	w600	4	0.437584	nan	0.713	ok
shar_te2-b3	hybrid-dist-pipelined	naive	w800	4	0.42428	nan	0.736	ok
shar_te2-b3	hybrid-dist-pipelined	naive	w1000	4	0.425628	nan	0.733	ok
shar_te2-b3	hybrid-dist-pipelined	naive	w1200	4	0.426065	nan	0.733	ok
shar_te2-b3	hybrid-dist-pipelined	naive	w2000	4	0.417355	nan	0.748	ok
shar_te2-b3	mpi	patoh	w400	1	2.646213	21.69916	0.118	ok
shar_te2-b3	mpi	patoh	w600	1	2.595674	16.77774	0.120	ok
shar_te2-b3	mpi	patoh	w800	1	2.279133	nan	0.137	ok
shar_te2-b3	mpi	patoh	w1000	1	2.429874	33.32966	0.128	ok
shar_te2-b3	mpi	patoh	w1200	1	2.205028	nan	0.142	ok
shar_te2-b3	mpi	patoh	w2000	1	2.048699	nan	0.152	ok
shar_te2-b3	mpi	naive	w400	1	1.836814	nan	0.170	ok
shar_te2-b3	mpi	naive	w600	1	1.92506	11.16855	0.162	ok
shar_te2-b3	mpi	naive	w800	1	1.898166	nan	0.164	ok
shar_te2-b3	mpi	naive	w1000	1	1.90261	32.83362	0.164	ok
shar_te2-b3	mpi	naive	w1200	1	1.959686	nan	0.159	ok
shar_te2-b3	mpi	naive	w2000	1	1.941595	nan	0.161	ok
shar_te2-b3	mpi-gpu	patoh	w400	1	1.21126	nan	0.258	ok
shar_te2-b3	mpi-gpu	patoh	w600	1	0.952598	nan	0.328	ok
shar_te2-b3	mpi-gpu	patoh	w800	1	0.799282	nan	0.391	ok
shar_te2-b3	mpi-gpu	patoh	w1000	1	0.7742	nan	0.403	ok
shar_te2-b3	mpi-gpu	patoh	w1200	1	0.752688	nan	0.415	ok
shar_te2-b3	mpi-gpu	patoh	w2000	1	0.718953	nan	0.434	ok
shar_te2-b3	mpi-gpu	naive	w400	1	0.747303	nan	0.418	ok
shar_te2-b3	mpi-gpu	naive	w600	1	0.72617	nan	0.430	ok
shar_te2-b3	mpi-gpu	naive	w800	1	0.722555	nan	0.432	ok
shar_te2-b3	mpi-gpu	naive	w1000	1	0.721972	nan	0.432	ok
shar_te2-b3	mpi-gpu	naive	w1200	1	0.722644	nan	0.432	ok
shar_te2-b3	mpi-gpu	naive	w2000	1	0.71212	nan	0.438	ok
ss1	cpu	-	-	8	1.765844	nan	0.181	ok
ss1	gpu	-	-	1	0.319475	nan	1.000	ok
ss1	gpu-dp	-	-	1	0.249539	nan	1.280	ok
ss1	gpu-pipelined	-	-	1	0.432722	3.878131e-17	0.738	ok
ss1	hybrid-async	patoh	w400	4	0.544937	nan	0.586	ok
ss1	hybrid-async	patoh	w600	4	0.511983	nan	0.624	ok
ss1	hybrid-async	patoh	w800	4	0.502784	nan	0.635	ok
ss1	hybrid-async	patoh	w1000	4	0.477979	nan	0.668	ok
ss1	hybrid-async	patoh	w1200	2	0.475259	nan	0.672	ok
ss1	hybrid-async	patoh	w2000	2	0.441533	nan	0.724	ok
ss1	hybrid-async	naive	w400	4	0.475551	nan	0.672	ok
ss1	hybrid-async	naive	w600	4	0.447905	nan	0.713	ok
ss1	hybrid-async	naive	w800	4	0.443174	nan	0.721	ok
ss1	hybrid-async	naive	w1000	4	0.436657	nan	0.732	ok
ss1	hybrid-async	naive	w1200	4	0.432139	nan	0.739	ok
ss1	hybrid-async	naive	w2000	4	0.422485	nan	0.756	ok
ss1	hybrid-async-dp	patoh	w400	4	0.465794	nan	0.686	ok
ss1	hybrid-async-dp	patoh	w600	4	0.441426	nan	0.724	ok
ss1	hybrid-async-dp	patoh	w800	4	0.429467	nan	0.744	ok
ss1	hybrid-async-dp	patoh	w1000	4	0.405117	nan	0.789	ok
ss1	hybrid-async-dp	patoh	w1200	4	0.383423	nan	0.833	ok
ss1	hybrid-async-dp	patoh	w2000	4	0.344317	nan	0.928	ok
ss1	hybrid-async-dp	naive	w400	4	0.389927	nan	0.819	ok
ss1	hybrid-async-dp	naive	w600	4	0.369007	nan	0.866	ok
ss1	hybrid-async-dp	naive	w800	4	0.358933	nan	0.890	ok
ss1	hybrid-async-dp	naive	w1000	4	0.341502	nan	0.935	ok
ss1	hybrid-async-dp	naive	w1200	4	0.340133	nan	0.939	ok
ss1	hybrid-async-dp	naive	w2000	4	0.330883	nan	0.966	ok
ss1	hybrid-dist-dp	patoh	w400	4	0.419486	nan	0.762	ok
ss1	hybrid-dist-dp	patoh	w600	4	0.399398	nan	0.800	ok
ss1	hybrid-dist-dp	patoh	w800	4	0.378644	nan	0.844	ok
ss1	hybrid-dist-dp	patoh	w1000	4	0.36353	nan	0.879	ok
ss1	hybrid-dist-dp	patoh	w1200	4	0.347026	nan	0.921	ok
ss1	hybrid-dist-dp	patoh	w2000	4	0.299901	nan	1.065	ok
ss1	hybrid-dist-dp	naive	w400	4	0.315739	nan	1.012	ok
ss1	hybrid-dist-dp	naive	w600	2	0.311558	nan	1.025	ok
ss1	hybrid-dist-dp	naive	w800	4	0.2945	nan	1.085	ok
ss1	hybrid-dist-dp	naive	w1000	1	0.296428	nan	1.078	ok
ss1	hybrid-dist-dp	naive	w1200	1	0.295535	nan	1.081	ok
ss1	hybrid-dist-dp	naive	w2000	1	0.287218	nan	1.112	ok
ss1	hybrid-dist-pipelined	patoh	w400	4	0.505455	2.661029e-17	0.632	ok
ss1	hybrid-dist-pipelined	patoh	w600	4	0.47257	2.345749e-17	0.676	ok
ss1	hybrid-dist-pipelined	patoh	w800	4	0.444931	2.451656e-17	0.718	ok
ss1	hybrid-dist-pipelined	patoh	w1000	4	0.41681	2.634253e-17	0.766	ok
ss1	hybrid-dist-pipelined	patoh	w1200	4	0.408185	2.178708e-17	0.783	ok
ss1	hybrid-dist-pipelined	patoh	w2000	2	0.397936	2.649797e-17	0.803	ok
ss1	hybrid-dist-pipelined	naive	w400	4	0.410521	2.975053e-17	0.778	ok
ss1	hybrid-dist-pipelined	naive	w600	2	0.416291	2.88393e-17	0.767	ok
ss1	hybrid-dist-pipelined	naive	w800	2	0.412315	2.91179e-17	0.775	ok
ss1	hybrid-dist-pipelined	naive	w1000	2	0.418128	2.825133e-17	0.764	ok
ss1	hybrid-dist-pipelined	naive	w1200	4	0.420876	3.499018e-17	0.759	ok
ss1	hybrid-dist-pipelined	naive	w2000	2	0.409464	2.680428e-17	0.780	ok
ss1	mpi	patoh	w400	1	1.196358	nan	0.267	ok
ss1	mpi	patoh	w600	1	1.236896	nan	0.258	ok
ss1	mpi	patoh	w800	1	1.274238	nan	0.251	ok
ss1	mpi	patoh	w1000	1	1.410367	nan	0.227	ok
ss1	mpi	patoh	w1200	1	1.517357	nan	0.211	ok
ss1	mpi	patoh	w2000	1	1.700279	nan	0.188	ok
ss1	mpi	naive	w400	1	1.651809	nan	0.193	ok
ss1	mpi	naive	w600	1	1.848489	nan	0.173	ok
ss1	mpi	naive	w800	1	1.847732	nan	0.173	ok
ss1	mpi	naive	w1000	1	1.876512	nan	0.170	ok
ss1	mpi	naive	w1200	1	1.93114	nan	0.165	ok
ss1	mpi	naive	w2000	1	1.95941	nan	0.163	ok
ss1	mpi-gpu	patoh	w400	1	0.732002	nan	0.436	ok
ss1	mpi-gpu	patoh	w600	1	0.664422	nan	0.481	ok
ss1	mpi-gpu	patoh	w800	1	0.618261	nan	0.517	ok
ss1	mpi-gpu	patoh	w1000	1	0.603082	nan	0.530	ok
ss1	mpi-gpu	patoh	w1200	1	0.583411	nan	0.548	ok
ss1	mpi-gpu	patoh	w2000	1	0.563365	nan	0.567	ok
ss1	mpi-gpu	naive	w400	1	0.663295	nan	0.482	ok
ss1	mpi-gpu	naive	w600	1	0.67649	nan	0.472	ok
ss1	mpi-gpu	naive	w800	1	0.691455	nan	0.462	ok
ss1	mpi-gpu	naive	w1000	1	0.696146	nan	0.459	ok
ss1	mpi-gpu	naive	w1200	1	0.681113	nan	0.469	ok
ss1	mpi-gpu	naive	w2000	1	0.683712	nan	0.467	ok
venkat01	cpu	-	-	4	1.420052	0.000710352	0.204	ok
venkat01	gpu	-	-	1	0.289724	0.0005673019	1.000	ok
venkat01	gpu-dp	-	-	1	0.252397	0.0008394273	1.148	ok
venkat01	gpu-pipelined	-	-	1	0.368622	0.009853638	0.786	ok
venkat01	hybrid-async	patoh	w400	4	0.29494	0.000652505	0.982	ok
venkat01	hybrid-async	patoh	w600	4	0.271322	0.0007870289	1.068	ok
venkat01	hybrid-async	patoh	w800	4	0.274168	0.0006808107	1.057	ok
venkat01	hybrid-async	patoh	w1000	4	0.275439	0.001397584	1.052	ok
venkat01	hybrid-async	patoh	w1200	4	0.2767	0.001649153	1.047	ok
venkat01	hybrid-async	patoh	w2000	4	0.281748	0.00323297	1.028	ok
venkat01	hybrid-async	naive	w400	4	0.299791	0.002710626	0.966	ok
venkat01	hybrid-async	naive	w600	4	0.273614	0.003861949	1.059	ok
venkat01	hybrid-async	naive	w800	4	0.273791	0.0005661967	1.058	ok
venkat01	hybrid-async	naive	w1000	4	0.275984	0.000708342	1.050	ok
venkat01	hybrid-async	naive	w1200	4	0.277003	0.0005746963	1.046	ok
venkat01	hybrid-async	naive	w2000	4	0.281641	0.0007699947	1.029	ok
venkat01	hybrid-async-dp	patoh	w400	4	0.219359	0.0005658863	1.321	ok
venkat01	hybrid-async-dp	patoh	w600	4	0.22285	0.0006417788	1.300	ok
venkat01	hybrid-async-dp	patoh	w800	2	0.229238	0.0003114045	1.264	ok
venkat01	hybrid-async-dp	patoh	w1000	4	0.231136	0.0005279449	1.253	ok
venkat01	hybrid-async-dp	patoh	w1200	2	0.232032	0.0003643125	1.249	ok
venkat01	hybrid-async-dp	patoh	w2000	2	0.239131	0.0006763223	1.212	ok
venkat01	hybrid-async-dp	naive	w400	4	0.226035	0.0005688858	1.282	ok
venkat01	hybrid-async-dp	naive	w600	4	0.223975	0.003322305	1.294	ok
venkat01	hybrid-async-dp	naive	w800	4	0.229743	0.0007110455	1.261	ok
venkat01	hybrid-async-dp	naive	w1000	2	0.23109	0.000545347	1.254	ok
venkat01	hybrid-async-dp	naive	w1200	4	0.232364	0.001366403	1.247	ok
venkat01	hybrid-async-dp	naive	w2000	4	0.23814	0.006865643	1.217	ok
venkat01	hybrid-dist-dp	patoh	w400	4	0.288915	0.0005619727	1.003	ok
venkat01	hybrid-dist-dp	patoh	w600	2	0.289217	0.0007473141	1.002	ok
venkat01	hybrid-dist-dp	patoh	w800	2	0.292551	0.0005983017	0.990	ok
venkat01	hybrid-dist-dp	patoh	w1000	1	0.281654	0.0005376079	1.029	ok
venkat01	hybrid-dist-dp	patoh	w1200	1	0.280978	0.0006494365	1.031	ok
venkat01	hybrid-dist-dp	patoh	w2000	1	0.286946	0.0003391025	1.010	ok
venkat01	hybrid-dist-dp	naive	w400	4	0.287524	0.0006645306	1.008	ok
venkat01	hybrid-dist-dp	naive	w600	2	0.292407	0.0005296504	0.991	ok
venkat01	hybrid-dist-dp	naive	w800	2	0.293623	0.0009804672	0.987	ok
venkat01	hybrid-dist-dp	naive	w1000	1	0.284552	0.0004635783	1.018	ok
venkat01	hybrid-dist-dp	naive	w1200	1	0.281229	0.0009446477	1.030	ok
venkat01	hybrid-dist-dp	naive	w2000	1	0.286891	0.01798212	1.010	ok
venkat01	hybrid-dist-pipelined	patoh	w400	4	0.351963	0.007983264	0.823	ok
venkat01	hybrid-dist-pipelined	patoh	w600	2	0.353462	0.01039648	0.820	ok
venkat01	hybrid-dist-pipelined	patoh	w800	1	0.335814	0.1343732	0.863	ok
venkat01	hybrid-dist-pipelined	patoh	w1000	1	0.332942	0.06335098	0.870	ok
venkat01	hybrid-dist-pipelined	patoh	w1200	1	0.334842	0.03009276	0.865	ok
venkat01	hybrid-dist-pipelined	patoh	w2000	1	0.343358	0.003132635	0.844	ok
venkat01	hybrid-dist-pipelined	naive	w400	4	0.352627	0.005614444	0.822	ok
venkat01	hybrid-dist-pipelined	naive	w600	2	0.352429	0.004648369	0.822	ok
venkat01	hybrid-dist-pipelined	naive	w800	1	0.346383	0.008150345	0.836	ok
venkat01	hybrid-dist-pipelined	naive	w1000	1	0.335378	0.005089104	0.864	ok
venkat01	hybrid-dist-pipelined	naive	w1200	1	0.339171	0.02096612	0.854	ok
venkat01	hybrid-dist-pipelined	naive	w2000	1	0.350857	0.005183605	0.826	ok
venkat01	mpi	patoh	w400	1	1.411204	0.00121456	0.205	ok
venkat01	mpi	patoh	w600	1	1.685626	0.0007381899	0.172	ok
venkat01	mpi	patoh	w800	1	1.571482	0.0003696121	0.184	ok
venkat01	mpi	patoh	w1000	1	1.612839	0.0007885832	0.180	ok
venkat01	mpi	patoh	w1200	1	1.667797	0.0008253254	0.174	ok
venkat01	mpi	patoh	w2000	1	1.710095	0.0003902163	0.169	ok
venkat01	mpi	naive	w400	1	1.444233	0.0006330178	0.201	ok
venkat01	mpi	naive	w600	1	1.54776	0.0005366061	0.187	ok
venkat01	mpi	naive	w800	1	1.628229	0.002225465	0.178	ok
venkat01	mpi	naive	w1000	1	1.639717	0.0006425027	0.177	ok
venkat01	mpi	naive	w1200	1	1.662474	0.0008043566	0.174	ok
venkat01	mpi	naive	w2000	1	1.716628	0.0006802671	0.169	ok
venkat01	mpi-gpu	patoh	w400	1	0.393546	0.0007137899	0.736	ok
venkat01	mpi-gpu	patoh	w600	1	0.356314	0.0006291563	0.813	ok
venkat01	mpi-gpu	patoh	w800	1	0.364768	0.0005476628	0.794	ok
venkat01	mpi-gpu	patoh	w1000	1	0.365855	0.0007946689	0.792	ok
venkat01	mpi-gpu	patoh	w1200	1	0.36901	0.0006574397	0.785	ok
venkat01	mpi-gpu	patoh	w2000	1	0.374191	0.0006146737	0.774	ok
venkat01	mpi-gpu	naive	w400	1	0.390311	0.0008063908	0.742	ok
venkat01	mpi-gpu	naive	w600	1	0.379679	0.002504914	0.763	ok
venkat01	mpi-gpu	naive	w800	1	0.388031	0.003268032	0.747	ok
venkat01	mpi-gpu	naive	w1000	1	0.392709	0.0006462286	0.738	ok
venkat01	mpi-gpu	naive	w1200	1	0.393293	0.0007315023	0.737	ok
venkat01	mpi-gpu	naive	w2000	1	0.401243	0.0007786032	0.722	ok
webbase-1M	cpu	-	-	4	12.832638	0.3445641	0.090	ok
webbase-1M	gpu	-	-	1	1.153338	nan	1.000	ok
webbase-1M	gpu-dp	-	-	1	0.833612	nan	1.384	ok
webbase-1M	gpu-pipelined	-	-	1	1.834919	nan	0.629	ok
webbase-1M	hybrid-async	patoh	w400	4	2.044678	nan	0.564	ok
webbase-1M	hybrid-async	patoh	w600	4	1.869367	nan	0.617	ok
webbase-1M	hybrid-async	patoh	w800	4	1.813394	nan	0.636	ok
webbase-1M	hybrid-async	patoh	w1000	4	1.787871	nan	0.645	ok
webbase-1M	hybrid-async	patoh	w1200	4	1.766198	nan	0.653	ok
webbase-1M	hybrid-async	patoh	w2000	4	1.740398	nan	0.663	ok
webbase-1M	hybrid-async	naive	w400	4	1.942533	nan	0.594	ok
webbase-1M	hybrid-async	naive	w600	4	1.806941	nan	0.638	ok
webbase-1M	hybrid-async	naive	w800	4	1.729686	nan	0.667	ok
webbase-1M	hybrid-async	naive	w1000	4	1.685209	nan	0.684	ok
webbase-1M	hybrid-async	naive	w1200	4	1.647306	nan	0.700	ok
webbase-1M	hybrid-async	naive	w2000	4	1.577868	nan	0.731	ok
webbase-1M	hybrid-async-dp	patoh	w400	4	1.718192	nan	0.671	ok
webbase-1M	hybrid-async-dp	patoh	w600	4	1.545863	nan	0.746	ok
webbase-1M	hybrid-async-dp	patoh	w800	4	1.486188	nan	0.776	ok
webbase-1M	hybrid-async-dp	patoh	w1000	4	1.455196	nan	0.793	ok
webbase-1M	hybrid-async-dp	patoh	w1200	4	1.44354	nan	0.799	ok
webbase-1M	hybrid-async-dp	patoh	w2000	4	1.43037	nan	0.806	ok
webbase-1M	hybrid-async-dp	naive	w400	4	1.615373	nan	0.714	ok
webbase-1M	hybrid-async-dp	naive	w600	4	1.481964	nan	0.778	ok
webbase-1M	hybrid-async-dp	naive	w800	4	1.413417	nan	0.816	ok
webbase-1M	hybrid-async-dp	naive	w1000	4	1.363926	nan	0.846	ok
webbase-1M	hybrid-async-dp	naive	w1200	4	1.333431	nan	0.865	ok
webbase-1M	hybrid-async-dp	naive	w2000	4	1.261459	nan	0.914	ok
webbase-1M	hybrid-dist-dp	patoh	w400	4	1.042889	nan	1.106	ok
webbase-1M	hybrid-dist-dp	patoh	w600	4	0.890554	nan	1.295	ok
webbase-1M	hybrid-dist-dp	patoh	w800	4	0.889149	nan	1.297	ok
webbase-1M	hybrid-dist-dp	patoh	w1000	2	0.892232	nan	1.293	ok
webbase-1M	hybrid-dist-dp	patoh	w1200	4	0.889538	nan	1.297	ok
webbase-1M	hybrid-dist-dp	patoh	w2000	4	0.912705	nan	1.264	ok
webbase-1M	hybrid-dist-dp	naive	w400	4	0.989675	nan	1.165	ok
webbase-1M	hybrid-dist-dp	naive	w600	4	0.902665	nan	1.278	ok
webbase-1M	hybrid-dist-dp	naive	w800	2	0.900331	nan	1.281	ok
webbase-1M	hybrid-dist-dp	naive	w1000	4	0.896457	nan	1.287	ok
webbase-1M	hybrid-dist-dp	naive	w1200	2	0.892868	nan	1.292	ok
webbase-1M	hybrid-dist-dp	naive	w2000	2	0.897248	nan	1.285	ok
webbase-1M	hybrid-dist-pipelined	patoh	w400	4	1.507135	nan	0.765	ok
webbase-1M	hybrid-dist-pipelined	patoh	w600	4	1.327868	nan	0.869	ok
webbase-1M	hybrid-dist-pipelined	patoh	w800	4	1.340892	nan	0.860	ok
webbase-1M	hybrid-dist-pipelined	patoh	w1000	2	1.332227	0.2620049	0.866	ok
webbase-1M	hybrid-dist-pipelined	patoh	w1200	2	1.338518	nan	0.862	ok
webbase-1M	hybrid-dist-pipelined	patoh	w2000	4	1.356559	nan	0.850	ok
webbase-1M	hybrid-dist-pipelined	naive	w400	4	1.480082	nan	0.779	ok
webbase-1M	hybrid-dist-pipelined	naive	w600	4	1.318327	nan	0.875	ok
webbase-1M	hybrid-dist-pipelined	naive	w800	2	1.325168	nan	0.870	ok
webbase-1M	hybrid-dist-pipelined	naive	w1000	2	1.333586	nan	0.865	ok
webbase-1M	hybrid-dist-pipelined	naive	w1200	1	1.335266	nan	0.864	ok
webbase-1M	hybrid-dist-pipelined	naive	w2000	1	1.342765	nan	0.859	ok
webbase-1M	mpi	patoh	w400	1	12.284756	nan	0.094	ok
webbase-1M	mpi	patoh	w600	1	12.583581	0.2925	0.092	ok
webbase-1M	mpi	patoh	w800	1	12.91914	nan	0.089	ok
webbase-1M	mpi	patoh	w1000	1	13.008881	nan	0.089	ok
webbase-1M	mpi	patoh	w1200	1	13.091513	nan	0.088	ok
webbase-1M	mpi	patoh	w2000	1	13.393852	nan	0.086	ok
webbase-1M	mpi	naive	w400	1	11.629962	0.2691185	0.099	ok
webbase-1M	mpi	naive	w600	1	12.24161	0.2647432	0.094	ok
webbase-1M	mpi	naive	w800	1	12.50991	0.2362029	0.092	ok
webbase-1M	mpi	naive	w1000	1	12.727671	0.2674057	0.091	ok
webbase-1M	mpi	naive	w1200	1	12.896627	nan	0.089	ok
webbase-1M	mpi	naive	w2000	1	13.248115	0.255945	0.087	ok
webbase-1M	mpi-gpu	patoh	w400	1	2.389125	nan	0.483	ok
webbase-1M	mpi-gpu	patoh	w600	1	2.34478	nan	0.492	ok
webbase-1M	mpi-gpu	patoh	w800	1	2.353274	nan	0.490	ok
webbase-1M	mpi-gpu	patoh	w1000	1	2.352189	nan	0.490	ok
webbase-1M	mpi-gpu	patoh	w1200	1	2.405696	nan	0.479	ok
webbase-1M	mpi-gpu	patoh	w2000	1	2.500886	nan	0.461	ok
webbase-1M	mpi-gpu	naive	w400	1	2.79206	nan	0.413	ok
webbase-1M	mpi-gpu	naive	w600	1	2.472569	nan	0.466	ok
webbase-1M	mpi-gpu	naive	w800	1	2.37033	nan	0.487	ok
webbase-1M	mpi-gpu	naive	w1000	1	2.33093	nan	0.495	ok
webbase-1M	mpi-gpu	naive	w1200	1	2.33555	nan	0.494	ok
webbase-1M	mpi-gpu	naive	w2000	1	2.40287	0.6916355	0.480	ok
poli4	cpu	-	-	8	0.250575	nan	0.538	ok
poli4	gpu	-	-	1	0.134741	nan	1.000	ok
poli4	gpu-dp	-	-	1	0.085843	nan	1.570	ok
poli4	gpu-pipelined	-	-	1	0.174622	4.136411e-17	0.772	ok
poli4	hybrid-async	patoh	w400	4	0.183468	nan	0.734	ok
poli4	hybrid-async	patoh	w600	2	0.158755	nan	0.849	ok
poli4	hybrid-async	patoh	w800	1	0.157179	nan	0.857	ok
poli4	hybrid-async	patoh	w1000	1	0.156654	nan	0.860	ok
poli4	hybrid-async	patoh	w1200	1	0.153494	nan	0.878	ok
poli4	hybrid-async	patoh	w2000	1	0.149324	nan	0.902	ok
poli4	hybrid-async	naive	w400	2	0.187059	nan	0.720	ok
poli4	hybrid-async	naive	w600	2	0.183864	nan	0.733	ok
poli4	hybrid-async	naive	w800	2	0.181664	nan	0.742	ok
poli4	hybrid-async	naive	w1000	4	0.176836	nan	0.762	ok
poli4	hybrid-async	naive	w1200	4	0.16198	nan	0.832	ok
poli4	hybrid-async	naive	w2000	1	0.153233	nan	0.879	ok
poli4	hybrid-async-dp	patoh	w400	4	0.123768	nan	1.089	ok
poli4	hybrid-async-dp	patoh	w600	2	0.120144	nan	1.121	ok
poli4	hybrid-async-dp	patoh	w800	2	0.113597	nan	1.186	ok
poli4	hybrid-async-dp	patoh	w1000	1	0.111238	nan	1.211	ok
poli4	hybrid-async-dp	patoh	w1200	1	0.101365	nan	1.329	ok
poli4	hybrid-async-dp	patoh	w2000	1	0.097051	nan	1.388	ok
poli4	hybrid-async-dp	naive	w400	4	0.124731	nan	1.080	ok
poli4	hybrid-async-dp	naive	w600	4	0.120737	nan	1.116	ok
poli4	hybrid-async-dp	naive	w800	4	0.119565	nan	1.127	ok
poli4	hybrid-async-dp	naive	w1000	2	0.118616	nan	1.136	ok
poli4	hybrid-async-dp	naive	w1200	4	0.116779	nan	1.154	ok
poli4	hybrid-async-dp	naive	w2000	2	0.108939	nan	1.237	ok
poli4	hybrid-dist-dp	patoh	w400	1	0.146291	nan	0.921	ok
poli4	hybrid-dist-dp	patoh	w600	1	0.134357	nan	1.003	ok
poli4	hybrid-dist-dp	patoh	w800	1	0.130683	nan	1.031	ok
poli4	hybrid-dist-dp	patoh	w1000	1	0.129032	nan	1.044	ok
poli4	hybrid-dist-dp	patoh	w1200	1	0.102727	nan	1.312	ok
poli4	hybrid-dist-dp	patoh	w2000	1	0.125122	nan	1.077	ok
poli4	hybrid-dist-dp	naive	w400	1	0.1347	nan	1.000	ok
poli4	hybrid-dist-dp	naive	w600	1	0.117093	nan	1.151	ok
poli4	hybrid-dist-dp	naive	w800	1	0.114491	nan	1.177	ok
poli4	hybrid-dist-dp	naive	w1000	1	0.111295	nan	1.211	ok
poli4	hybrid-dist-dp	naive	w1200	1	0.107751	nan	1.250	ok
poli4	hybrid-dist-dp	naive	w2000	1	0.104491	nan	1.289	ok
poli4	hybrid-dist-pipelined	patoh	w400	4	0.307607	4.542155e-17	0.438	ok
poli4	hybrid-dist-pipelined	patoh	w600	4	0.238937	4.334008e-17	0.564	ok
poli4	hybrid-dist-pipelined	patoh	w800	1	0.231066	5.782225e-17	0.583	ok
poli4	hybrid-dist-pipelined	patoh	w1000	2	0.210159	5.669544e-17	0.641	ok
poli4	hybrid-dist-pipelined	patoh	w1200	4	0.178657	5.112708e-17	0.754	ok
poli4	hybrid-dist-pipelined	patoh	w2000	1	0.175846	4.968272e-17	0.766	ok
poli4	hybrid-dist-pipelined	naive	w400	4	0.27623	4.173926e-17	0.488	ok
poli4	hybrid-dist-pipelined	naive	w600	4	0.245884	7.460193e-17	0.548	ok
poli4	hybrid-dist-pipelined	naive	w800	4	0.222994	6.072938e-17	0.604	ok
poli4	hybrid-dist-pipelined	naive	w1000	2	0.22372	6.238077e-17	0.602	ok
poli4	hybrid-dist-pipelined	naive	w1200	4	0.210813	6.780041e-17	0.639	ok
poli4	hybrid-dist-pipelined	naive	w2000	1	0.179189	4.548905e-17	0.752	ok
poli4	mpi	patoh	w400	1	0.236711	nan	0.569	ok
poli4	mpi	patoh	w600	1	0.247434	nan	0.545	ok
poli4	mpi	patoh	w800	1	0.252856	nan	0.533	ok
poli4	mpi	patoh	w1000	1	0.26473	nan	0.509	ok
poli4	mpi	patoh	w1200	1	0.272924	nan	0.494	ok
poli4	mpi	patoh	w2000	1	0.278134	nan	0.484	ok
poli4	mpi	naive	w400	1	0.224084	nan	0.601	ok
poli4	mpi	naive	w600	1	0.244298	nan	0.552	ok
poli4	mpi	naive	w800	1	0.258458	nan	0.521	ok
poli4	mpi	naive	w1000	1	0.255951	nan	0.526	ok
poli4	mpi	naive	w1200	1	0.269567	nan	0.500	ok
poli4	mpi	naive	w2000	1	0.271417	nan	0.496	ok
poli4	mpi-gpu	patoh	w400	1	0.230444	nan	0.585	ok
poli4	mpi-gpu	patoh	w600	1	0.231489	nan	0.582	ok
poli4	mpi-gpu	patoh	w800	1	0.232662	nan	0.579	ok
poli4	mpi-gpu	patoh	w1000	1	0.230051	nan	0.586	ok
poli4	mpi-gpu	patoh	w1200	1	0.233512	nan	0.577	ok
poli4	mpi-gpu	patoh	w2000	1	0.234027	nan	0.576	ok
poli4	mpi-gpu	naive	w400	1	0.249257	nan	0.541	ok
poli4	mpi-gpu	naive	w600	1	0.257204	nan	0.524	ok
poli4	mpi-gpu	naive	w800	1	0.245143	nan	0.550	ok
poli4	mpi-gpu	naive	w1000	1	0.241487	nan	0.558	ok
poli4	mpi-gpu	naive	w1200	1	0.242144	nan	0.556	ok
poli4	mpi-gpu	naive	w2000	1	0.241578	nan	0.558	ok
coupled	cpu	-	-	4	0.204237	7.982913e-07	0.641	ok
coupled	gpu	-	-	1	0.130851	1.147858e-05	1.000	ok
coupled	gpu-dp	-	-	1	0.079016	3.258865e-06	1.656	ok
coupled	gpu-pipelined	-	-	1	0.174728	7.332184e-06	0.749	ok
coupled	hybrid-async	patoh	w400	2	0.142997	3.445056e-06	0.915	ok
coupled	hybrid-async	patoh	w600	2	0.138644	2.251644e-06	0.944	ok
coupled	hybrid-async	patoh	w800	1	0.135536	1.215045e-06	0.965	ok
coupled	hybrid-async	patoh	w1000	1	0.133448	3.076394e-06	0.981	ok
coupled	hybrid-async	patoh	w1200	1	0.131554	1.503446e-06	0.995	ok
coupled	hybrid-async	patoh	w2000	1	0.129006	6.682386e-06	1.014	ok
coupled	hybrid-async	naive	w400	2	0.145633	2.344205e-06	0.898	ok
coupled	hybrid-async	naive	w600	4	0.140696	0.0003955431	0.930	ok
coupled	hybrid-async	naive	w800	4	0.140802	4.550168e-06	0.929	ok
coupled	hybrid-async	naive	w1000	2	0.139001	2.059567e-06	0.941	ok
coupled	hybrid-async	naive	w1200	2	0.140242	1.832671e-05	0.933	ok
coupled	hybrid-async	naive	w2000	2	0.135758	1.028108e-05	0.964	ok
coupled	hybrid-async-dp	patoh	w400	4	0.084508	2.295193e-06	1.548	ok
coupled	hybrid-async-dp	patoh	w600	2	0.081923	6.187429e-06	1.597	ok
coupled	hybrid-async-dp	patoh	w800	4	0.080334	1.256343e-05	1.629	ok
coupled	hybrid-async-dp	patoh	w1000	2	0.079109	9.606072e-06	1.654	ok
coupled	hybrid-async-dp	patoh	w1200	2	0.075337	1.705812e-06	1.737	ok
coupled	hybrid-async-dp	patoh	w2000	1	0.072648	1.038912e-05	1.801	ok
coupled	hybrid-async-dp	naive	w400	4	0.089786	1.309458e-05	1.457	ok
coupled	hybrid-async-dp	naive	w600	4	0.082661	5.31437e-06	1.583	ok
coupled	hybrid-async-dp	naive	w800	2	0.083702	1.181973e-05	1.563	ok
coupled	hybrid-async-dp	naive	w1000	4	0.083281	2.433889e-06	1.571	ok
coupled	hybrid-async-dp	naive	w1200	1	0.081834	5.133541e-06	1.599	ok
coupled	hybrid-async-dp	naive	w2000	1	0.075902	1.404181e-06	1.724	ok
coupled	hybrid-dist-dp	patoh	w400	1	0.134529	4.407452e-06	0.973	ok
coupled	hybrid-dist-dp	patoh	w600	1	0.123639	1.103617e-05	1.058	ok
coupled	hybrid-dist-dp	patoh	w800	1	0.118437	9.289596e-06	1.105	ok
coupled	hybrid-dist-dp	patoh	w1000	1	0.114086	2.232314e-06	1.147	ok
coupled	hybrid-dist-dp	patoh	w1200	1	0.112345	3.589526e-06	1.165	ok
coupled	hybrid-dist-dp	patoh	w2000	1	0.117082	1.194223e-05	1.118	ok
coupled	hybrid-dist-dp	naive	w400	1	0.140494	1.166665e-05	0.931	ok
coupled	hybrid-dist-dp	naive	w600	1	0.126738	9.315359e-07	1.032	ok
coupled	hybrid-dist-dp	naive	w800	1	0.123936	7.407229e-06	1.056	ok
coupled	hybrid-dist-dp	naive	w1000	1	0.125179	1.155434e-05	1.045	ok
coupled	hybrid-dist-dp	naive	w1200	1	0.118093	8.526839e-06	1.108	ok
coupled	hybrid-dist-dp	naive	w2000	1	0.11139	1.735047e-06	1.175	ok
coupled	hybrid-dist-pipelined	patoh	w400	1	0.144491	1.900295e-05	0.906	ok
coupled	hybrid-dist-pipelined	patoh	w600	1	0.13392	2.996645e-06	0.977	ok
coupled	hybrid-dist-pipelined	patoh	w800	1	0.13032	1.77088e-05	1.004	ok
coupled	hybrid-dist-pipelined	patoh	w1000	1	0.128657	2.553708e-05	1.017	ok
coupled	hybrid-dist-pipelined	patoh	w1200	1	0.127475	6.737317e-06	1.026	ok
coupled	hybrid-dist-pipelined	patoh	w2000	1	0.136006	3.600465e-06	0.962	ok
coupled	hybrid-dist-pipelined	naive	w400	1	0.156455	9.92067e-06	0.836	ok
coupled	hybrid-dist-pipelined	naive	w600	1	0.137366	1.661064e-05	0.953	ok
coupled	hybrid-dist-pipelined	naive	w800	1	0.137136	8.266457e-06	0.954	ok
coupled	hybrid-dist-pipelined	naive	w1000	1	0.132436	8.061104e-06	0.988	ok
coupled	hybrid-dist-pipelined	naive	w1200	1	0.132291	5.958216e-06	0.989	ok
coupled	hybrid-dist-pipelined	naive	w2000	1	0.128786	3.077835e-06	1.016	ok
coupled	mpi	patoh	w400	1	0.182683	5.286297e-06	0.716	ok
coupled	mpi	patoh	w600	1	0.192177	5.354554e-06	0.681	ok
coupled	mpi	patoh	w800	1	0.204825	1.23506e-05	0.639	ok
coupled	mpi	patoh	w1000	1	0.203726	4.405e-06	0.642	ok
coupled	mpi	patoh	w1200	1	0.205961	7.637227e-06	0.635	ok
coupled	mpi	patoh	w2000	1	0.211759	1.033984e-06	0.618	ok
coupled	mpi	naive	w400	1	0.199943	3.400827e-06	0.654	ok
coupled	mpi	naive	w600	1	0.214022	3.973643e-06	0.611	ok
coupled	mpi	naive	w800	1	0.209396	1.357362e-05	0.625	ok
coupled	mpi	naive	w1000	1	0.214133	1.124045e-05	0.611	ok
coupled	mpi	naive	w1200	1	0.216789	9.647439e-06	0.604	ok
coupled	mpi	naive	w2000	1	0.216551	1.194498e-05	0.604	ok
coupled	mpi-gpu	patoh	w400	1	0.199465	5.146225e-06	0.656	ok
coupled	mpi-gpu	patoh	w600	1	0.198768	1.000712e-05	0.658	ok
coupled	mpi-gpu	patoh	w800	1	0.19744	7.62375e-06	0.663	ok
coupled	mpi-gpu	patoh	w1000	1	0.198244	2.291431e-05	0.660	ok
coupled	mpi-gpu	patoh	w1200	1	0.199395	8.722966e-06	0.656	ok
coupled	mpi-gpu	patoh	w2000	1	0.19784	1.867216e-06	0.661	ok
coupled	mpi-gpu	naive	w400	1	0.20445	4.974503e-06	0.640	ok
coupled	mpi-gpu	naive	w600	1	0.209366	3.529876e-06	0.625	ok
coupled	mpi-gpu	naive	w800	1	0.210865	5.967529e-06	0.621	ok
coupled	mpi-gpu	naive	w1000	1	0.209541	5.06694e-06	0.624	ok
coupled	mpi-gpu	naive	w1200	1	0.210187	3.477325e-06	0.623	ok
coupled	mpi-gpu	naive	w2000	1	0.209584	5.733909e-06	0.624	ok
Ill_Stokes	cpu	-	-	4	0.270129	4.805374e-05	0.548	ok
Ill_Stokes	gpu	-	-	1	0.148071	6.529233e-05	1.000	ok
Ill_Stokes	gpu-dp	-	-	1	0.099674	3.627255e-05	1.486	ok
Ill_Stokes	gpu-pipelined	-	-	1	0.196024	8.506987e-06	0.755	ok
Ill_Stokes	hybrid-async	patoh	w400	4	0.162379	6.27664e-05	0.912	ok
Ill_Stokes	hybrid-async	patoh	w600	4	0.154388	9.388019e-05	0.959	ok
Ill_Stokes	hybrid-async	patoh	w800	2	0.157479	0.0001220934	0.940	ok
Ill_Stokes	hybrid-async	patoh	w1000	2	0.154867	5.055011e-05	0.956	ok
Ill_Stokes	hybrid-async	patoh	w1200	2	0.150836	5.217235e-05	0.982	ok
Ill_Stokes	hybrid-async	patoh	w2000	2	0.144621	0.000106203	1.024	ok
Ill_Stokes	hybrid-async	naive	w400	4	0.163037	4.986706e-05	0.908	ok
Ill_Stokes	hybrid-async	naive	w600	4	0.16002	0.0002020952	0.925	ok
Ill_Stokes	hybrid-async	naive	w800	4	0.156015	5.067893e-05	0.949	ok
Ill_Stokes	hybrid-async	naive	w1000	4	0.159202	5.689907e-05	0.930	ok
Ill_Stokes	hybrid-async	naive	w1200	4	0.154158	6.017529e-05	0.961	ok
Ill_Stokes	hybrid-async	naive	w2000	2	0.153222	6.556174e-05	0.966	ok
Ill_Stokes	hybrid-async-dp	patoh	w400	4	0.106838	3.37618e-05	1.386	ok
Ill_Stokes	hybrid-async-dp	patoh	w600	4	0.101849	6.944536e-05	1.454	ok
Ill_Stokes	hybrid-async-dp	patoh	w800	4	0.101247	4.64467e-05	1.462	ok
Ill_Stokes	hybrid-async-dp	patoh	w1000	4	0.098362	8.678937e-05	1.505	ok
Ill_Stokes	hybrid-async-dp	patoh	w1200	2	0.096115	0.0001690601	1.541	ok
Ill_Stokes	hybrid-async-dp	patoh	w2000	1	0.089335	0.0001423736	1.657	ok
Ill_Stokes	hybrid-async-dp	naive	w400	4	0.10574	3.744444e-05	1.400	ok
Ill_Stokes	hybrid-async-dp	naive	w600	4	0.103304	7.939306e-05	1.433	ok
Ill_Stokes	hybrid-async-dp	naive	w800	4	0.101597	0.0001027781	1.457	ok
Ill_Stokes	hybrid-async-dp	naive	w1000	4	0.098977	7.501063e-05	1.496	ok
Ill_Stokes	hybrid-async-dp	naive	w1200	4	0.096852	5.587362e-05	1.529	ok
Ill_Stokes	hybrid-async-dp	naive	w2000	4	0.095461	0.0001007122	1.551	ok
Ill_Stokes	hybrid-dist-dp	patoh	w400	1	0.155484	5.962742e-05	0.952	ok
Ill_Stokes	hybrid-dist-dp	patoh	w600	1	0.136963	8.903628e-05	1.081	ok
Ill_Stokes	hybrid-dist-dp	patoh	w800	1	0.133832	3.188e-05	1.106	ok
Ill_Stokes	hybrid-dist-dp	patoh	w1000	1	0.133417	4.940438e-05	1.110	ok
Ill_Stokes	hybrid-dist-dp	patoh	w1200	1	0.133477	0.0001415891	1.109	ok
Ill_Stokes	hybrid-dist-dp	patoh	w2000	1	0.132067	0.0002310604	1.121	ok
Ill_Stokes	hybrid-dist-dp	naive	w400	4	0.177787	7.895537e-05	0.833	ok
Ill_Stokes	hybrid-dist-dp	naive	w600	4	0.162392	1.991727e-05	0.912	ok
Ill_Stokes	hybrid-dist-dp	naive	w800	1	0.152151	0.0001470916	0.973	ok
Ill_Stokes	hybrid-dist-dp	naive	w1000	1	0.139787	0.0001337389	1.059	ok
Ill_Stokes	hybrid-dist-dp	naive	w1200	1	0.1413	9.694643e-05	1.048	ok
Ill_Stokes	hybrid-dist-dp	naive	w2000	1	0.131771	9.226072e-05	1.124	ok
Ill_Stokes	hybrid-dist-pipelined	patoh	w400	1	0.177991	2.004777e-05	0.832	ok
Ill_Stokes	hybrid-dist-pipelined	patoh	w600	1	0.159889	1.707642e-05	0.926	ok
Ill_Stokes	hybrid-dist-pipelined	patoh	w800	1	0.154393	2.705094e-05	0.959	ok
Ill_Stokes	hybrid-dist-pipelined	patoh	w1000	1	0.158717	1.788896e-05	0.933	ok
Ill_Stokes	hybrid-dist-pipelined	patoh	w1200	1	0.15855	0.0001238722	0.934	ok
Ill_Stokes	hybrid-dist-pipelined	patoh	w2000	1	0.152964	1.865649e-05	0.968	ok
Ill_Stokes	hybrid-dist-pipelined	naive	w400	1	0.200332	6.504556e-05	0.739	ok
Ill_Stokes	hybrid-dist-pipelined	naive	w600	1	0.182403	6.105873e-05	0.812	ok
Ill_Stokes	hybrid-dist-pipelined	naive	w800	1	0.18824	8.684063e-05	0.787	ok
Ill_Stokes	hybrid-dist-pipelined	naive	w1000	1	0.172224	9.474506e-05	0.860	ok
Ill_Stokes	hybrid-dist-pipelined	naive	w1200	1	0.160996	1.048937e-05	0.920	ok
Ill_Stokes	hybrid-dist-pipelined	naive	w2000	1	0.155109	0.0001034089	0.955	ok
Ill_Stokes	mpi	patoh	w400	1	0.243996	0.0001227446	0.607	ok
Ill_Stokes	mpi	patoh	w600	1	0.275616	0.0001106443	0.537	ok
Ill_Stokes	mpi	patoh	w800	1	0.281426	5.584764e-05	0.526	ok
Ill_Stokes	mpi	patoh	w1000	1	0.308174	3.155152e-05	0.480	ok
Ill_Stokes	mpi	patoh	w1200	1	0.314124	8.295946e-05	0.471	ok
Ill_Stokes	mpi	patoh	w2000	1	0.308269	5.142231e-05	0.480	ok
Ill_Stokes	mpi	naive	w400	1	0.326944	8.555091e-05	0.453	ok
Ill_Stokes	mpi	naive	w600	1	0.343695	5.801452e-05	0.431	ok
Ill_Stokes	mpi	naive	w800	1	0.359708	0.0001958966	0.412	ok
Ill_Stokes	mpi	naive	w1000	1	0.354558	0.0001791824	0.418	ok
Ill_Stokes	mpi	naive	w1200	1	0.358876	0.0002025134	0.413	ok
Ill_Stokes	mpi	naive	w2000	1	0.353937	8.450194e-05	0.418	ok
Ill_Stokes	mpi-gpu	patoh	w400	1	0.214871	0.0001314908	0.689	ok
Ill_Stokes	mpi-gpu	patoh	w600	1	0.216853	9.37796e-05	0.683	ok
Ill_Stokes	mpi-gpu	patoh	w800	1	0.222211	0.0001524242	0.666	ok
Ill_Stokes	mpi-gpu	patoh	w1000	1	0.219606	0.000171098	0.674	ok
Ill_Stokes	mpi-gpu	patoh	w1200	1	0.218617	9.902105e-05	0.677	ok
Ill_Stokes	mpi-gpu	patoh	w2000	1	0.220032	5.252062e-05	0.673	ok
Ill_Stokes	mpi-gpu	naive	w400	1	0.24539	0.0002439125	0.603	ok
Ill_Stokes	mpi-gpu	naive	w600	1	0.234516	0.0002790544	0.631	ok
Ill_Stokes	mpi-gpu	naive	w800	1	0.235332	7.919696e-05	0.629	ok
Ill_Stokes	mpi-gpu	naive	w1000	1	0.23509	6.831614e-05	0.630	ok
Ill_Stokes	mpi-gpu	naive	w1200	1	0.234101	2.276059e-05	0.633	ok
Ill_Stokes	mpi-gpu	naive	w2000	1	0.232779	7.534024e-05	0.636	ok
bayer02	cpu	-	-	16	0.093919	52279460000.0	1.304	ok
bayer02	gpu	-	-	1	0.122503	nan	1.000	ok
bayer02	gpu-dp	-	-	1	0.074472	nan	1.645	ok
bayer02	gpu-pipelined	-	-	1	0.165371	nan	0.741	ok
bayer02	hybrid-async	patoh	w400	4	0.142583	nan	0.859	ok
bayer02	hybrid-async	patoh	w600	2	0.13772	nan	0.890	ok
bayer02	hybrid-async	patoh	w800	1	0.136037	nan	0.901	ok
bayer02	hybrid-async	patoh	w1000	2	0.13487	nan	0.908	ok
bayer02	hybrid-async	patoh	w1200	1	0.131297	nan	0.933	ok
bayer02	hybrid-async	patoh	w2000	1	0.129603	nan	0.945	ok
bayer02	hybrid-async	naive	w400	2	0.14215	nan	0.862	ok
bayer02	hybrid-async	naive	w600	2	0.136973	nan	0.894	ok
bayer02	hybrid-async	naive	w800	1	0.134958	nan	0.908	ok
bayer02	hybrid-async	naive	w1000	1	0.133177	nan	0.920	ok
bayer02	hybrid-async	naive	w1200	1	0.13178	nan	0.930	ok
bayer02	hybrid-async	naive	w2000	1	0.128284	nan	0.955	ok
bayer02	hybrid-async-dp	patoh	w400	2	0.091226	nan	1.343	ok
bayer02	hybrid-async-dp	patoh	w600	2	0.088383	nan	1.386	ok
bayer02	hybrid-async-dp	patoh	w800	1	0.08319	nan	1.473	ok
bayer02	hybrid-async-dp	patoh	w1000	1	0.082638	nan	1.482	ok
bayer02	hybrid-async-dp	patoh	w1200	1	0.080521	nan	1.521	ok
bayer02	hybrid-async-dp	patoh	w2000	1	0.078248	nan	1.566	ok
bayer02	hybrid-async-dp	naive	w400	4	0.092679	nan	1.322	ok
bayer02	hybrid-async-dp	naive	w600	1	0.086089	nan	1.423	ok
bayer02	hybrid-async-dp	naive	w800	1	0.084082	nan	1.457	ok
bayer02	hybrid-async-dp	naive	w1000	1	0.081752	nan	1.498	ok
bayer02	hybrid-async-dp	naive	w1200	1	0.080949	nan	1.513	ok
bayer02	hybrid-async-dp	naive	w2000	1	0.077352	nan	1.584	ok
bayer02	hybrid-dist-dp	patoh	w400	1	0.122288	nan	1.002	ok
bayer02	hybrid-dist-dp	patoh	w600	1	0.116797	nan	1.049	ok
bayer02	hybrid-dist-dp	patoh	w800	1	0.115994	nan	1.056	ok
bayer02	hybrid-dist-dp	patoh	w1000	1	0.114705	nan	1.068	ok
bayer02	hybrid-dist-dp	patoh	w1200	1	0.113174	958867500.0	1.082	ok
bayer02	hybrid-dist-dp	patoh	w2000	1	0.114986	nan	1.065	ok
bayer02	hybrid-dist-dp	naive	w400	1	0.120911	nan	1.013	ok
bayer02	hybrid-dist-dp	naive	w600	1	0.117117	nan	1.046	ok
bayer02	hybrid-dist-dp	naive	w800	1	0.116242	nan	1.054	ok
bayer02	hybrid-dist-dp	naive	w1000	1	0.1148	nan	1.067	ok
bayer02	hybrid-dist-dp	naive	w1200	1	0.114272	3459452000.0	1.072	ok
bayer02	hybrid-dist-dp	naive	w2000	1	0.113178	443535800.0	1.082	ok
bayer02	hybrid-dist-pipelined	patoh	w400	1	0.140933	nan	0.869	ok
bayer02	hybrid-dist-pipelined	patoh	w600	1	0.137778	nan	0.889	ok
bayer02	hybrid-dist-pipelined	patoh	w800	1	0.135284	nan	0.906	ok
bayer02	hybrid-dist-pipelined	patoh	w1000	1	0.137781	nan	0.889	ok
bayer02	hybrid-dist-pipelined	patoh	w1200	1	0.130518	243321700.0	0.939	ok
bayer02	hybrid-dist-pipelined	patoh	w2000	1	0.131869	nan	0.929	ok
bayer02	hybrid-dist-pipelined	naive	w400	1	0.142767	nan	0.858	ok
bayer02	hybrid-dist-pipelined	naive	w600	1	0.136262	nan	0.899	ok
bayer02	hybrid-dist-pipelined	naive	w800	1	0.133337	130046600.0	0.919	ok
bayer02	hybrid-dist-pipelined	naive	w1000	1	0.133059	nan	0.921	ok
bayer02	hybrid-dist-pipelined	naive	w1200	1	0.131293	1763065000.0	0.933	ok
bayer02	hybrid-dist-pipelined	naive	w2000	1	0.13044	1417483000.0	0.939	ok
bayer02	mpi	patoh	w400	1	0.104436	nan	1.173	ok
bayer02	mpi	patoh	w600	1	0.11242	nan	1.090	ok
bayer02	mpi	patoh	w800	1	0.112012	nan	1.094	ok
bayer02	mpi	patoh	w1000	1	0.116145	nan	1.055	ok
bayer02	mpi	patoh	w1200	1	0.117244	1068022000.0	1.045	ok
bayer02	mpi	patoh	w2000	1	0.120607	nan	1.016	ok
bayer02	mpi	naive	w400	1	0.103877	nan	1.179	ok
bayer02	mpi	naive	w600	1	0.109938	6895750000000.0	1.114	ok
bayer02	mpi	naive	w800	1	0.111698	9409621000.0	1.097	ok
bayer02	mpi	naive	w1000	1	0.111417	3820153000.0	1.100	ok
bayer02	mpi	naive	w1200	1	0.11564	12446710000.0	1.059	ok
bayer02	mpi	naive	w2000	1	0.119463	961073300.0	1.025	ok
bayer02	mpi-gpu	patoh	w400	1	0.204954	nan	0.598	ok
bayer02	mpi-gpu	patoh	w600	1	0.203815	nan	0.601	ok
bayer02	mpi-gpu	patoh	w800	1	0.202651	nan	0.605	ok
bayer02	mpi-gpu	patoh	w1000	1	0.203136	nan	0.603	ok
bayer02	mpi-gpu	patoh	w1200	1	0.202463	65868240000.0	0.605	ok
bayer02	mpi-gpu	patoh	w2000	1	0.200923	nan	0.610	ok
bayer02	mpi-gpu	naive	w400	1	0.205807	nan	0.595	ok
bayer02	mpi-gpu	naive	w600	1	0.20251	nan	0.605	ok
bayer02	mpi-gpu	naive	w800	1	0.200844	nan	0.610	ok
bayer02	mpi-gpu	naive	w1000	1	0.201325	nan	0.608	ok
bayer02	mpi-gpu	naive	w1200	1	0.200295	62257620000.0	0.612	ok
bayer02	mpi-gpu	naive	w2000	1	0.199945	920146800000.0	0.613	ok
wang3	cpu	-	-	4	0.21963	8.37342e-14	0.660	ok
wang3	gpu	-	-	1	0.144924	7.76989e-14	1.000	ok
wang3	gpu-dp	-	-	1	0.093417	8.711494e-14	1.551	ok
wang3	gpu-pipelined	-	-	1	0.18602	8.38891e-15	0.779	ok
wang3	hybrid-async	patoh	w400	4	0.16187	7.330645e-14	0.895	ok
wang3	hybrid-async	patoh	w600	4	0.160764	7.82797e-14	0.901	ok
wang3	hybrid-async	patoh	w800	4	0.164106	7.574509e-14	0.883	ok
wang3	hybrid-async	patoh	w1000	4	0.159734	7.790943e-14	0.907	ok
wang3	hybrid-async	patoh	w1200	2	0.158647	7.561482e-14	0.913	ok
wang3	hybrid-async	patoh	w2000	1	0.153263	7.701502e-14	0.946	ok
wang3	hybrid-async	naive	w400	4	0.164339	7.295871e-14	0.882	ok
wang3	hybrid-async	naive	w600	4	0.156541	7.60269e-14	0.926	ok
wang3	hybrid-async	naive	w800	2	0.163195	7.55062e-14	0.888	ok
wang3	hybrid-async	naive	w1000	4	0.155949	7.607493e-14	0.929	ok
wang3	hybrid-async	naive	w1200	1	0.155741	7.761004e-14	0.931	ok
wang3	hybrid-async	naive	w2000	2	0.154633	7.698875e-14	0.937	ok
wang3	hybrid-async-dp	patoh	w400	4	0.11028	7.823251e-14	1.314	ok
wang3	hybrid-async-dp	patoh	w600	4	0.103706	8.449807e-14	1.397	ok
wang3	hybrid-async-dp	patoh	w800	4	0.104509	8.196788e-14	1.387	ok
wang3	hybrid-async-dp	patoh	w1000	4	0.101149	8.403149e-14	1.433	ok
wang3	hybrid-async-dp	patoh	w1200	4	0.0968	8.247795e-14	1.497	ok
wang3	hybrid-async-dp	patoh	w2000	2	0.093753	8.347108e-14	1.546	ok
wang3	hybrid-async-dp	naive	w400	4	0.10922	7.923872e-14	1.327	ok
wang3	hybrid-async-dp	naive	w600	4	0.100943	8.04984e-14	1.436	ok
wang3	hybrid-async-dp	naive	w800	4	0.100857	8.253601e-14	1.437	ok
wang3	hybrid-async-dp	naive	w1000	2	0.098325	8.359262e-14	1.474	ok
wang3	hybrid-async-dp	naive	w1200	2	0.097511	8.245982e-14	1.486	ok
wang3	hybrid-async-dp	naive	w2000	1	0.092114	8.209419e-14	1.573	ok
wang3	hybrid-dist-dp	patoh	w400	1	0.141123	8.724406e-14	1.027	ok
wang3	hybrid-dist-dp	patoh	w600	1	0.132337	8.525989e-14	1.095	ok
wang3	hybrid-dist-dp	patoh	w800	1	0.132314	8.341303e-14	1.095	ok
wang3	hybrid-dist-dp	patoh	w1000	1	0.132823	8.470607e-14	1.091	ok
wang3	hybrid-dist-dp	patoh	w1200	1	0.132685	8.476043e-14	1.092	ok
wang3	hybrid-dist-dp	patoh	w2000	1	0.132222	8.44097e-14	1.096	ok
wang3	hybrid-dist-dp	naive	w400	1	0.145345	8.45187e-14	0.997	ok
wang3	hybrid-dist-dp	naive	w600	1	0.134741	8.495904e-14	1.076	ok
wang3	hybrid-dist-dp	naive	w800	1	0.135571	8.229054e-14	1.069	ok
wang3	hybrid-dist-dp	naive	w1000	1	0.135346	8.411604e-14	1.071	ok
wang3	hybrid-dist-dp	naive	w1200	1	0.133352	8.495089e-14	1.087	ok
wang3	hybrid-dist-dp	naive	w2000	1	0.132367	8.425888e-14	1.095	ok
wang3	hybrid-dist-pipelined	patoh	w400	1	0.16991	6.221701e-16	0.853	ok
wang3	hybrid-dist-pipelined	patoh	w600	1	0.158073	2.982603e-15	0.917	ok
wang3	hybrid-dist-pipelined	patoh	w800	1	0.153691	7.746122e-16	0.943	ok
wang3	hybrid-dist-pipelined	patoh	w1000	1	0.15736	6.759497e-16	0.921	ok
wang3	hybrid-dist-pipelined	patoh	w1200	1	0.16082	7.571408e-16	0.901	ok
wang3	hybrid-dist-pipelined	patoh	w2000	1	0.155682	2.279211e-15	0.931	ok
wang3	hybrid-dist-pipelined	naive	w400	1	0.166103	1.735783e-15	0.872	ok
wang3	hybrid-dist-pipelined	naive	w600	1	0.15776	6.415888e-16	0.919	ok
wang3	hybrid-dist-pipelined	naive	w800	1	0.154622	7.188065e-16	0.937	ok
wang3	hybrid-dist-pipelined	naive	w1000	1	0.155016	3.017789e-15	0.935	ok
wang3	hybrid-dist-pipelined	naive	w1200	1	0.161186	6.77294e-16	0.899	ok
wang3	hybrid-dist-pipelined	naive	w2000	1	0.156849	5.387573e-15	0.924	ok
wang3	mpi	patoh	w400	1	0.216379	8.205616e-14	0.670	ok
wang3	mpi	patoh	w600	1	0.23011	8.202162e-14	0.630	ok
wang3	mpi	patoh	w800	1	0.256355	8.307019e-14	0.565	ok
wang3	mpi	patoh	w1000	1	0.256975	8.199228e-14	0.564	ok
wang3	mpi	patoh	w1200	1	0.26364	8.295262e-14	0.550	ok
wang3	mpi	patoh	w2000	1	0.258761	8.366682e-14	0.560	ok
wang3	mpi	naive	w400	1	0.237029	8.138172e-14	0.611	ok
wang3	mpi	naive	w600	1	0.231148	8.07167e-14	0.627	ok
wang3	mpi	naive	w800	1	0.261816	8.197557e-14	0.554	ok
wang3	mpi	naive	w1000	1	0.260264	8.131296e-14	0.557	ok
wang3	mpi	naive	w1200	1	0.249033	8.313473e-14	0.582	ok
wang3	mpi	naive	w2000	1	0.28312	8.232585e-14	0.512	ok
wang3	mpi-gpu	patoh	w400	1	0.219499	8.157675e-14	0.660	ok
wang3	mpi-gpu	patoh	w600	1	0.221386	7.581389e-14	0.655	ok
wang3	mpi-gpu	patoh	w800	1	0.225373	7.612927e-14	0.643	ok
wang3	mpi-gpu	patoh	w1000	1	0.225777	7.688647e-14	0.642	ok
wang3	mpi-gpu	patoh	w1200	1	0.229554	7.674551e-14	0.631	ok
wang3	mpi-gpu	patoh	w2000	1	0.228448	7.692217e-14	0.634	ok
wang3	mpi-gpu	naive	w400	1	0.219129	7.921761e-14	0.661	ok
wang3	mpi-gpu	naive	w600	1	0.221638	7.942832e-14	0.654	ok
wang3	mpi-gpu	naive	w800	1	0.222091	7.932466e-14	0.653	ok
wang3	mpi-gpu	naive	w1000	1	0.226306	7.743036e-14	0.640	ok
wang3	mpi-gpu	naive	w1200	1	0.227334	7.700061e-14	0.637	ok
wang3	mpi-gpu	naive	w2000	1	0.229161	7.890228e-14	0.632	ok
powersim	cpu	-	-	8	0.116208	1.725572	1.061	ok
powersim	gpu	-	-	1	0.123317	0.1561052	1.000	ok
powersim	gpu-dp	-	-	1	0.074069	0.4144037	1.665	ok
powersim	gpu-pipelined	-	-	1	0.166108	0.3400794	0.742	ok
powersim	hybrid-async	patoh	w400	1	0.152917	0.2089403	0.806	ok
powersim	hybrid-async	patoh	w600	1	0.138808	0.1141795	0.888	ok
powersim	hybrid-async	patoh	w800	1	0.134428	0.8237305	0.917	ok
powersim	hybrid-async	patoh	w1000	1	0.133855	0.2483444	0.921	ok
powersim	hybrid-async	patoh	w1200	1	0.130361	0.1809024	0.946	ok
powersim	hybrid-async	patoh	w2000	1	0.129074	0.183983	0.955	ok
powersim	hybrid-async	naive	w400	4	0.139888	0.1658921	0.882	ok
powersim	hybrid-async	naive	w600	2	0.137416	0.4480884	0.897	ok
powersim	hybrid-async	naive	w800	1	0.135389	0.8935695	0.911	ok
powersim	hybrid-async	naive	w1000	1	0.134829	0.1348988	0.915	ok
powersim	hybrid-async	naive	w1200	1	0.132418	0.2992823	0.931	ok
powersim	hybrid-async	naive	w2000	1	0.130383	0.1402437	0.946	ok
powersim	hybrid-async-dp	patoh	w400	2	0.088156	0.1313003	1.399	ok
powersim	hybrid-async-dp	patoh	w600	1	0.084937	0.1351398	1.452	ok
powersim	hybrid-async-dp	patoh	w800	1	0.084772	0.1733606	1.455	ok
powersim	hybrid-async-dp	patoh	w1000	1	0.083028	0.6059191	1.485	ok
powersim	hybrid-async-dp	patoh	w1200	1	0.081447	0.1429407	1.514	ok
powersim	hybrid-async-dp	patoh	w2000	1	0.078239	0.3155162	1.576	ok
powersim	hybrid-async-dp	naive	w400	2	0.09007	1.330496	1.369	ok
powersim	hybrid-async-dp	naive	w600	1	0.086908	0.2044761	1.419	ok
powersim	hybrid-async-dp	naive	w800	1	0.086555	0.1804136	1.425	ok
powersim	hybrid-async-dp	naive	w1000	1	0.083114	4.989939	1.484	ok
powersim	hybrid-async-dp	naive	w1200	2	0.084747	0.1595605	1.455	ok
powersim	hybrid-async-dp	naive	w2000	1	0.080189	0.1451017	1.538	ok
powersim	hybrid-dist-dp	patoh	w400	1	0.123228	0.1383607	1.001	ok
powersim	hybrid-dist-dp	patoh	w600	1	0.116353	0.6693883	1.060	ok
powersim	hybrid-dist-dp	patoh	w800	1	0.115664	0.1501253	1.066	ok
powersim	hybrid-dist-dp	patoh	w1000	1	0.115868	0.1900149	1.064	ok
powersim	hybrid-dist-dp	patoh	w1200	1	0.114575	0.4009486	1.076	ok
powersim	hybrid-dist-dp	patoh	w2000	1	0.113714	0.1232136	1.084	ok
powersim	hybrid-dist-dp	naive	w400	1	0.115108	0.1680241	1.071	ok
powersim	hybrid-dist-dp	naive	w600	1	0.114933	0.168821	1.073	ok
powersim	hybrid-dist-dp	naive	w800	1	0.114082	0.2137424	1.081	ok
powersim	hybrid-dist-dp	naive	w1000	1	0.113483	0.1727264	1.087	ok
powersim	hybrid-dist-dp	naive	w1200	1	0.113561	0.1714424	1.086	ok
powersim	hybrid-dist-dp	naive	w2000	1	0.113453	1.139484	1.087	ok
powersim	hybrid-dist-pipelined	patoh	w400	1	0.138898	0.1327215	0.888	ok
powersim	hybrid-dist-pipelined	patoh	w600	1	0.135082	0.1536285	0.913	ok
powersim	hybrid-dist-pipelined	patoh	w800	1	0.136879	0.1368601	0.901	ok
powersim	hybrid-dist-pipelined	patoh	w1000	1	0.133634	0.1360019	0.923	ok
powersim	hybrid-dist-pipelined	patoh	w1200	1	0.132438	0.1205141	0.931	ok
powersim	hybrid-dist-pipelined	patoh	w2000	1	0.132955	0.1882242	0.928	ok
powersim	hybrid-dist-pipelined	naive	w400	1	0.136398	0.1223608	0.904	ok
powersim	hybrid-dist-pipelined	naive	w600	1	0.134744	0.1204222	0.915	ok
powersim	hybrid-dist-pipelined	naive	w800	1	0.132213	0.1303229	0.933	ok
powersim	hybrid-dist-pipelined	naive	w1000	1	0.132952	0.1343685	0.928	ok
powersim	hybrid-dist-pipelined	naive	w1200	1	0.132126	0.2230711	0.933	ok
powersim	hybrid-dist-pipelined	naive	w2000	1	0.133602	0.1819186	0.923	ok
powersim	mpi	patoh	w400	1	0.107703	0.1447832	1.145	ok
powersim	mpi	patoh	w600	1	0.113717	0.2238266	1.084	ok
powersim	mpi	patoh	w800	1	0.123207	0.1474155	1.001	ok
powersim	mpi	patoh	w1000	1	0.125812	1.191749	0.980	ok
powersim	mpi	patoh	w1200	1	0.121182	0.2367006	1.018	ok
powersim	mpi	patoh	w2000	1	0.129713	0.1196089	0.951	ok
powersim	mpi	naive	w400	1	0.130356	0.2245952	0.946	ok
powersim	mpi	naive	w600	1	0.13886	0.8895224	0.888	ok
powersim	mpi	naive	w800	1	0.140602	0.1376116	0.877	ok
powersim	mpi	naive	w1000	1	0.139734	0.6035224	0.883	ok
powersim	mpi	naive	w1200	1	0.139014	7.671379	0.887	ok
powersim	mpi	naive	w2000	1	0.138102	0.6952562	0.893	ok
powersim	mpi-gpu	patoh	w400	1	0.194673	0.1505	0.633	ok
powersim	mpi-gpu	patoh	w600	1	0.195327	0.3979063	0.631	ok
powersim	mpi-gpu	patoh	w800	1	0.196805	4.11781	0.627	ok
powersim	mpi-gpu	patoh	w1000	1	0.191801	0.140787	0.643	ok
powersim	mpi-gpu	patoh	w1200	1	0.191923	0.1245096	0.643	ok
powersim	mpi-gpu	patoh	w2000	1	0.192653	0.1290921	0.640	ok
powersim	mpi-gpu	naive	w400	1	0.204705	0.5149476	0.602	ok
powersim	mpi-gpu	naive	w600	1	0.204176	0.1411026	0.604	ok
powersim	mpi-gpu	naive	w800	1	0.204743	0.1852964	0.602	ok
powersim	mpi-gpu	naive	w1000	1	0.203305	0.605168	0.607	ok
powersim	mpi-gpu	naive	w1200	1	0.202751	0.1409606	0.608	ok
powersim	mpi-gpu	naive	w2000	1	0.203769	0.5705151	0.605	ok
