matrix	solver	part_src	weight	threads	spmv_time	relative_residual	speedup_vs_gpu	status
Freescale2	cpu	-	-	16	13.365482	0.01539329	0.062	ok
Freescale2	gpu	-	-	1	0.828852		1.0	ok
Freescale2	gpu-dp	-	-	1	0.662942	0.003011599	1.25	ok
Freescale2	gpu-pipelined	-	-	1	1.249079	0.00316383	0.664	ok
Freescale2	hybrid-async	naive	w100	4	2.81883	0.003033827	0.294	ok
Freescale2	hybrid-async	naive	w1000	4	1.091409	0.003121375	0.759	ok
Freescale2	hybrid-async	naive	w1100	4	1.051547		0.788	ok
Freescale2	hybrid-async	naive	w1200	4	1.014706	0.002947614	0.817	ok
Freescale2	hybrid-async	naive	w2000	4	0.94412	0.00302526	0.878	ok
Freescale2	hybrid-async	naive	w2720	4	0.904968		0.916	ok
Freescale2	hybrid-async	naive	w400	4	1.536744	0.003104312	0.539	ok
Freescale2	hybrid-async	naive	w500	4	1.390486	0.003526435	0.596	ok
Freescale2	hybrid-async	naive	w600	4	1.284859	0.00311105	0.645	ok
Freescale2	hybrid-async	naive	w700	4	1.210304	0.003035822	0.685	ok
Freescale2	hybrid-async	naive	w800	4	1.166267	0.0031026	0.711	ok
Freescale2	hybrid-async	naive	w900	4	1.097375	0.003077696	0.755	ok
Freescale2	hybrid-async	patoh	w100	4	2.766867	0.003128454	0.3	ok
Freescale2	hybrid-async	patoh	w1000	4	1.050694	0.003011808	0.789	ok
Freescale2	hybrid-async	patoh	w1100	4	1.009499	0.003030466	0.821	ok
Freescale2	hybrid-async	patoh	w1200	4	0.977327	0.003093988	0.848	ok
Freescale2	hybrid-async	patoh	w2000	4	0.932441	0.003102417	0.889	ok
Freescale2	hybrid-async	patoh	w2720	4	0.886452	0.003021529	0.935	ok
Freescale2	hybrid-async	patoh	w400	4	1.484889	0.008020437	0.558	ok
Freescale2	hybrid-async	patoh	w500	4	1.339338	0.008644209	0.619	ok
Freescale2	hybrid-async	patoh	w600	4	1.232996	0.002933025	0.672	ok
Freescale2	hybrid-async	patoh	w700	4	1.153877	0.003053394	0.718	ok
Freescale2	hybrid-async	patoh	w800	4	1.125213	0.003015459	0.737	ok
Freescale2	hybrid-async	patoh	w900	4	1.07501	0.00303064	0.771	ok
Freescale2	hybrid-async-dp	naive	w100	4	2.644453	0.003018683	0.313	ok
Freescale2	hybrid-async-dp	naive	w1000	4	0.921229	0.004606614	0.9	ok
Freescale2	hybrid-async-dp	naive	w1100	4	0.860696		0.963	ok
Freescale2	hybrid-async-dp	naive	w1200	4	0.843336	0.003410843	0.983	ok
Freescale2	hybrid-async-dp	naive	w2000	4	0.773513	0.003018159	1.072	ok
Freescale2	hybrid-async-dp	naive	w2720	4	0.732703	0.003002838	1.131	ok
Freescale2	hybrid-async-dp	naive	w400	4	1.379219	0.003913697	0.601	ok
Freescale2	hybrid-async-dp	naive	w500	4	1.216465	0.003236898	0.681	ok
Freescale2	hybrid-async-dp	naive	w600	4	1.111964		0.745	ok
Freescale2	hybrid-async-dp	naive	w700	4	1.042971	0.004312101	0.795	ok
Freescale2	hybrid-async-dp	naive	w800	4	0.995175	0.003182452	0.833	ok
Freescale2	hybrid-async-dp	naive	w900	4	0.939303	0.003882461	0.882	ok
Freescale2	hybrid-async-dp	patoh	w100	4	2.611646	0.003050851	0.317	ok
Freescale2	hybrid-async-dp	patoh	w1000	4	0.882851		0.939	ok
Freescale2	hybrid-async-dp	patoh	w1100	4	0.839628	0.003171633	0.987	ok
Freescale2	hybrid-async-dp	patoh	w1200	4	0.821858	0.003048703	1.009	ok
Freescale2	hybrid-async-dp	patoh	w2000	4	0.752584	0.003053362	1.101	ok
Freescale2	hybrid-async-dp	patoh	w2720	4	0.712303		1.164	ok
Freescale2	hybrid-async-dp	patoh	w400	4	1.311857		0.632	ok
Freescale2	hybrid-async-dp	patoh	w500	4	1.171064	0.003053436	0.708	ok
Freescale2	hybrid-async-dp	patoh	w600	4	1.065987	0.002848653	0.778	ok
Freescale2	hybrid-async-dp	patoh	w700	4	0.993055	0.003160723	0.835	ok
Freescale2	hybrid-async-dp	patoh	w800	4	0.940022	0.003048662	0.882	ok
Freescale2	hybrid-async-dp	patoh	w900	4	0.907831	0.003002942	0.913	ok
Freescale2	hybrid-dist-dp	naive	w100	4	4.016501	0.003235432	0.206	ok
Freescale2	hybrid-dist-dp	naive	w1000	4	0.696614	0.003375018	1.19	ok
Freescale2	hybrid-dist-dp	naive	w1100	4	0.698498	0.003344767	1.187	ok
Freescale2	hybrid-dist-dp	naive	w1200	4	0.699088	0.0031692	1.186	ok
Freescale2	hybrid-dist-dp	naive	w2000	1	0.71188	0.004574991	1.164	ok
Freescale2	hybrid-dist-dp	naive	w2720	2	0.71253	0.003026564	1.163	ok
Freescale2	hybrid-dist-dp	naive	w400	4	1.39603	0.003352778	0.594	ok
Freescale2	hybrid-dist-dp	naive	w500	4	1.133162	0.003108286	0.731	ok
Freescale2	hybrid-dist-dp	naive	w600	4	0.964054	0.003057948	0.86	ok
Freescale2	hybrid-dist-dp	naive	w700	4	0.840527	0.003181406	0.986	ok
Freescale2	hybrid-dist-dp	naive	w800	4	0.750315	0.003343637	1.105	ok
Freescale2	hybrid-dist-dp	naive	w900	4	0.708419	0.002991888	1.17	ok
Freescale2	hybrid-dist-dp	patoh	w100	4	3.617158	0.003369321	0.229	ok
Freescale2	hybrid-dist-dp	patoh	w1000	4	0.685052	0.003327376	1.21	ok
Freescale2	hybrid-dist-dp	patoh	w1100	4	0.683873	0.00336238	1.212	ok
Freescale2	hybrid-dist-dp	patoh	w1200	2	0.675611	0.00301823	1.227	ok
Freescale2	hybrid-dist-dp	patoh	w2000	1	0.684492	0.003099242	1.211	ok
Freescale2	hybrid-dist-dp	patoh	w2720	1	0.69102	0.03573114	1.199	ok
Freescale2	hybrid-dist-dp	patoh	w400	4	1.214161	0.003091903	0.683	ok
Freescale2	hybrid-dist-dp	patoh	w500	4	0.962882	0.01873605	0.861	ok
Freescale2	hybrid-dist-dp	patoh	w600	4	0.778863	0.005523264	1.064	ok
Freescale2	hybrid-dist-dp	patoh	w700	4	0.706672	0.00701966	1.173	ok
Freescale2	hybrid-dist-dp	patoh	w800	4	0.695387	0.003371889	1.192	ok
Freescale2	hybrid-dist-dp	patoh	w900	4	0.694179	0.004823675	1.194	ok
Freescale2	hybrid-dist-pipelined	naive	w100	4	5.424493	0.003600144	0.153	ok
Freescale2	hybrid-dist-pipelined	naive	w1000	4	0.985891	0.01415256	0.841	ok
Freescale2	hybrid-dist-pipelined	naive	w1100	4	0.971663	0.007534776	0.853	ok
Freescale2	hybrid-dist-pipelined	naive	w1200	4	0.969172	0.005812221	0.855	ok
Freescale2	hybrid-dist-pipelined	naive	w2000	1	0.98427	0.007323344	0.842	ok
Freescale2	hybrid-dist-pipelined	naive	w2720	2	0.986658	0.003420835	0.84	ok
Freescale2	hybrid-dist-pipelined	naive	w400	4	1.974961	0.003853356	0.42	ok
Freescale2	hybrid-dist-pipelined	naive	w500	4	1.603031	0.003311672	0.517	ok
Freescale2	hybrid-dist-pipelined	naive	w600	4	1.364216	0.02263669	0.608	ok
Freescale2	hybrid-dist-pipelined	naive	w700	4	1.234981	0.003294326	0.671	ok
Freescale2	hybrid-dist-pipelined	naive	w800	4	1.101604	0.006996089	0.752	ok
Freescale2	hybrid-dist-pipelined	naive	w900	4	1.021293	0.003366562	0.812	ok
Freescale2	hybrid-dist-pipelined	patoh	w100	4	4.887612	0.006980966	0.17	ok
Freescale2	hybrid-dist-pipelined	patoh	w1000	4	0.953355	0.003597382	0.869	ok
Freescale2	hybrid-dist-pipelined	patoh	w1100	4	0.954853	0.003410169	0.868	ok
Freescale2	hybrid-dist-pipelined	patoh	w1200	4	0.950819	0.004800414	0.872	ok
Freescale2	hybrid-dist-pipelined	patoh	w2000	1	0.955533	0.003384365	0.867	ok
Freescale2	hybrid-dist-pipelined	patoh	w2720	4	0.962301	0.003016574	0.861	ok
Freescale2	hybrid-dist-pipelined	patoh	w400	4	1.718466		0.482	ok
Freescale2	hybrid-dist-pipelined	patoh	w500	4	1.37582	0.01681919	0.602	ok
Freescale2	hybrid-dist-pipelined	patoh	w600	4	1.154564	0.006761069	0.718	ok
Freescale2	hybrid-dist-pipelined	patoh	w700	4	1.030919	0.00356423	0.804	ok
Freescale2	hybrid-dist-pipelined	patoh	w800	4	0.967666	0.008111725	0.857	ok
Freescale2	hybrid-dist-pipelined	patoh	w900	4	0.962681	0.004724885	0.861	ok
Freescale2	mpi	naive	w100	1	11.680115	0.006463342	0.071	ok
Freescale2	mpi	naive	w1000	1	14.102656	0.006902245	0.059	ok
Freescale2	mpi	naive	w1100	1	14.123336	0.03575972	0.059	ok
Freescale2	mpi	naive	w1200	1	14.172707	0.007053982	0.058	ok
Freescale2	mpi	naive	w2000	1	14.305816	0.02366655	0.058	ok
Freescale2	mpi	naive	w2720	1	14.274323	0.0120584	0.058	ok
Freescale2	mpi	naive	w400	1	13.351744	0.01023557	0.062	ok
Freescale2	mpi	naive	w500	1	13.604395	0.004509826	0.061	ok
Freescale2	mpi	naive	w600	1	13.755125	0.005216037	0.06	ok
Freescale2	mpi	naive	w700	1	13.851611	0.06087748	0.06	ok
Freescale2	mpi	naive	w800	1	13.907902	0.003586396	0.06	ok
Freescale2	mpi	naive	w900	1	13.994317	0.003304837	0.059	ok
Freescale2	mpi	patoh	w100	1	9.621172	0.003857124	0.086	ok
Freescale2	mpi	patoh	w1000	1	13.710369	0.003395058	0.06	ok
Freescale2	mpi	patoh	w1100	1	13.751871	0.003579597	0.06	ok
Freescale2	mpi	patoh	w1200	1	13.836732	0.003731149	0.06	ok
Freescale2	mpi	patoh	w2000	1	13.959879	0.003408219	0.059	ok
Freescale2	mpi	patoh	w2720	1	13.995312	0.01860174	0.059	ok
Freescale2	mpi	patoh	w400	1	12.786581	0.01004237	0.065	ok
Freescale2	mpi	patoh	w500	1	13.093049	0.0044231	0.063	ok
Freescale2	mpi	patoh	w600	1	13.240347	0.003399046	0.063	ok
Freescale2	mpi	patoh	w700	1	13.438637	0.009185104	0.062	ok
Freescale2	mpi	patoh	w800	1	13.525464	0.003358017	0.061	ok
Freescale2	mpi	patoh	w900	1	13.631785	0.01033032	0.061	ok
Freescale2	mpi-gpu	naive	w100	1	9.369197	0.003309809	0.088	ok
Freescale2	mpi-gpu	naive	w1000	1	2.048024	0.003273817	0.405	ok
Freescale2	mpi-gpu	naive	w1100	1	2.007276	0.003342813	0.413	ok
Freescale2	mpi-gpu	naive	w1200	1	1.966898	0.006100649	0.421	ok
Freescale2	mpi-gpu	naive	w2000	1	1.806991	0.003453227	0.459	ok
Freescale2	mpi-gpu	naive	w2720	1	1.772286	0.002976	0.468	ok
Freescale2	mpi-gpu	naive	w400	1	3.722346	0.004596966	0.223	ok
Freescale2	mpi-gpu	naive	w500	1	3.052081	0.004024794	0.272	ok
Freescale2	mpi-gpu	naive	w600	1	2.628824	0.01855696	0.315	ok
Freescale2	mpi-gpu	naive	w700	1	2.275294	0.003667591	0.364	ok
Freescale2	mpi-gpu	naive	w800	1	2.137499	0.003342736	0.388	ok
Freescale2	mpi-gpu	naive	w900	1	2.122276	0.003383027	0.391	ok
Freescale2	mpi-gpu	patoh	w100	1	7.262222	0.003314199	0.114	ok
Freescale2	mpi-gpu	patoh	w1000	1	1.774995	0.003087374	0.467	ok
Freescale2	mpi-gpu	patoh	w1100	1	1.742384	0.004090206	0.476	ok
Freescale2	mpi-gpu	patoh	w1200	1	1.703747	0.003055724	0.486	ok
Freescale2	mpi-gpu	patoh	w2000	1	1.632771	0.1479366	0.508	ok
Freescale2	mpi-gpu	patoh	w2720	1	1.639306	0.003244465	0.506	ok
Freescale2	mpi-gpu	patoh	w400	1	2.898754	0.009342464	0.286	ok
Freescale2	mpi-gpu	patoh	w500	1	2.390386	0.003397514	0.347	ok
Freescale2	mpi-gpu	patoh	w600	1	2.051583	0.003109365	0.404	ok
Freescale2	mpi-gpu	patoh	w700	1	1.844433	0.003348597	0.449	ok
Freescale2	mpi-gpu	patoh	w800	1	1.802191	0.01083128	0.46	ok
Freescale2	mpi-gpu	patoh	w900	1	1.780651	0.003319426	0.465	ok
Hamrle3	cpu	-	-	8	19.124986	70.69462	0.092	ok
Hamrle3	gpu	-	-	1	1.760048		1.0	ok
Hamrle3	gpu-dp	-	-	1	1.33052		1.323	ok
Hamrle3	gpu-pipelined	-	-	1	2.76492		0.637	ok
Hamrle3	hybrid-async	naive	w100	4	5.182377		0.34	ok
Hamrle3	hybrid-async	naive	w1000	4	2.546521		0.691	ok
Hamrle3	hybrid-async	naive	w1100	4	2.502988		0.703	ok
Hamrle3	hybrid-async	naive	w1200	4	2.467358		0.713	ok
Hamrle3	hybrid-async	naive	w2000	4	2.312013		0.761	ok
Hamrle3	hybrid-async	naive	w2720	4	2.23726		0.787	ok
Hamrle3	hybrid-async	naive	w400	4	3.18861		0.552	ok
Hamrle3	hybrid-async	naive	w500	4	2.966696		0.593	ok
Hamrle3	hybrid-async	naive	w600	4	2.82776		0.622	ok
Hamrle3	hybrid-async	naive	w700	4	2.724747		0.646	ok
Hamrle3	hybrid-async	naive	w800	4	2.6501		0.664	ok
Hamrle3	hybrid-async	naive	w900	4	2.592772		0.679	ok
Hamrle3	hybrid-async	patoh	w100	4	4.697086		0.375	ok
Hamrle3	hybrid-async	patoh	w1000	4	2.460468		0.715	ok
Hamrle3	hybrid-async	patoh	w1100	4	2.467257		0.713	ok
Hamrle3	hybrid-async	patoh	w1200	4	2.414925		0.729	ok
Hamrle3	hybrid-async	patoh	w2000	4	2.263841		0.777	ok
Hamrle3	hybrid-async	patoh	w2720	4	2.222083		0.792	ok
Hamrle3	hybrid-async	patoh	w400	4	2.862948		0.615	ok
Hamrle3	hybrid-async	patoh	w500	4	2.732611		0.644	ok
Hamrle3	hybrid-async	patoh	w600	4	2.633161		0.668	ok
Hamrle3	hybrid-async	patoh	w700	4	2.581718		0.682	ok
Hamrle3	hybrid-async	patoh	w800	4	2.565261		0.686	ok
Hamrle3	hybrid-async	patoh	w900	4	2.512176		0.701	ok
Hamrle3	hybrid-async-dp	naive	w100	4	4.643803		0.379	ok
Hamrle3	hybrid-async-dp	naive	w1000	4	2.111905		0.833	ok
Hamrle3	hybrid-async-dp	naive	w1100	4	2.064904		0.852	ok
Hamrle3	hybrid-async-dp	naive	w1200	4	2.036303		0.864	ok
Hamrle3	hybrid-async-dp	naive	w2000	4	1.879361		0.937	ok
Hamrle3	hybrid-async-dp	naive	w2720	4	1.808154		0.973	ok
Hamrle3	hybrid-async-dp	naive	w400	4	2.74316		0.642	ok
Hamrle3	hybrid-async-dp	naive	w500	4	2.524033		0.697	ok
Hamrle3	hybrid-async-dp	naive	w600	4	2.387353		0.737	ok
Hamrle3	hybrid-async-dp	naive	w700	4	2.291877		0.768	ok
Hamrle3	hybrid-async-dp	naive	w800	4	2.214454		0.795	ok
Hamrle3	hybrid-async-dp	naive	w900	4	2.155773		0.816	ok
Hamrle3	hybrid-async-dp	patoh	w100	4	4.306097		0.409	ok
Hamrle3	hybrid-async-dp	patoh	w1000	4	2.028971		0.867	ok
Hamrle3	hybrid-async-dp	patoh	w1100	4	2.03932		0.863	ok
Hamrle3	hybrid-async-dp	patoh	w1200	4	1.989274		0.885	ok
Hamrle3	hybrid-async-dp	patoh	w2000	4	1.839064		0.957	ok
Hamrle3	hybrid-async-dp	patoh	w2720	4	1.782673		0.987	ok
Hamrle3	hybrid-async-dp	patoh	w400	4	2.455792		0.717	ok
Hamrle3	hybrid-async-dp	patoh	w500	4	2.290741		0.768	ok
Hamrle3	hybrid-async-dp	patoh	w600	4	2.20313		0.799	ok
Hamrle3	hybrid-async-dp	patoh	w700	4	2.14378		0.821	ok
Hamrle3	hybrid-async-dp	patoh	w800	4	2.130053		0.826	ok
Hamrle3	hybrid-async-dp	patoh	w900	4	2.079311		0.846	ok
Hamrle3	hybrid-dist-dp	naive	w100	4	8.065324	130.2938	0.218	ok
Hamrle3	hybrid-dist-dp	naive	w1000	4	1.507118		1.168	ok
Hamrle3	hybrid-dist-dp	naive	w1100	4	1.500065		1.173	ok
Hamrle3	hybrid-dist-dp	naive	w1200	4	1.491307		1.18	ok
Hamrle3	hybrid-dist-dp	naive	w2000	4	1.446859		1.216	ok
Hamrle3	hybrid-dist-dp	naive	w2720	1	1.45108		1.213	ok
Hamrle3	hybrid-dist-dp	naive	w400	4	3.936898		0.447	ok
Hamrle3	hybrid-dist-dp	naive	w500	4	2.943639		0.598	ok
Hamrle3	hybrid-dist-dp	naive	w600	4	2.213034		0.795	ok
Hamrle3	hybrid-dist-dp	naive	w700	4	1.692089		1.04	ok
Hamrle3	hybrid-dist-dp	naive	w800	4	1.55638		1.131	ok
Hamrle3	hybrid-dist-dp	naive	w900	4	1.533476		1.148	ok
Hamrle3	hybrid-dist-dp	patoh	w100	4	6.669912		0.264	ok
Hamrle3	hybrid-dist-dp	patoh	w1000	4	1.545731		1.139	ok
Hamrle3	hybrid-dist-dp	patoh	w1100	4	1.545019		1.139	ok
Hamrle3	hybrid-dist-dp	patoh	w1200	4	1.535659		1.146	ok
Hamrle3	hybrid-dist-dp	patoh	w2000	4	1.511417		1.165	ok
Hamrle3	hybrid-dist-dp	patoh	w2720	2	1.486766		1.184	ok
Hamrle3	hybrid-dist-dp	patoh	w400	4	2.313178		0.761	ok
Hamrle3	hybrid-dist-dp	patoh	w500	4	1.74597		1.008	ok
Hamrle3	hybrid-dist-dp	patoh	w600	4	1.596459	76.07608	1.102	ok
Hamrle3	hybrid-dist-dp	patoh	w700	4	1.582915		1.112	ok
Hamrle3	hybrid-dist-dp	patoh	w800	4	1.578161		1.115	ok
Hamrle3	hybrid-dist-dp	patoh	w900	4	1.562857		1.126	ok
Hamrle3	hybrid-dist-pipelined	naive	w100	4	11.473264	89.17885	0.153	ok
Hamrle3	hybrid-dist-pipelined	naive	w1000	4	2.148102		0.819	ok
Hamrle3	hybrid-dist-pipelined	naive	w1100	4	2.143757		0.821	ok
Hamrle3	hybrid-dist-pipelined	naive	w1200	2	2.129469		0.827	ok
Hamrle3	hybrid-dist-pipelined	naive	w2000	2	2.105328		0.836	ok
Hamrle3	hybrid-dist-pipelined	naive	w2720	1	2.102012		0.837	ok
Hamrle3	hybrid-dist-pipelined	naive	w400	4	6.010884		0.293	ok
Hamrle3	hybrid-dist-pipelined	naive	w500	4	4.613531		0.381	ok
Hamrle3	hybrid-dist-pipelined	naive	w600	4	3.64057		0.483	ok
Hamrle3	hybrid-dist-pipelined	naive	w700	4	2.830257		0.622	ok
Hamrle3	hybrid-dist-pipelined	naive	w800	4	2.325566		0.757	ok
Hamrle3	hybrid-dist-pipelined	naive	w900	4	2.165132		0.813	ok
Hamrle3	hybrid-dist-pipelined	patoh	w100	4	9.609118		0.183	ok
Hamrle3	hybrid-dist-pipelined	patoh	w1000	2	2.216418		0.794	ok
Hamrle3	hybrid-dist-pipelined	patoh	w1100	2	2.217478		0.794	ok
Hamrle3	hybrid-dist-pipelined	patoh	w1200	2	2.200445		0.8	ok
Hamrle3	hybrid-dist-pipelined	patoh	w2000	1	2.175249		0.809	ok
Hamrle3	hybrid-dist-pipelined	patoh	w2720	1	2.152476		0.818	ok
Hamrle3	hybrid-dist-pipelined	patoh	w400	4	3.410866		0.516	ok
Hamrle3	hybrid-dist-pipelined	patoh	w500	4	2.666912		0.66	ok
Hamrle3	hybrid-dist-pipelined	patoh	w600	4	2.273151		0.774	ok
Hamrle3	hybrid-dist-pipelined	patoh	w700	4	2.255796		0.78	ok
Hamrle3	hybrid-dist-pipelined	patoh	w800	4	2.246763		0.783	ok
Hamrle3	hybrid-dist-pipelined	patoh	w900	4	2.239077		0.786	ok
Hamrle3	mpi	naive	w100	1	19.597546	731.6354	0.09	ok
Hamrle3	mpi	naive	w1000	1	20.205544		0.087	ok
Hamrle3	mpi	naive	w1100	1	20.26635	160.3646	0.087	ok
Hamrle3	mpi	naive	w1200	1	20.240511	114.1956	0.087	ok
Hamrle3	mpi	naive	w2000	1	20.080883	76.52936	0.088	ok
Hamrle3	mpi	naive	w2720	1	20.166648	237.6815	0.087	ok
Hamrle3	mpi	naive	w400	1	20.089285		0.088	ok
Hamrle3	mpi	naive	w500	1	20.337376	964.2504	0.087	ok
Hamrle3	mpi	naive	w600	1	20.243525	2.164363e+21	0.087	ok
Hamrle3	mpi	naive	w700	1	20.242856		0.087	ok
Hamrle3	mpi	naive	w800	1	20.264287	519.2224	0.087	ok
Hamrle3	mpi	naive	w900	1	20.355629		0.086	ok
Hamrle3	mpi	patoh	w100	1	18.941688	83.88029	0.093	ok
Hamrle3	mpi	patoh	w1000	1	20.749111	570.7464	0.085	ok
Hamrle3	mpi	patoh	w1100	1	20.591796	155.5075	0.085	ok
Hamrle3	mpi	patoh	w1200	1	20.72162	60.7484	0.085	ok
Hamrle3	mpi	patoh	w2000	1	20.498913	493.4886	0.086	ok
Hamrle3	mpi	patoh	w2720	1	20.507399	66.873	0.086	ok
Hamrle3	mpi	patoh	w400	1	20.877557	392.1193	0.084	ok
Hamrle3	mpi	patoh	w500	1	20.875102	115.8355	0.084	ok
Hamrle3	mpi	patoh	w600	1	20.725608		0.085	ok
Hamrle3	mpi	patoh	w700	1	20.86379	115.9205	0.084	ok
Hamrle3	mpi	patoh	w800	1	20.735375	615.0419	0.085	ok
Hamrle3	mpi	patoh	w900	1	20.800904		0.085	ok
Hamrle3	mpi-gpu	naive	w100	1	15.55377	67.61919	0.113	ok
Hamrle3	mpi-gpu	naive	w1000	1	4.469814		0.394	ok
Hamrle3	mpi-gpu	naive	w1100	1	4.24789		0.414	ok
Hamrle3	mpi-gpu	naive	w1200	1	4.104169		0.429	ok
Hamrle3	mpi-gpu	naive	w2000	1	3.688552		0.477	ok
Hamrle3	mpi-gpu	naive	w2720	1	3.644082		0.483	ok
Hamrle3	mpi-gpu	naive	w400	1	9.35794	243.7301	0.188	ok
Hamrle3	mpi-gpu	naive	w500	1	7.556446	101.8591	0.233	ok
Hamrle3	mpi-gpu	naive	w600	1	6.258559	89.49209	0.281	ok
Hamrle3	mpi-gpu	naive	w700	1	5.562787		0.316	ok
Hamrle3	mpi-gpu	naive	w800	1	5.115403		0.344	ok
Hamrle3	mpi-gpu	naive	w900	1	4.72614		0.372	ok
Hamrle3	mpi-gpu	patoh	w100	1	13.68154		0.129	ok
Hamrle3	mpi-gpu	patoh	w1000	1	3.994082		0.441	ok
Hamrle3	mpi-gpu	patoh	w1100	1	4.024999		0.437	ok
Hamrle3	mpi-gpu	patoh	w1200	1	3.949142		0.446	ok
Hamrle3	mpi-gpu	patoh	w2000	1	3.758714		0.468	ok
Hamrle3	mpi-gpu	patoh	w2720	1	3.743376		0.47	ok
Hamrle3	mpi-gpu	patoh	w400	1	6.594942		0.267	ok
Hamrle3	mpi-gpu	patoh	w500	1	5.607954		0.314	ok
Hamrle3	mpi-gpu	patoh	w600	1	4.885126		0.36	ok
Hamrle3	mpi-gpu	patoh	w700	1	4.532664		0.388	ok
Hamrle3	mpi-gpu	patoh	w800	1	4.400338	6482.762	0.4	ok
Hamrle3	mpi-gpu	patoh	w900	1	4.1876		0.42	ok
ML_Geer	cpu	-	-	8	21.357703	0.009860074	0.088	ok
ML_Geer	gpu	-	-	1	1.88411	0.009230208	1.0	ok
ML_Geer	gpu-dp	-	-	1	1.791001	0.01053933	1.052	ok
ML_Geer	gpu-pipelined	-	-	1	2.290206	0.008434724	0.823	ok
ML_Geer	hybrid-async	naive	w100	4	7.196534	0.01021589	0.262	ok
ML_Geer	hybrid-async	naive	w1000	4	1.73727	0.009272176	1.085	ok
ML_Geer	hybrid-async	naive	w1100	4	1.750477	0.009990879	1.076	ok
ML_Geer	hybrid-async	naive	w1200	2	1.744684	0.01066511	1.08	ok
ML_Geer	hybrid-async	naive	w2000	1	1.789635	0.01026519	1.053	ok
ML_Geer	hybrid-async	naive	w2720	1	1.809588	0.01010716	1.041	ok
ML_Geer	hybrid-async	naive	w400	4	3.074354	0.009201575	0.613	ok
ML_Geer	hybrid-async	naive	w500	4	2.594514	0.01037664	0.726	ok
ML_Geer	hybrid-async	naive	w600	4	2.227094	0.009356491	0.846	ok
ML_Geer	hybrid-async	naive	w700	4	1.989136	0.009174113	0.947	ok
ML_Geer	hybrid-async	naive	w800	4	1.801523	0.01115138	1.046	ok
ML_Geer	hybrid-async	naive	w900	4	1.72057	0.01080037	1.095	ok
ML_Geer	hybrid-async	patoh	w100	4	7.183239	0.01007467	0.262	ok
ML_Geer	hybrid-async	patoh	w1000	4	1.736469	0.008468635	1.085	ok
ML_Geer	hybrid-async	patoh	w1100	4	1.74688	0.00796096	1.079	ok
ML_Geer	hybrid-async	patoh	w1200	2	1.76394	0.00885301	1.068	ok
ML_Geer	hybrid-async	patoh	w2000	4	1.808706	0.00867271	1.042	ok
ML_Geer	hybrid-async	patoh	w2720	2	1.826345	0.01009445	1.032	ok
ML_Geer	hybrid-async	patoh	w400	4	3.026335	0.009517061	0.623	ok
ML_Geer	hybrid-async	patoh	w500	4	2.545956	0.009172606	0.74	ok
ML_Geer	hybrid-async	patoh	w600	4	2.232593	0.01015556	0.844	ok
ML_Geer	hybrid-async	patoh	w700	4	1.846249	0.01066153	1.021	ok
ML_Geer	hybrid-async	patoh	w800	4	1.809403	0.009741968	1.041	ok
ML_Geer	hybrid-async	patoh	w900	4	1.723037	0.009618942	1.093	ok
ML_Geer	hybrid-async-dp	naive	w100	4	7.235278	0.008824606	0.26	ok
ML_Geer	hybrid-async-dp	naive	w1000	4	1.640842	0.01021784	1.148	ok
ML_Geer	hybrid-async-dp	naive	w1100	4	1.657308	0.008874699	1.137	ok
ML_Geer	hybrid-async-dp	naive	w1200	2	1.675335	0.009431508	1.125	ok
ML_Geer	hybrid-async-dp	naive	w2000	2	1.712069	0.009534362	1.1	ok
ML_Geer	hybrid-async-dp	naive	w2720	2	1.725532	0.01004586	1.092	ok
ML_Geer	hybrid-async-dp	naive	w400	4	2.942787	0.01017798	0.64	ok
ML_Geer	hybrid-async-dp	naive	w500	4	2.481647	0.009612537	0.759	ok
ML_Geer	hybrid-async-dp	naive	w600	4	2.1416	0.0105102	0.88	ok
ML_Geer	hybrid-async-dp	naive	w700	4	1.898392	0.00835068	0.992	ok
ML_Geer	hybrid-async-dp	naive	w800	4	1.718077	0.01111144	1.097	ok
ML_Geer	hybrid-async-dp	naive	w900	4	1.632134	0.008827662	1.154	ok
ML_Geer	hybrid-async-dp	patoh	w100	4	7.127214	0.009795553	0.264	ok
ML_Geer	hybrid-async-dp	patoh	w1000	4	1.636491	0.00861937	1.151	ok
ML_Geer	hybrid-async-dp	patoh	w1100	4	1.655516	0.009995168	1.138	ok
ML_Geer	hybrid-async-dp	patoh	w1200	2	1.68111	0.01079072	1.121	ok
ML_Geer	hybrid-async-dp	patoh	w2000	4	1.723869	0.0102838	1.093	ok
ML_Geer	hybrid-async-dp	patoh	w2720	2	1.738119	0.009505679	1.084	ok
ML_Geer	hybrid-async-dp	patoh	w400	4	2.955503	0.008650971	0.637	ok
ML_Geer	hybrid-async-dp	patoh	w500	4	2.477408	0.008941172	0.761	ok
ML_Geer	hybrid-async-dp	patoh	w600	4	2.168335	0.009249842	0.869	ok
ML_Geer	hybrid-async-dp	patoh	w700	4	1.794898	0.01024185	1.05	ok
ML_Geer	hybrid-async-dp	patoh	w800	4	1.705655	0.009362088	1.105	ok
ML_Geer	hybrid-async-dp	patoh	w900	4	1.624646	0.009477538	1.16	ok
ML_Geer	hybrid-dist-dp	naive	w100	4	7.774721	0.008102065	0.242	ok
ML_Geer	hybrid-dist-dp	naive	w1000	4	1.669736	0.008977387	1.128	ok
ML_Geer	hybrid-dist-dp	naive	w1100	2	1.670706	0.009439338	1.128	ok
ML_Geer	hybrid-dist-dp	naive	w1200	4	1.684561	0.008995635	1.118	ok
ML_Geer	hybrid-dist-dp	naive	w2000	2	1.725955	0.009042242	1.092	ok
ML_Geer	hybrid-dist-dp	naive	w2720	1	1.751276	0.008307283	1.076	ok
ML_Geer	hybrid-dist-dp	naive	w400	4	2.759544	0.008965028	0.683	ok
ML_Geer	hybrid-dist-dp	naive	w500	4	2.283422	0.01004586	0.825	ok
ML_Geer	hybrid-dist-dp	naive	w600	4	1.951556	0.008448404	0.965	ok
ML_Geer	hybrid-dist-dp	naive	w700	4	1.696767	0.009666926	1.11	ok
ML_Geer	hybrid-dist-dp	naive	w800	4	1.631206	0.008779308	1.155	ok
ML_Geer	hybrid-dist-dp	naive	w900	4	1.6433	0.01073987	1.147	ok
ML_Geer	hybrid-dist-dp	patoh	w100	4	7.736485	0.009790877	0.244	ok
ML_Geer	hybrid-dist-dp	patoh	w1000	2	1.664881	0.008923595	1.132	ok
ML_Geer	hybrid-dist-dp	patoh	w1100	2	1.673118	0.0105647	1.126	ok
ML_Geer	hybrid-dist-dp	patoh	w1200	2	1.690698	0.008854529	1.114	ok
ML_Geer	hybrid-dist-dp	patoh	w2000	2	1.741549	0.01011579	1.082	ok
ML_Geer	hybrid-dist-dp	patoh	w2720	4	1.766663	0.008105363	1.066	ok
ML_Geer	hybrid-dist-dp	patoh	w400	4	2.757329	0.01098645	0.683	ok
ML_Geer	hybrid-dist-dp	patoh	w500	4	2.288859	0.01023419	0.823	ok
ML_Geer	hybrid-dist-dp	patoh	w600	4	1.986142	0.009728606	0.949	ok
ML_Geer	hybrid-dist-dp	patoh	w700	4	1.649907	0.01124334	1.142	ok
ML_Geer	hybrid-dist-dp	patoh	w800	4	1.645331	0.0101099	1.145	ok
ML_Geer	hybrid-dist-dp	patoh	w900	4	1.671305	0.008557367	1.127	ok
ML_Geer	hybrid-dist-pipelined	naive	w100	4	9.192022	0.01121517	0.205	ok
ML_Geer	hybrid-dist-pipelined	naive	w1000	4	1.997341	0.008864352	0.943	ok
ML_Geer	hybrid-dist-pipelined	naive	w1100	2	2.004559	0.009865519	0.94	ok
ML_Geer	hybrid-dist-pipelined	naive	w1200	4	2.021068	0.01012811	0.932	ok
ML_Geer	hybrid-dist-pipelined	naive	w2000	2	2.0682	0.01008285	0.911	ok
ML_Geer	hybrid-dist-pipelined	naive	w2720	2	2.088896	0.009991418	0.902	ok
ML_Geer	hybrid-dist-pipelined	naive	w400	4	3.425652	0.009677235	0.55	ok
ML_Geer	hybrid-dist-pipelined	naive	w500	4	2.699682	0.007888616	0.698	ok
ML_Geer	hybrid-dist-pipelined	naive	w600	4	2.33111	0.009936946	0.808	ok
ML_Geer	hybrid-dist-pipelined	naive	w700	4	2.09573	0.01050154	0.899	ok
ML_Geer	hybrid-dist-pipelined	naive	w800	4	1.969156	0.009788837	0.957	ok
ML_Geer	hybrid-dist-pipelined	naive	w900	4	1.980373	0.01048574	0.951	ok
ML_Geer	hybrid-dist-pipelined	patoh	w100	4	9.187842	0.00925154	0.205	ok
ML_Geer	hybrid-dist-pipelined	patoh	w1000	4	1.992251	0.01043369	0.946	ok
ML_Geer	hybrid-dist-pipelined	patoh	w1100	2	2.013877	0.01107536	0.936	ok
ML_Geer	hybrid-dist-pipelined	patoh	w1200	2	2.02091	0.008965585	0.932	ok
ML_Geer	hybrid-dist-pipelined	patoh	w2000	4	2.085172	0.01070083	0.904	ok
ML_Geer	hybrid-dist-pipelined	patoh	w2720	2	2.109335	0.01006067	0.893	ok
ML_Geer	hybrid-dist-pipelined	patoh	w400	4	3.456534	0.00933582	0.545	ok
ML_Geer	hybrid-dist-pipelined	patoh	w500	4	2.854574	0.01093886	0.66	ok
ML_Geer	hybrid-dist-pipelined	patoh	w600	4	2.365065	0.01020951	0.797	ok
ML_Geer	hybrid-dist-pipelined	patoh	w700	4	1.979335	0.007624348	0.952	ok
ML_Geer	hybrid-dist-pipelined	patoh	w800	4	1.962836	0.01025895	0.96	ok
ML_Geer	hybrid-dist-pipelined	patoh	w900	2	1.978045	0.009918999	0.953	ok
ML_Geer	mpi	naive	w100	1	15.725476	0.008976979	0.12	ok
ML_Geer	mpi	naive	w1000	1	22.543287	0.008492069	0.084	ok
ML_Geer	mpi	naive	w1100	1	22.597043	0.01053408	0.083	ok
ML_Geer	mpi	naive	w1200	1	22.754902	0.01021013	0.083	ok
ML_Geer	mpi	naive	w2000	1	23.243933	0.008982855	0.081	ok
ML_Geer	mpi	naive	w2720	1	23.464611	0.008923622	0.08	ok
ML_Geer	mpi	naive	w400	1	20.722507	0.01513432	0.091	ok
ML_Geer	mpi	naive	w500	1	21.378167	0.01014784	0.088	ok
ML_Geer	mpi	naive	w600	1	21.725749	0.01007677	0.087	ok
ML_Geer	mpi	naive	w700	1	22.00457	0.009611554	0.086	ok
ML_Geer	mpi	naive	w800	1	22.217164	0.009006562	0.085	ok
ML_Geer	mpi	naive	w900	1	22.477038	0.01003591	0.084	ok
ML_Geer	mpi	patoh	w100	1	15.526239	0.01022855	0.121	ok
ML_Geer	mpi	patoh	w1000	1	22.588877	0.01039705	0.083	ok
ML_Geer	mpi	patoh	w1100	1	22.707093	0.009743186	0.083	ok
ML_Geer	mpi	patoh	w1200	1	22.903077	0.01055943	0.082	ok
ML_Geer	mpi	patoh	w2000	1	23.466475	0.00936682	0.08	ok
ML_Geer	mpi	patoh	w2720	1	23.63704	0.009634564	0.08	ok
ML_Geer	mpi	patoh	w400	1	20.722454	0.01059861	0.091	ok
ML_Geer	mpi	patoh	w500	1	21.319597	0.01082234	0.088	ok
ML_Geer	mpi	patoh	w600	1	21.656695	0.009404492	0.087	ok
ML_Geer	mpi	patoh	w700	1	22.102704	0.01109035	0.085	ok
ML_Geer	mpi	patoh	w800	1	22.234673	0.009554316	0.085	ok
ML_Geer	mpi	patoh	w900	1	22.49596	0.009823534	0.084	ok
ML_Geer	mpi-gpu	naive	w100	1	12.023205	0.008650003	0.157	ok
ML_Geer	mpi-gpu	naive	w1000	1	2.472455	0.01024962	0.762	ok
ML_Geer	mpi-gpu	naive	w1100	1	2.175834	0.009417705	0.866	ok
ML_Geer	mpi-gpu	naive	w1200	1	1.983666	0.01044059	0.95	ok
ML_Geer	mpi-gpu	naive	w2000	1	1.940782	0.008401887	0.971	ok
ML_Geer	mpi-gpu	naive	w2720	1	1.959913	0.009056483	0.961	ok
ML_Geer	mpi-gpu	naive	w400	1	4.811552	0.009858627	0.392	ok
ML_Geer	mpi-gpu	naive	w500	1	4.023779	0.007701531	0.468	ok
ML_Geer	mpi-gpu	naive	w600	1	3.465314	0.009466915	0.544	ok
ML_Geer	mpi-gpu	naive	w700	1	3.063656	0.007245515	0.615	ok
ML_Geer	mpi-gpu	naive	w800	1	2.72654	0.009885326	0.691	ok
ML_Geer	mpi-gpu	naive	w900	1	2.478411	0.008376596	0.76	ok
ML_Geer	mpi-gpu	patoh	w100	1	11.99436	0.008785377	0.157	ok
ML_Geer	mpi-gpu	patoh	w1000	1	2.311559	0.01046772	0.815	ok
ML_Geer	mpi-gpu	patoh	w1100	1	2.09584	0.009234651	0.899	ok
ML_Geer	mpi-gpu	patoh	w1200	1	1.909347	0.01004729	0.987	ok
ML_Geer	mpi-gpu	patoh	w2000	1	1.951638	0.009616663	0.965	ok
ML_Geer	mpi-gpu	patoh	w2720	1	1.946526	0.009241333	0.968	ok
ML_Geer	mpi-gpu	patoh	w400	1	4.798579	0.01093736	0.393	ok
ML_Geer	mpi-gpu	patoh	w500	1	4.017107	0.008807674	0.469	ok
ML_Geer	mpi-gpu	patoh	w600	1	3.506807	0.009318775	0.537	ok
ML_Geer	mpi-gpu	patoh	w700	1	2.855778	0.008519587	0.66	ok
ML_Geer	mpi-gpu	patoh	w800	1	2.730596	0.009047275	0.69	ok
ML_Geer	mpi-gpu	patoh	w900	1	2.399882	0.01104256	0.785	ok
RM07R	cpu	-	-	8	7.575442	1.201902	0.084	ok
RM07R	gpu	-	-	1	0.638059		1.0	ok
RM07R	gpu-dp	-	-	1	0.612538		1.042	ok
RM07R	gpu-pipelined	-	-	1	0.771641		0.827	ok
RM07R	hybrid-async	naive	w100	4	2.311636		0.276	ok
RM07R	hybrid-async	naive	w1000	4	0.592504		1.077	ok
RM07R	hybrid-async	naive	w1100	2	0.589894	0.7627554	1.082	ok
RM07R	hybrid-async	naive	w1200	2	0.596015		1.071	ok
RM07R	hybrid-async	naive	w2000	1	0.609534		1.047	ok
RM07R	hybrid-async	naive	w2720	1	0.616239		1.035	ok
RM07R	hybrid-async	naive	w400	4	0.895964	0.7121777	0.712	ok
RM07R	hybrid-async	naive	w500	4	0.728089	0.6677199	0.876	ok
RM07R	hybrid-async	naive	w600	4	0.601176	0.6300985	1.061	ok
RM07R	hybrid-async	naive	w700	4	0.569512	0.6499195	1.12	ok
RM07R	hybrid-async	naive	w800	4	0.573716		1.112	ok
RM07R	hybrid-async	naive	w900	2	0.579298		1.101	ok
RM07R	hybrid-async	patoh	w100	4	2.31322		0.276	ok
RM07R	hybrid-async	patoh	w1000	2	0.585774	0.8298578	1.089	ok
RM07R	hybrid-async	patoh	w1100	4	0.588359		1.084	ok
RM07R	hybrid-async	patoh	w1200	4	0.589084	0.6802564	1.083	ok
RM07R	hybrid-async	patoh	w2000	1	0.605957		1.053	ok
RM07R	hybrid-async	patoh	w2720	1	0.614792		1.038	ok
RM07R	hybrid-async	patoh	w400	4	0.897455		0.711	ok
RM07R	hybrid-async	patoh	w500	4	0.758396	17.01812	0.841	ok
RM07R	hybrid-async	patoh	w600	4	0.607787	0.7203563	1.05	ok
RM07R	hybrid-async	patoh	w700	4	0.573584		1.112	ok
RM07R	hybrid-async	patoh	w800	4	0.57691	0.6373822	1.106	ok
RM07R	hybrid-async	patoh	w900	4	0.579762	0.5829232	1.101	ok
RM07R	hybrid-async-dp	naive	w100	4	2.274757		0.28	ok
RM07R	hybrid-async-dp	naive	w1000	2	0.564914	0.7416336	1.129	ok
RM07R	hybrid-async-dp	naive	w1100	2	0.567343	0.5723249	1.125	ok
RM07R	hybrid-async-dp	naive	w1200	4	0.567769		1.124	ok
RM07R	hybrid-async-dp	naive	w2000	4	0.587851	0.6472522	1.085	ok
RM07R	hybrid-async-dp	naive	w2720	4	0.590615		1.08	ok
RM07R	hybrid-async-dp	naive	w400	4	0.884101	0.6948329	0.722	ok
RM07R	hybrid-async-dp	naive	w500	4	0.717355	0.8431226	0.889	ok
RM07R	hybrid-async-dp	naive	w600	4	0.56005		1.139	ok
RM07R	hybrid-async-dp	naive	w700	4	0.54342		1.174	ok
RM07R	hybrid-async-dp	naive	w800	4	0.552342		1.155	ok
RM07R	hybrid-async-dp	naive	w900	4	0.556654		1.146	ok
RM07R	hybrid-async-dp	patoh	w100	4	2.268799	0.731063	0.281	ok
RM07R	hybrid-async-dp	patoh	w1000	2	0.557563		1.144	ok
RM07R	hybrid-async-dp	patoh	w1100	4	0.564448	1.129785	1.13	ok
RM07R	hybrid-async-dp	patoh	w1200	4	0.5642	0.8147012	1.131	ok
RM07R	hybrid-async-dp	patoh	w2000	2	0.579688		1.101	ok
RM07R	hybrid-async-dp	patoh	w2720	2	0.58747	0.6230171	1.086	ok
RM07R	hybrid-async-dp	patoh	w400	4	0.884418		0.721	ok
RM07R	hybrid-async-dp	patoh	w500	4	0.734428		0.869	ok
RM07R	hybrid-async-dp	patoh	w600	4	0.582168	0.8014877	1.096	ok
RM07R	hybrid-async-dp	patoh	w700	4	0.539119		1.184	ok
RM07R	hybrid-async-dp	patoh	w800	4	0.550509	1.376372	1.159	ok
RM07R	hybrid-async-dp	patoh	w900	2	0.555799	1.610558	1.148	ok
RM07R	hybrid-dist-dp	naive	w100	4	2.206979	0.3352975	0.289	ok
RM07R	hybrid-dist-dp	naive	w1000	4	0.578868	0.2566459	1.102	ok
RM07R	hybrid-dist-dp	naive	w1100	4	0.577508	2.930462	1.105	ok
RM07R	hybrid-dist-dp	naive	w1200	4	0.585226	0.7804494	1.09	ok
RM07R	hybrid-dist-dp	naive	w2000	1	0.596152		1.07	ok
RM07R	hybrid-dist-dp	naive	w2720	4	0.610414	0.9396335	1.045	ok
RM07R	hybrid-dist-dp	naive	w400	4	0.806199	0.2200663	0.791	ok
RM07R	hybrid-dist-dp	naive	w500	4	0.615775	0.1848586	1.036	ok
RM07R	hybrid-dist-dp	naive	w600	4	0.562051	0.717045	1.135	ok
RM07R	hybrid-dist-dp	naive	w700	4	0.563298	2.888337	1.133	ok
RM07R	hybrid-dist-dp	naive	w800	2	0.571094	0.756895	1.117	ok
RM07R	hybrid-dist-dp	naive	w900	2	0.573941	1.144814	1.112	ok
RM07R	hybrid-dist-dp	patoh	w100	4	2.322903	0.3321693	0.275	ok
RM07R	hybrid-dist-dp	patoh	w1000	4	0.625743	0.835348	1.02	ok
RM07R	hybrid-dist-dp	patoh	w1100	4	0.63581	0.773058	1.004	ok
RM07R	hybrid-dist-dp	patoh	w1200	4	0.630084	0.5667246	1.013	ok
RM07R	hybrid-dist-dp	patoh	w2000	4	0.632205	0.507751	1.009	ok
RM07R	hybrid-dist-dp	patoh	w2720	4	0.636473	3.02567	1.002	ok
RM07R	hybrid-dist-dp	patoh	w400	4	0.890434	17.64738	0.717	ok
RM07R	hybrid-dist-dp	patoh	w500	4	0.69506	0.1849017	0.918	ok
RM07R	hybrid-dist-dp	patoh	w600	4	0.602105	1.275272	1.06	ok
RM07R	hybrid-dist-dp	patoh	w700	4	0.610087	0.667938	1.046	ok
RM07R	hybrid-dist-dp	patoh	w800	4	0.620833	0.6618023	1.028	ok
RM07R	hybrid-dist-dp	patoh	w900	4	0.624614	0.965367	1.022	ok
RM07R	hybrid-dist-pipelined	naive	w100	4	2.685585	0.177181	0.238	ok
RM07R	hybrid-dist-pipelined	naive	w1000	4	0.680922	0.4052486	0.937	ok
RM07R	hybrid-dist-pipelined	naive	w1100	4	0.685421	0.6616341	0.931	ok
RM07R	hybrid-dist-pipelined	naive	w1200	4	0.69596	0.1861894	0.917	ok
RM07R	hybrid-dist-pipelined	naive	w2000	2	0.705604	0.7467786	0.904	ok
RM07R	hybrid-dist-pipelined	naive	w2720	1	0.708036	0.6783944	0.901	ok
RM07R	hybrid-dist-pipelined	naive	w400	4	0.960205	0.1985625	0.665	ok
RM07R	hybrid-dist-pipelined	naive	w500	4	0.76252	1.03023	0.837	ok
RM07R	hybrid-dist-pipelined	naive	w600	4	0.660081	0.4553363	0.967	ok
RM07R	hybrid-dist-pipelined	naive	w700	4	0.663514	0.2259699	0.962	ok
RM07R	hybrid-dist-pipelined	naive	w800	4	0.677102	0.3761065	0.942	ok
RM07R	hybrid-dist-pipelined	naive	w900	4	0.683163	5.675979	0.934	ok
RM07R	hybrid-dist-pipelined	patoh	w100	4	2.761523	0.1927581	0.231	ok
RM07R	hybrid-dist-pipelined	patoh	w1000	4	0.728337	0.3155175	0.876	ok
RM07R	hybrid-dist-pipelined	patoh	w1100	4	0.71484	0.2671743	0.893	ok
RM07R	hybrid-dist-pipelined	patoh	w1200	4	0.719661	0.2132695	0.887	ok
RM07R	hybrid-dist-pipelined	patoh	w2000	4	0.720335		0.886	ok
RM07R	hybrid-dist-pipelined	patoh	w2720	4	0.725554	2.893528	0.879	ok
RM07R	hybrid-dist-pipelined	patoh	w400	4	1.048648	0.8106352	0.608	ok
RM07R	hybrid-dist-pipelined	patoh	w500	4	0.860355	0.2408261	0.742	ok
RM07R	hybrid-dist-pipelined	patoh	w600	4	0.721754		0.884	ok
RM07R	hybrid-dist-pipelined	patoh	w700	4	0.692721	0.9240874	0.921	ok
RM07R	hybrid-dist-pipelined	patoh	w800	4	0.706984	0.7060008	0.903	ok
RM07R	hybrid-dist-pipelined	patoh	w900	4	0.699537	0.7689089	0.912	ok
RM07R	mpi	naive	w100	1	5.027165	0.2259129	0.127	ok
RM07R	mpi	naive	w1000	1	7.560499	0.2788816	0.084	ok
RM07R	mpi	naive	w1100	1	7.629954	0.3924304	0.084	ok
RM07R	mpi	naive	w1200	1	7.656601	0.1856318	0.083	ok
RM07R	mpi	naive	w2000	1	7.834125	0.459828	0.081	ok
RM07R	mpi	naive	w2720	1	7.912712	0.2343563	0.081	ok
RM07R	mpi	naive	w400	1	6.913673	0.2017716	0.092	ok
RM07R	mpi	naive	w500	1	7.09213	0.3452128	0.09	ok
RM07R	mpi	naive	w600	1	7.25838	0.434357	0.088	ok
RM07R	mpi	naive	w700	1	7.348992	0.2238643	0.087	ok
RM07R	mpi	naive	w800	1	7.450758	0.1678625	0.086	ok
RM07R	mpi	naive	w900	1	7.528935	0.2034873	0.085	ok
RM07R	mpi	patoh	w100	1	4.980703	0.2515062	0.128	ok
RM07R	mpi	patoh	w1000	1	7.387579	0.1851614	0.086	ok
RM07R	mpi	patoh	w1100	1	7.444381	2.771555	0.086	ok
RM07R	mpi	patoh	w1200	1	7.476868	0.2192939	0.085	ok
RM07R	mpi	patoh	w2000	1	7.643962	0.3258048	0.083	ok
RM07R	mpi	patoh	w2720	1	7.72113	0.2724539	0.083	ok
RM07R	mpi	patoh	w400	1	6.872106	0.1925714	0.093	ok
RM07R	mpi	patoh	w500	1	6.93395	6.278553	0.092	ok
RM07R	mpi	patoh	w600	1	7.091444	0.3272565	0.09	ok
RM07R	mpi	patoh	w700	1	7.197104	0.3777402	0.089	ok
RM07R	mpi	patoh	w800	1	7.270151	0.2633627	0.088	ok
RM07R	mpi	patoh	w900	1	7.349411	0.1986909	0.087	ok
RM07R	mpi-gpu	naive	w100	1	4.049316	0.1600502	0.158	ok
RM07R	mpi-gpu	naive	w1000	1	0.77507	0.3233662	0.823	ok
RM07R	mpi-gpu	naive	w1100	1	0.67778	0.2262033	0.941	ok
RM07R	mpi-gpu	naive	w1200	1	0.619734	1.154826	1.03	ok
RM07R	mpi-gpu	naive	w2000	1	0.619381	0.188857	1.03	ok
RM07R	mpi-gpu	naive	w2720	1	0.61914		1.031	ok
RM07R	mpi-gpu	naive	w400	1	1.658389	1.018637	0.385	ok
RM07R	mpi-gpu	naive	w500	1	1.362641	0.2161679	0.468	ok
RM07R	mpi-gpu	naive	w600	1	1.181418	0.8152763	0.54	ok
RM07R	mpi-gpu	naive	w700	1	1.080789	0.723634	0.59	ok
RM07R	mpi-gpu	naive	w800	1	0.92633	0.2005721	0.689	ok
RM07R	mpi-gpu	naive	w900	1	0.829008	1.044117	0.77	ok
RM07R	mpi-gpu	patoh	w100	1	4.119961	0.2040489	0.155	ok
RM07R	mpi-gpu	patoh	w1000	1	0.776497	0.3077498	0.822	ok
RM07R	mpi-gpu	patoh	w1100	1	0.745554	0.7930855	0.856	ok
RM07R	mpi-gpu	patoh	w1200	1	0.664717	0.483884	0.96	ok
RM07R	mpi-gpu	patoh	w2000	1	0.622407		1.025	ok
RM07R	mpi-gpu	patoh	w2720	1	0.622026	0.7579706	1.026	ok
RM07R	mpi-gpu	patoh	w400	1	1.707242	3.367617	0.374	ok
RM07R	mpi-gpu	patoh	w500	1	1.50877	0.4801951	0.423	ok
RM07R	mpi-gpu	patoh	w600	1	1.224231	0.4777233	0.521	ok
RM07R	mpi-gpu	patoh	w700	1	1.088466	0.2043184	0.586	ok
RM07R	mpi-gpu	patoh	w800	1	1.000131	0.786392	0.638	ok
RM07R	mpi-gpu	patoh	w900	1	0.840361	2.860155	0.759	ok
Transport	cpu	-	-	8	7.468851	0.000121572	0.086	ok
Transport	gpu	-	-	1	0.643907	0.001630993	1.0	ok
Transport	gpu-dp	-	-	1	0.545554	0.000105497	1.18	ok
Transport	gpu-pipelined	-	-	1	0.893703	0.0001202657	0.72	ok
Transport	hybrid-async	naive	w100	4	2.065763	0.0001107921	0.312	ok
Transport	hybrid-async	naive	w1000	4	0.612761	0.0001289331	1.051	ok
Transport	hybrid-async	naive	w1100	4	0.610906	0.0001054914	1.054	ok
Transport	hybrid-async	naive	w1200	4	0.617392	0.00010665	1.043	ok
Transport	hybrid-async	naive	w2000	2	0.625427	0.0001040496	1.03	ok
Transport	hybrid-async	naive	w2720	4	0.626879	0.000103096	1.027	ok
Transport	hybrid-async	naive	w400	4	0.953171	0.0001068929	0.676	ok
Transport	hybrid-async	naive	w500	4	0.84848	0.0001186151	0.759	ok
Transport	hybrid-async	naive	w600	4	0.756586	0.0001043264	0.851	ok
Transport	hybrid-async	naive	w700	4	0.674934	0.000139928	0.954	ok
Transport	hybrid-async	naive	w800	4	0.646105	0.0001182662	0.997	ok
Transport	hybrid-async	naive	w900	4	0.623506	0.0001301346	1.033	ok
Transport	hybrid-async	patoh	w100	4	2.066257	0.000104019	0.312	ok
Transport	hybrid-async	patoh	w1000	4	0.62224	0.0001234556	1.035	ok
Transport	hybrid-async	patoh	w1100	4	0.610086	0.0001238649	1.055	ok
Transport	hybrid-async	patoh	w1200	4	0.612267	0.0001114613	1.052	ok
Transport	hybrid-async	patoh	w2000	2	0.62381	0.0001107141	1.032	ok
Transport	hybrid-async	patoh	w2720	4	0.63035	0.0001025571	1.022	ok
Transport	hybrid-async	patoh	w400	4	0.972156	0.0001304877	0.662	ok
Transport	hybrid-async	patoh	w500	4	0.842526	0.0001121582	0.764	ok
Transport	hybrid-async	patoh	w600	4	0.75109	0.0001039982	0.857	ok
Transport	hybrid-async	patoh	w700	4	0.691451	0.0001088899	0.931	ok
Transport	hybrid-async	patoh	w800	4	0.632127	0.0001039276	1.019	ok
Transport	hybrid-async	patoh	w900	4	0.609444	0.0001237348	1.057	ok
Transport	hybrid-async-dp	naive	w100	4	1.942929	0.0001230516	0.331	ok
Transport	hybrid-async-dp	naive	w1000	4	0.513421	0.0001020851	1.254	ok
Transport	hybrid-async-dp	naive	w1100	4	0.513503	0.000102882	1.254	ok
Transport	hybrid-async-dp	naive	w1200	4	0.518517	0.0001076955	1.242	ok
Transport	hybrid-async-dp	naive	w2000	2	0.528401	0.0001081545	1.219	ok
Transport	hybrid-async-dp	naive	w2720	1	0.5331	0.0001116243	1.208	ok
Transport	hybrid-async-dp	naive	w400	4	0.858373	0.0001198927	0.75	ok
Transport	hybrid-async-dp	naive	w500	4	0.738355	0.0001246679	0.872	ok
Transport	hybrid-async-dp	naive	w600	4	0.64247	0.0001227368	1.002	ok
Transport	hybrid-async-dp	naive	w700	4	0.584612	0.000120092	1.101	ok
Transport	hybrid-async-dp	naive	w800	4	0.517084	0.00010936	1.245	ok
Transport	hybrid-async-dp	naive	w900	4	0.514818	0.0001054729	1.251	ok
Transport	hybrid-async-dp	patoh	w100	4	1.965712	0.000115559	0.328	ok
Transport	hybrid-async-dp	patoh	w1000	4	0.515748	0.0001238342	1.248	ok
Transport	hybrid-async-dp	patoh	w1100	4	0.519315	0.0001342395	1.24	ok
Transport	hybrid-async-dp	patoh	w1200	4	0.518174	0.0001015955	1.243	ok
Transport	hybrid-async-dp	patoh	w2000	2	0.527621	0.0001010957	1.22	ok
Transport	hybrid-async-dp	patoh	w2720	2	0.536408	0.0001106068	1.2	ok
Transport	hybrid-async-dp	patoh	w400	4	0.885672	0.0001150544	0.727	ok
Transport	hybrid-async-dp	patoh	w500	4	0.745153	0.0001009378	0.864	ok
Transport	hybrid-async-dp	patoh	w600	4	0.646742	0.0001044574	0.996	ok
Transport	hybrid-async-dp	patoh	w700	4	0.587636	0.0001176516	1.096	ok
Transport	hybrid-async-dp	patoh	w800	4	0.543413	0.0001126122	1.185	ok
Transport	hybrid-async-dp	patoh	w900	4	0.514239	0.0001159414	1.252	ok
Transport	hybrid-dist-dp	naive	w100	4	2.339911	0.0001036304	0.275	ok
Transport	hybrid-dist-dp	naive	w1000	4	0.540603	0.0001080123	1.191	ok
Transport	hybrid-dist-dp	naive	w1100	1	0.5415	0.0001088566	1.189	ok
Transport	hybrid-dist-dp	naive	w1200	2	0.542659	0.0001172072	1.187	ok
Transport	hybrid-dist-dp	naive	w2000	4	0.555993	0.0001079231	1.158	ok
Transport	hybrid-dist-dp	naive	w2720	1	0.56406	0.0001376106	1.142	ok
Transport	hybrid-dist-dp	naive	w400	4	0.716262	0.0001041779	0.899	ok
Transport	hybrid-dist-dp	naive	w500	4	0.590235	0.0001063511	1.091	ok
Transport	hybrid-dist-dp	naive	w600	4	0.529503	0.000102504	1.216	ok
Transport	hybrid-dist-dp	naive	w700	4	0.533755	0.0001027003	1.206	ok
Transport	hybrid-dist-dp	naive	w800	4	0.537425	0.000117225	1.198	ok
Transport	hybrid-dist-dp	naive	w900	4	0.539217	0.0001152635	1.194	ok
Transport	hybrid-dist-dp	patoh	w100	4	2.350165	0.0001126023	0.274	ok
Transport	hybrid-dist-dp	patoh	w1000	4	0.535101	0.0001253444	1.203	ok
Transport	hybrid-dist-dp	patoh	w1100	4	0.537187	0.0001056823	1.199	ok
Transport	hybrid-dist-dp	patoh	w1200	4	0.536541	0.0001206342	1.2	ok
Transport	hybrid-dist-dp	patoh	w2000	4	0.553099	0.0001209436	1.164	ok
Transport	hybrid-dist-dp	patoh	w2720	1	0.565922	9.567241e-05	1.138	ok
Transport	hybrid-dist-dp	patoh	w400	4	0.724436	0.0001144655	0.889	ok
Transport	hybrid-dist-dp	patoh	w500	4	0.589155	0.0001074903	1.093	ok
Transport	hybrid-dist-dp	patoh	w600	4	0.526632	0.0001214767	1.223	ok
Transport	hybrid-dist-dp	patoh	w700	4	0.526139	9.986294e-05	1.224	ok
Transport	hybrid-dist-dp	patoh	w800	2	0.531958	0.0001116405	1.21	ok
Transport	hybrid-dist-dp	patoh	w900	2	0.535663	0.0001129499	1.202	ok
Transport	hybrid-dist-pipelined	naive	w100	4	3.086798	0.0001093412	0.209	ok
Transport	hybrid-dist-pipelined	naive	w1000	4	0.711757	0.0001198935	0.905	ok
Transport	hybrid-dist-pipelined	naive	w1100	4	0.709999	0.0001124837	0.907	ok
Transport	hybrid-dist-pipelined	naive	w1200	2	0.711021	0.000128748	0.906	ok
Transport	hybrid-dist-pipelined	naive	w2000	2	0.729216	0.0001159207	0.883	ok
Transport	hybrid-dist-pipelined	naive	w2720	4	0.735639	0.0001017132	0.875	ok
Transport	hybrid-dist-pipelined	naive	w400	4	0.995955	0.0001219054	0.647	ok
Transport	hybrid-dist-pipelined	naive	w500	4	0.846208	0.0001040064	0.761	ok
Transport	hybrid-dist-pipelined	naive	w600	4	0.71149	0.0001195734	0.905	ok
Transport	hybrid-dist-pipelined	naive	w700	4	0.700022	0.0001145747	0.92	ok
Transport	hybrid-dist-pipelined	naive	w800	4	0.704089	0.0001122977	0.915	ok
Transport	hybrid-dist-pipelined	naive	w900	2	0.710786	0.0001203788	0.906	ok
Transport	hybrid-dist-pipelined	patoh	w100	4	3.094781	0.0001040838	0.208	ok
Transport	hybrid-dist-pipelined	patoh	w1000	4	0.701396	0.0001079824	0.918	ok
Transport	hybrid-dist-pipelined	patoh	w1100	4	0.707072	0.0001096576	0.911	ok
Transport	hybrid-dist-pipelined	patoh	w1200	2	0.709802	0.0001184926	0.907	ok
Transport	hybrid-dist-pipelined	patoh	w2000	2	0.721254	0.0001141452	0.893	ok
Transport	hybrid-dist-pipelined	patoh	w2720	2	0.736706	0.0001445488	0.874	ok
Transport	hybrid-dist-pipelined	patoh	w400	4	1.008551	0.0001140301	0.638	ok
Transport	hybrid-dist-pipelined	patoh	w500	4	0.824533	0.0001219525	0.781	ok
Transport	hybrid-dist-pipelined	patoh	w600	4	0.712013	0.0001122626	0.904	ok
Transport	hybrid-dist-pipelined	patoh	w700	4	0.697258	0.0001046532	0.923	ok
Transport	hybrid-dist-pipelined	patoh	w800	2	0.700314	0.00011554	0.919	ok
Transport	hybrid-dist-pipelined	patoh	w900	4	0.702897	0.0001312875	0.916	ok
Transport	mpi	naive	w100	1	5.673871	0.0001288031	0.113	ok
Transport	mpi	naive	w1000	1	7.443725	0.0001176617	0.087	ok
Transport	mpi	naive	w1100	1	7.524471	0.0001006983	0.086	ok
Transport	mpi	naive	w1200	1	7.562942	0.000112057	0.085	ok
Transport	mpi	naive	w2000	1	7.62158	0.0001062546	0.084	ok
Transport	mpi	naive	w2720	1	7.596558	0.0001175918	0.085	ok
Transport	mpi	naive	w400	1	6.968254	9.994962e-05	0.092	ok
Transport	mpi	naive	w500	1	7.165511	0.0001084707	0.09	ok
Transport	mpi	naive	w600	1	7.253771	0.0001052553	0.089	ok
Transport	mpi	naive	w700	1	7.310609	0.0001026649	0.088	ok
Transport	mpi	naive	w800	1	7.37966	0.0001158004	0.087	ok
Transport	mpi	naive	w900	1	7.391504	0.0001160346	0.087	ok
Transport	mpi	patoh	w100	1	5.621438	0.0001166118	0.115	ok
Transport	mpi	patoh	w1000	1	7.426007	0.0001212608	0.087	ok
Transport	mpi	patoh	w1100	1	7.471261	0.0001159112	0.086	ok
Transport	mpi	patoh	w1200	1	7.541724	0.0001206788	0.085	ok
Transport	mpi	patoh	w2000	1	7.536599	0.0001119064	0.085	ok
Transport	mpi	patoh	w2720	1	7.696662	0.0001058375	0.084	ok
Transport	mpi	patoh	w400	1	6.889317	0.0001445594	0.093	ok
Transport	mpi	patoh	w500	1	7.104427	9.816528e-05	0.091	ok
Transport	mpi	patoh	w600	1	7.326767	9.805376e-05	0.088	ok
Transport	mpi	patoh	w700	1	7.27976	0.0001256348	0.088	ok
Transport	mpi	patoh	w800	1	7.396617	0.0001005835	0.087	ok
Transport	mpi	patoh	w900	1	7.441895	0.0001016752	0.087	ok
Transport	mpi-gpu	naive	w100	1	3.905844	0.000102593	0.165	ok
Transport	mpi-gpu	naive	w1000	1	1.004719	0.0001078195	0.641	ok
Transport	mpi-gpu	naive	w1100	1	1.00182	0.0001100048	0.643	ok
Transport	mpi-gpu	naive	w1200	1	1.001236	0.0001249058	0.643	ok
Transport	mpi-gpu	naive	w2000	1	0.967623	0.0001178734	0.665	ok
Transport	mpi-gpu	naive	w2720	1	0.975346	0.0001078959	0.66	ok
Transport	mpi-gpu	naive	w400	1	1.606837	0.0001215721	0.401	ok
Transport	mpi-gpu	naive	w500	1	1.414223	0.000127839	0.455	ok
Transport	mpi-gpu	naive	w600	1	1.224647	0.0001241966	0.526	ok
Transport	mpi-gpu	naive	w700	1	1.084568	0.0001067992	0.594	ok
Transport	mpi-gpu	naive	w800	1	1.033961	0.0001248563	0.623	ok
Transport	mpi-gpu	naive	w900	1	1.010969	0.0001266593	0.637	ok
Transport	mpi-gpu	patoh	w100	1	3.856991	0.000121954	0.167	ok
Transport	mpi-gpu	patoh	w1000	1	0.969318	9.68118e-05	0.664	ok
Transport	mpi-gpu	patoh	w1100	1	0.96644	0.0001030314	0.666	ok
Transport	mpi-gpu	patoh	w1200	1	0.959055	0.0001172317	0.671	ok
Transport	mpi-gpu	patoh	w2000	1	0.944611	0.0001168028	0.682	ok
Transport	mpi-gpu	patoh	w2720	1	0.963426	0.0001253445	0.668	ok
Transport	mpi-gpu	patoh	w400	1	1.591962	9.978025e-05	0.404	ok
Transport	mpi-gpu	patoh	w500	1	1.323438	0.0001059843	0.487	ok
Transport	mpi-gpu	patoh	w600	1	1.180066	0.0001190009	0.546	ok
Transport	mpi-gpu	patoh	w700	1	1.035962	0.0001261955	0.622	ok
Transport	mpi-gpu	patoh	w800	1	0.990423	0.0001248731	0.65	ok
Transport	mpi-gpu	patoh	w900	1	0.978682	0.0001034927	0.658	ok
cage14	cpu	-	-	16	8.382401	3.141804e-16	0.082	ok
cage14	gpu	-	-	1	0.684722	2.675817e-16	1.0	ok
cage14	gpu-dp	-	-	1	0.594359	2.1547e-16	1.152	ok
cage14	gpu-pipelined	-	-	1	0.933206	1.532555e-16	0.734	ok
cage14	hybrid-async	naive	w100	4	2.238266	3.045686e-16	0.306	ok
cage14	hybrid-async	naive	w1000	4	0.648596	2.776438e-16	1.056	ok
cage14	hybrid-async	naive	w1100	4	0.656033	2.765501e-16	1.044	ok
cage14	hybrid-async	naive	w1200	4	0.653845	2.75904e-16	1.047	ok
cage14	hybrid-async	naive	w2000	2	0.669877	2.724978e-16	1.022	ok
cage14	hybrid-async	naive	w2720	4	0.669895	2.707389e-16	1.022	ok
cage14	hybrid-async	naive	w400	4	1.044214	2.898962e-16	0.656	ok
cage14	hybrid-async	naive	w500	4	0.887053	2.853809e-16	0.772	ok
cage14	hybrid-async	naive	w600	4	0.806591	2.828743e-16	0.849	ok
cage14	hybrid-async	naive	w700	4	0.732909	2.811099e-16	0.934	ok
cage14	hybrid-async	naive	w800	4	0.6658	2.793125e-16	1.028	ok
cage14	hybrid-async	naive	w900	4	0.645316	2.785133e-16	1.061	ok
cage14	hybrid-async	patoh	w100	4	2.329363	2.754045e-16	0.294	ok
cage14	hybrid-async	patoh	w1000	4	0.649197	2.680795e-16	1.055	ok
cage14	hybrid-async	patoh	w1100	4	0.654579	2.682995e-16	1.046	ok
cage14	hybrid-async	patoh	w1200	4	0.657506	2.684556e-16	1.041	ok
cage14	hybrid-async	patoh	w2000	2	0.666856	2.679721e-16	1.027	ok
cage14	hybrid-async	patoh	w2720	4	0.672067	2.676588e-16	1.019	ok
cage14	hybrid-async	patoh	w400	4	1.050268	2.698559e-16	0.652	ok
cage14	hybrid-async	patoh	w500	4	0.904443	2.695605e-16	0.757	ok
cage14	hybrid-async	patoh	w600	4	0.8171	2.69095e-16	0.838	ok
cage14	hybrid-async	patoh	w700	4	0.733507	2.687411e-16	0.933	ok
cage14	hybrid-async	patoh	w800	4	0.675595	2.68991e-16	1.014	ok
cage14	hybrid-async	patoh	w900	4	0.648281	2.684322e-16	1.056	ok
cage14	hybrid-async-dp	naive	w100	4	2.152853	2.597329e-16	0.318	ok
cage14	hybrid-async-dp	naive	w1000	4	0.564218	2.273397e-16	1.214	ok
cage14	hybrid-async-dp	naive	w1100	4	0.567426	2.264365e-16	1.207	ok
cage14	hybrid-async-dp	naive	w1200	4	0.565769	2.254802e-16	1.21	ok
cage14	hybrid-async-dp	naive	w2000	2	0.576078	2.212554e-16	1.189	ok
cage14	hybrid-async-dp	naive	w2720	2	0.577562	2.191421e-16	1.186	ok
cage14	hybrid-async-dp	naive	w400	4	0.941432	2.423598e-16	0.727	ok
cage14	hybrid-async-dp	naive	w500	4	0.804797	2.370293e-16	0.851	ok
cage14	hybrid-async-dp	naive	w600	4	0.702408	2.336309e-16	0.975	ok
cage14	hybrid-async-dp	naive	w700	4	0.641804	2.315563e-16	1.067	ok
cage14	hybrid-async-dp	naive	w800	4	0.581916	2.297531e-16	1.177	ok
cage14	hybrid-async-dp	naive	w900	4	0.553867	2.284416e-16	1.236	ok
cage14	hybrid-async-dp	patoh	w100	4	2.219485	2.249502e-16	0.309	ok
cage14	hybrid-async-dp	patoh	w1000	4	0.559329	2.159459e-16	1.224	ok
cage14	hybrid-async-dp	patoh	w1100	4	0.564462	2.159566e-16	1.213	ok
cage14	hybrid-async-dp	patoh	w1200	2	0.571388	2.160308e-16	1.198	ok
cage14	hybrid-async-dp	patoh	w2000	4	0.579473	2.157945e-16	1.182	ok
cage14	hybrid-async-dp	patoh	w2720	1	0.584341	2.155406e-16	1.172	ok
cage14	hybrid-async-dp	patoh	w400	4	0.963634	2.180437e-16	0.711	ok
cage14	hybrid-async-dp	patoh	w500	4	0.812124	2.174133e-16	0.843	ok
cage14	hybrid-async-dp	patoh	w600	4	0.715776	2.170671e-16	0.957	ok
cage14	hybrid-async-dp	patoh	w700	4	0.641167	2.163354e-16	1.068	ok
cage14	hybrid-async-dp	patoh	w800	4	0.586392	2.167452e-16	1.168	ok
cage14	hybrid-async-dp	patoh	w900	4	0.554785	2.161541e-16	1.234	ok
cage14	hybrid-dist-dp	naive	w100	4	2.46961	2.65191e-16	0.277	ok
cage14	hybrid-dist-dp	naive	w1000	2	0.603799	2.283192e-16	1.134	ok
cage14	hybrid-dist-dp	naive	w1100	4	0.603148	2.273921e-16	1.135	ok
cage14	hybrid-dist-dp	naive	w1200	4	0.604901	2.266987e-16	1.132	ok
cage14	hybrid-dist-dp	naive	w2000	1	0.619052	2.216808e-16	1.106	ok
cage14	hybrid-dist-dp	naive	w2720	1	0.622206	2.194381e-16	1.1	ok
cage14	hybrid-dist-dp	naive	w400	4	0.791974	2.447999e-16	0.865	ok
cage14	hybrid-dist-dp	naive	w500	4	0.664614	2.393711e-16	1.03	ok
cage14	hybrid-dist-dp	naive	w600	4	0.597238	2.354047e-16	1.146	ok
cage14	hybrid-dist-dp	naive	w700	4	0.583969	2.331321e-16	1.173	ok
cage14	hybrid-dist-dp	naive	w800	4	0.591758	2.313529e-16	1.157	ok
cage14	hybrid-dist-dp	naive	w900	2	0.60272	2.298013e-16	1.136	ok
cage14	hybrid-dist-dp	patoh	w100	4	2.72109	2.267474e-16	0.252	ok
cage14	hybrid-dist-dp	patoh	w1000	4	0.586059	2.162357e-16	1.168	ok
cage14	hybrid-dist-dp	patoh	w1100	2	0.589635	2.16193e-16	1.161	ok
cage14	hybrid-dist-dp	patoh	w1200	4	0.59078	2.16068e-16	1.159	ok
cage14	hybrid-dist-dp	patoh	w2000	1	0.604531	2.156517e-16	1.133	ok
cage14	hybrid-dist-dp	patoh	w2720	2	0.611105	2.156877e-16	1.12	ok
cage14	hybrid-dist-dp	patoh	w400	4	0.877068	2.185556e-16	0.781	ok
cage14	hybrid-dist-dp	patoh	w500	4	0.691511	2.180922e-16	0.99	ok
cage14	hybrid-dist-dp	patoh	w600	4	0.580049	2.172837e-16	1.18	ok
cage14	hybrid-dist-dp	patoh	w700	4	0.585108	2.167753e-16	1.17	ok
cage14	hybrid-dist-dp	patoh	w800	4	0.581179	2.171359e-16	1.178	ok
cage14	hybrid-dist-dp	patoh	w900	4	0.583402	2.162338e-16	1.174	ok
cage14	hybrid-dist-pipelined	naive	w100	4	3.159714	1.271155e-16	0.217	ok
cage14	hybrid-dist-pipelined	naive	w1000	4	0.771052	1.355305e-16	0.888	ok
cage14	hybrid-dist-pipelined	naive	w1100	2	0.77559	1.258092e-16	0.883	ok
cage14	hybrid-dist-pipelined	naive	w1200	4	0.779414	1.305463e-16	0.879	ok
cage14	hybrid-dist-pipelined	naive	w2000	1	0.792999	1.207327e-16	0.863	ok
cage14	hybrid-dist-pipelined	naive	w2720	4	0.798534	1.260747e-16	0.857	ok
cage14	hybrid-dist-pipelined	naive	w400	4	1.049829	1.224924e-16	0.652	ok
cage14	hybrid-dist-pipelined	naive	w500	4	0.887519	1.224816e-16	0.772	ok
cage14	hybrid-dist-pipelined	naive	w600	4	0.780979	1.220872e-16	0.877	ok
cage14	hybrid-dist-pipelined	naive	w700	4	0.759747	1.179985e-16	0.901	ok
cage14	hybrid-dist-pipelined	naive	w800	4	0.766288	1.250787e-16	0.894	ok
cage14	hybrid-dist-pipelined	naive	w900	4	0.767549	1.223834e-16	0.892	ok
cage14	hybrid-dist-pipelined	patoh	w100	4	3.548434	1.238031e-16	0.193	ok
cage14	hybrid-dist-pipelined	patoh	w1000	2	0.757387	1.276316e-16	0.904	ok
cage14	hybrid-dist-pipelined	patoh	w1100	4	0.756909	1.351611e-16	0.905	ok
cage14	hybrid-dist-pipelined	patoh	w1200	2	0.760487	1.202245e-16	0.9	ok
cage14	hybrid-dist-pipelined	patoh	w2000	2	0.771465	1.256268e-16	0.888	ok
cage14	hybrid-dist-pipelined	patoh	w2720	1	0.784425	1.291921e-16	0.873	ok
cage14	hybrid-dist-pipelined	patoh	w400	4	1.175057	9.703969000000001e-17	0.583	ok
cage14	hybrid-dist-pipelined	patoh	w500	4	0.94313	1.129124e-16	0.726	ok
cage14	hybrid-dist-pipelined	patoh	w600	4	0.77097	1.228461e-16	0.888	ok
cage14	hybrid-dist-pipelined	patoh	w700	4	0.749319	1.24612e-16	0.914	ok
cage14	hybrid-dist-pipelined	patoh	w800	4	0.752445	1.140414e-16	0.91	ok
cage14	hybrid-dist-pipelined	patoh	w900	2	0.753898	1.089199e-16	0.908	ok
cage14	mpi	naive	w100	1	6.431815	3.168584e-16	0.106	ok
cage14	mpi	naive	w1000	1	8.612045	3.172989e-16	0.08	ok
cage14	mpi	naive	w1100	1	8.640234	3.170969e-16	0.079	ok
cage14	mpi	naive	w1200	1	8.652098	3.167812e-16	0.079	ok
cage14	mpi	naive	w2000	1	8.760751	3.166221e-16	0.078	ok
cage14	mpi	naive	w2720	1	8.819916	3.16669e-16	0.078	ok
cage14	mpi	naive	w400	1	8.001364	3.164833e-16	0.086	ok
cage14	mpi	naive	w500	1	8.213131	3.175269e-16	0.083	ok
cage14	mpi	naive	w600	1	8.343404	3.182327e-16	0.082	ok
cage14	mpi	naive	w700	1	8.443646	3.179188e-16	0.081	ok
cage14	mpi	naive	w800	1	8.644923	3.175583e-16	0.079	ok
cage14	mpi	naive	w900	1	8.534151	3.173321e-16	0.08	ok
cage14	mpi	patoh	w100	1	6.347285	3.150938e-16	0.108	ok
cage14	mpi	patoh	w1000	1	8.594877	3.14413e-16	0.08	ok
cage14	mpi	patoh	w1100	1	8.61791	3.143156e-16	0.079	ok
cage14	mpi	patoh	w1200	1	8.637429	3.144175e-16	0.079	ok
cage14	mpi	patoh	w2000	1	8.730963	3.146831e-16	0.078	ok
cage14	mpi	patoh	w2720	1	8.758639	3.14394e-16	0.078	ok
cage14	mpi	patoh	w400	1	8.027139	3.145858e-16	0.085	ok
cage14	mpi	patoh	w500	1	8.24258	3.14339e-16	0.083	ok
cage14	mpi	patoh	w600	1	8.458016	3.144927e-16	0.081	ok
cage14	mpi	patoh	w700	1	8.456782	3.144472e-16	0.081	ok
cage14	mpi	patoh	w800	1	8.565969	3.145173e-16	0.08	ok
cage14	mpi	patoh	w900	1	8.567041	3.145248e-16	0.08	ok
cage14	mpi-gpu	naive	w100	1	4.535001	3.163243e-16	0.151	ok
cage14	mpi-gpu	naive	w1000	1	1.111145	3.135746e-16	0.616	ok
cage14	mpi-gpu	naive	w1100	1	1.105919	3.127579e-16	0.619	ok
cage14	mpi-gpu	naive	w1200	1	1.109003	3.132649e-16	0.617	ok
cage14	mpi-gpu	naive	w2000	1	1.059933	3.120428e-16	0.646	ok
cage14	mpi-gpu	naive	w2720	1	1.055173	3.122336e-16	0.649	ok
cage14	mpi-gpu	naive	w400	1	1.839527	3.139041e-16	0.372	ok
cage14	mpi-gpu	naive	w500	1	1.5874	3.147296e-16	0.431	ok
cage14	mpi-gpu	naive	w600	1	1.37333	3.147774e-16	0.499	ok
cage14	mpi-gpu	naive	w700	1	1.225635	3.140635e-16	0.559	ok
cage14	mpi-gpu	naive	w800	1	1.155097	3.136655e-16	0.593	ok
cage14	mpi-gpu	naive	w900	1	1.14212	3.134356e-16	0.6	ok
cage14	mpi-gpu	patoh	w100	1	4.87182	3.112968e-16	0.141	ok
cage14	mpi-gpu	patoh	w1000	1	1.073521	3.095431e-16	0.638	ok
cage14	mpi-gpu	patoh	w1100	1	1.058153	3.094773e-16	0.647	ok
cage14	mpi-gpu	patoh	w1200	1	1.058398	3.094423e-16	0.647	ok
cage14	mpi-gpu	patoh	w2000	1	1.023613	3.093665e-16	0.669	ok
cage14	mpi-gpu	patoh	w2720	1	1.031849	3.095502e-16	0.664	ok
cage14	mpi-gpu	patoh	w400	1	1.998417	3.0985e-16	0.343	ok
cage14	mpi-gpu	patoh	w500	1	1.657046	3.097241e-16	0.413	ok
cage14	mpi-gpu	patoh	w600	1	1.390462	3.098035e-16	0.492	ok
cage14	mpi-gpu	patoh	w700	1	1.277685	3.092166e-16	0.536	ok
cage14	mpi-gpu	patoh	w800	1	1.127942	3.094994e-16	0.607	ok
cage14	mpi-gpu	patoh	w900	1	1.103054	3.095831e-16	0.621	ok
cage15	cpu	-	-	4	30.389728	3.218281e-16	0.075	ok
cage15	gpu	-	-	1	2.280188	2.763451e-16	1.0	ok
cage15	gpu-dp	-	-	1	1.993195	2.208642e-16	1.144	ok
cage15	gpu-pipelined	-	-	1	3.113964	1.407714e-16	0.732	ok
cage15	hybrid-async	naive	w100	4	8.641559	3.114425e-16	0.264	ok
cage15	hybrid-async	naive	w1000	4	2.517746	2.873744e-16	0.906	ok
cage15	hybrid-async	naive	w1100	4	2.41404	2.860971e-16	0.945	ok
cage15	hybrid-async	naive	w1200	4	2.332063	2.850901e-16	0.978	ok
cage15	hybrid-async	naive	w2000	2	2.211766	2.810069e-16	1.031	ok
cage15	hybrid-async	naive	w2720	2	2.234281	2.798287e-16	1.021	ok
cage15	hybrid-async	naive	w400	4	4.187927	2.981953e-16	0.544	ok
cage15	hybrid-async	naive	w500	4	3.663102	2.951889e-16	0.622	ok
cage15	hybrid-async	naive	w600	4	3.28794	2.931297e-16	0.694	ok
cage15	hybrid-async	naive	w700	4	3.020334	2.914313e-16	0.755	ok
cage15	hybrid-async	naive	w800	4	2.806287	2.902412e-16	0.813	ok
cage15	hybrid-async	naive	w900	4	2.650142	2.88635e-16	0.86	ok
cage15	hybrid-async	patoh	w100	4	8.717859	3.107762e-16	0.262	ok
cage15	hybrid-async	patoh	w1000	4	2.498596	2.77059e-16	0.913	ok
cage15	hybrid-async	patoh	w1100	4	2.433366	2.768411e-16	0.937	ok
cage15	hybrid-async	patoh	w1200	4	2.329535	2.769867e-16	0.979	ok
cage15	hybrid-async	patoh	w2000	4	2.221098	2.765175e-16	1.027	ok
cage15	hybrid-async	patoh	w2720	2	2.244273	2.763599e-16	1.016	ok
cage15	hybrid-async	patoh	w400	4	4.225839	2.786982e-16	0.54	ok
cage15	hybrid-async	patoh	w500	4	3.759688	2.780171e-16	0.606	ok
cage15	hybrid-async	patoh	w600	4	3.341318	2.774623e-16	0.682	ok
cage15	hybrid-async	patoh	w700	4	3.064555	2.774553e-16	0.744	ok
cage15	hybrid-async	patoh	w800	4	2.865269	2.772503e-16	0.796	ok
cage15	hybrid-async	patoh	w900	4	2.665873	2.773229e-16	0.855	ok
cage15	hybrid-async-dp	naive	w100	4	8.424245	2.632926e-16	0.271	ok
cage15	hybrid-async-dp	naive	w1000	4	2.237119	2.344647e-16	1.019	ok
cage15	hybrid-async-dp	naive	w1100	4	2.144053	2.329155e-16	1.063	ok
cage15	hybrid-async-dp	naive	w1200	4	2.051677	2.316385e-16	1.111	ok
cage15	hybrid-async-dp	naive	w2000	4	1.937325	2.266897e-16	1.177	ok
cage15	hybrid-async-dp	naive	w2720	4	1.955625	2.252425e-16	1.166	ok
cage15	hybrid-async-dp	naive	w400	4	3.88727	2.475128e-16	0.587	ok
cage15	hybrid-async-dp	naive	w500	4	3.403149	2.438202e-16	0.67	ok
cage15	hybrid-async-dp	naive	w600	4	3.033583	2.414298e-16	0.752	ok
cage15	hybrid-async-dp	naive	w700	4	2.748629	2.393697e-16	0.83	ok
cage15	hybrid-async-dp	naive	w800	4	2.541484	2.379191e-16	0.897	ok
cage15	hybrid-async-dp	naive	w900	4	2.370146	2.360382e-16	0.962	ok
cage15	hybrid-async-dp	patoh	w100	4	8.464421	2.625079e-16	0.269	ok
cage15	hybrid-async-dp	patoh	w1000	4	2.223558	2.21923e-16	1.025	ok
cage15	hybrid-async-dp	patoh	w1100	4	2.158278	2.215946e-16	1.056	ok
cage15	hybrid-async-dp	patoh	w1200	4	2.041052	2.215207e-16	1.117	ok
cage15	hybrid-async-dp	patoh	w2000	4	1.951212	2.210237e-16	1.169	ok
cage15	hybrid-async-dp	patoh	w2720	1	1.97454	2.211766e-16	1.155	ok
cage15	hybrid-async-dp	patoh	w400	4	3.952793	2.238033e-16	0.577	ok
cage15	hybrid-async-dp	patoh	w500	4	3.494612	2.229775e-16	0.652	ok
cage15	hybrid-async-dp	patoh	w600	4	3.073478	2.221426e-16	0.742	ok
cage15	hybrid-async-dp	patoh	w700	4	2.800552	2.224302e-16	0.814	ok
cage15	hybrid-async-dp	patoh	w800	4	2.583706	2.218494e-16	0.883	ok
cage15	hybrid-async-dp	patoh	w900	4	2.387278	2.219045e-16	0.955	ok
cage15	hybrid-dist-dp	naive	w100	4	10.083335	2.686029e-16	0.226	ok
cage15	hybrid-dist-dp	naive	w1000	4	1.998495	2.360222e-16	1.141	ok
cage15	hybrid-dist-dp	naive	w1100	4	2.013857	2.342805e-16	1.132	ok
cage15	hybrid-dist-dp	naive	w1200	4	2.026012	2.328248e-16	1.125	ok
cage15	hybrid-dist-dp	naive	w2000	2	2.096454	2.275418e-16	1.088	ok
cage15	hybrid-dist-dp	naive	w2720	2	2.101242	2.258544e-16	1.085	ok
cage15	hybrid-dist-dp	naive	w400	4	3.84719	2.506182e-16	0.593	ok
cage15	hybrid-dist-dp	naive	w500	4	3.132074	2.463602e-16	0.728	ok
cage15	hybrid-dist-dp	naive	w600	4	2.634172	2.435487e-16	0.866	ok
cage15	hybrid-dist-dp	naive	w700	4	2.262901	2.413061e-16	1.008	ok
cage15	hybrid-dist-dp	naive	w800	4	2.061933	2.397151e-16	1.106	ok
cage15	hybrid-dist-dp	naive	w900	4	1.976065	2.376038e-16	1.154	ok
cage15	hybrid-dist-dp	patoh	w100	4	10.092269	2.673891e-16	0.226	ok
cage15	hybrid-dist-dp	patoh	w1000	4	1.982034	2.221888e-16	1.15	ok
cage15	hybrid-dist-dp	patoh	w1100	4	1.992499	2.217781e-16	1.144	ok
cage15	hybrid-dist-dp	patoh	w1200	4	1.973856	2.217503e-16	1.155	ok
cage15	hybrid-dist-dp	patoh	w2000	1	2.004867	2.211691e-16	1.137	ok
cage15	hybrid-dist-dp	patoh	w2720	1	2.033719	2.212148e-16	1.121	ok
cage15	hybrid-dist-dp	patoh	w400	4	4.300321	2.245227e-16	0.53	ok
cage15	hybrid-dist-dp	patoh	w500	4	3.589582	2.234857e-16	0.635	ok
cage15	hybrid-dist-dp	patoh	w600	4	2.897351	2.224447e-16	0.787	ok
cage15	hybrid-dist-dp	patoh	w700	4	2.46647	2.227015e-16	0.924	ok
cage15	hybrid-dist-dp	patoh	w800	4	2.202461	2.220943e-16	1.035	ok
cage15	hybrid-dist-dp	patoh	w900	4	2.000632	2.220919e-16	1.14	ok
cage15	hybrid-dist-pipelined	naive	w100	4	12.682928	1.116029e-16	0.18	ok
cage15	hybrid-dist-pipelined	naive	w1000	4	2.576898	9.282761000000001e-17	0.885	ok
cage15	hybrid-dist-pipelined	naive	w1100	4	2.600701	1.114826e-16	0.877	ok
cage15	hybrid-dist-pipelined	naive	w1200	4	2.61932	1.09058e-16	0.871	ok
cage15	hybrid-dist-pipelined	naive	w2000	2	2.704944	1.171014e-16	0.843	ok
cage15	hybrid-dist-pipelined	naive	w2720	1	2.715133	1.012797e-16	0.84	ok
cage15	hybrid-dist-pipelined	naive	w400	4	4.763225	1.15747e-16	0.479	ok
cage15	hybrid-dist-pipelined	naive	w500	4	4.026826	1.169369e-16	0.566	ok
cage15	hybrid-dist-pipelined	naive	w600	4	3.386379	1.086738e-16	0.673	ok
cage15	hybrid-dist-pipelined	naive	w700	4	2.954681	1.019046e-16	0.772	ok
cage15	hybrid-dist-pipelined	naive	w800	4	2.722305	1.207783e-16	0.838	ok
cage15	hybrid-dist-pipelined	naive	w900	4	2.614224	1.072216e-16	0.872	ok
cage15	hybrid-dist-pipelined	patoh	w100	4	12.718434	1.308435e-16	0.179	ok
cage15	hybrid-dist-pipelined	patoh	w1000	4	2.549572	1.153584e-16	0.894	ok
cage15	hybrid-dist-pipelined	patoh	w1100	4	2.562547	1.132216e-16	0.89	ok
cage15	hybrid-dist-pipelined	patoh	w1200	4	2.562636	9.680614000000001e-17	0.89	ok
cage15	hybrid-dist-pipelined	patoh	w2000	2	2.595626	1.114709e-16	0.878	ok
cage15	hybrid-dist-pipelined	patoh	w2720	4	2.628455	1.257895e-16	0.868	ok
cage15	hybrid-dist-pipelined	patoh	w400	4	5.482055	8.826956000000001e-17	0.416	ok
cage15	hybrid-dist-pipelined	patoh	w500	4	4.546979	1.138123e-16	0.501	ok
cage15	hybrid-dist-pipelined	patoh	w600	4	3.782151	1.171524e-16	0.603	ok
cage15	hybrid-dist-pipelined	patoh	w700	4	3.182843	1.176054e-16	0.716	ok
cage15	hybrid-dist-pipelined	patoh	w800	4	2.93739	1.152027e-16	0.776	ok
cage15	hybrid-dist-pipelined	patoh	w900	4	2.69157	1.029067e-16	0.847	ok
cage15	mpi	naive	w100	1	26.265985	3.247056e-16	0.087	ok
cage15	mpi	naive	w1000	1	32.592302	3.248239e-16	0.07	ok
cage15	mpi	naive	w1100	1	32.746548	3.252153e-16	0.07	ok
cage15	mpi	naive	w1200	1	32.85281	3.254275e-16	0.069	ok
cage15	mpi	naive	w2000	1	33.335419	3.247921e-16	0.068	ok
cage15	mpi	naive	w2720	1	33.375894	3.241905e-16	0.068	ok
cage15	mpi	naive	w400	1	30.874765	3.252751e-16	0.074	ok
cage15	mpi	naive	w500	1	31.609868	3.254327e-16	0.072	ok
cage15	mpi	naive	w600	1	31.69984	3.244877e-16	0.072	ok
cage15	mpi	naive	w700	1	31.970854	3.244541e-16	0.071	ok
cage15	mpi	naive	w800	1	32.103153	3.241702e-16	0.071	ok
cage15	mpi	naive	w900	1	32.337854	3.245372e-16	0.071	ok
cage15	mpi	patoh	w100	1	25.776061	3.230818e-16	0.088	ok
cage15	mpi	patoh	w1000	1	32.645828	3.221605e-16	0.07	ok
cage15	mpi	patoh	w1100	1	32.815451	3.221752e-16	0.069	ok
cage15	mpi	patoh	w1200	1	32.885355	3.219958e-16	0.069	ok
cage15	mpi	patoh	w2000	1	33.190429	3.21985e-16	0.069	ok
cage15	mpi	patoh	w2720	1	33.28144	3.218914e-16	0.069	ok
cage15	mpi	patoh	w400	1	30.935971	3.222066e-16	0.074	ok
cage15	mpi	patoh	w500	1	31.843334	3.222478e-16	0.072	ok
cage15	mpi	patoh	w600	1	31.980569	3.221453e-16	0.071	ok
cage15	mpi	patoh	w700	1	32.327824	3.221746e-16	0.071	ok
cage15	mpi	patoh	w800	1	32.587009	3.220942e-16	0.07	ok
cage15	mpi	patoh	w900	1	32.688412	3.220119e-16	0.07	ok
cage15	mpi-gpu	naive	w100	1	17.730397	3.238892e-16	0.129	ok
cage15	mpi-gpu	naive	w1000	1	4.219139	3.212972e-16	0.54	ok
cage15	mpi-gpu	naive	w1100	1	4.244912	3.217123e-16	0.537	ok
cage15	mpi-gpu	naive	w1200	1	4.261023	3.217704e-16	0.535	ok
cage15	mpi-gpu	naive	w2000	1	4.165758	3.210576e-16	0.547	ok
cage15	mpi-gpu	naive	w2720	1	3.979354	3.201009e-16	0.573	ok
cage15	mpi-gpu	naive	w400	1	7.323816	3.230618e-16	0.311	ok
cage15	mpi-gpu	naive	w500	1	6.431774	3.226648e-16	0.355	ok
cage15	mpi-gpu	naive	w600	1	5.426217	3.217226e-16	0.42	ok
cage15	mpi-gpu	naive	w700	1	4.81629	3.217287e-16	0.473	ok
cage15	mpi-gpu	naive	w800	1	4.353881	3.209696e-16	0.524	ok
cage15	mpi-gpu	naive	w900	1	4.187892	3.212546e-16	0.544	ok
cage15	mpi-gpu	patoh	w100	1	18.15204	3.219973e-16	0.126	ok
cage15	mpi-gpu	patoh	w1000	1	4.095457	3.174688e-16	0.557	ok
cage15	mpi-gpu	patoh	w1100	1	4.094688	3.173987e-16	0.557	ok
cage15	mpi-gpu	patoh	w1200	1	4.036584	3.177011e-16	0.565	ok
cage15	mpi-gpu	patoh	w2000	1	3.90913	3.175465e-16	0.583	ok
cage15	mpi-gpu	patoh	w2720	1	3.747737	3.173869e-16	0.608	ok
cage15	mpi-gpu	patoh	w400	1	7.689999	3.179287e-16	0.297	ok
cage15	mpi-gpu	patoh	w500	1	6.582767	3.177094e-16	0.346	ok
cage15	mpi-gpu	patoh	w600	1	5.625024	3.177304e-16	0.405	ok
cage15	mpi-gpu	patoh	w700	1	4.954337	3.177681e-16	0.46	ok
cage15	mpi-gpu	patoh	w800	1	4.582862	3.174201e-16	0.498	ok
cage15	mpi-gpu	patoh	w900	1	4.191454	3.175055e-16	0.544	ok
circuit5M	cpu	-	-	4	24.597997	0.01077898	0.073	ok
circuit5M	gpu	-	-	1	1.785869	0.01314685	1.0	ok
circuit5M	gpu-dp	-	-	1	1.489041	0.01032424	1.199	ok
circuit5M	gpu-pipelined	-	-	1	2.60598	0.01767902	0.685	ok
circuit5M	hybrid-async	naive	w100	4	7.137727	0.01616806	0.25	ok
circuit5M	hybrid-async	naive	w1000	4	2.400402	0.01649278	0.744	ok
circuit5M	hybrid-async	naive	w1100	4	2.321284	0.01525607	0.769	ok
circuit5M	hybrid-async	naive	w1200	4	2.239846	0.03660409	0.797	ok
circuit5M	hybrid-async	naive	w2000	4	1.91209	0.008318074	0.934	ok
circuit5M	hybrid-async	naive	w2720	4	1.791026	0.01166725	0.997	ok
circuit5M	hybrid-async	naive	w400	4	3.685811	0.009865552	0.485	ok
circuit5M	hybrid-async	naive	w500	4	3.298971	0.06541741	0.541	ok
circuit5M	hybrid-async	naive	w600	4	3.014414	0.03620738	0.592	ok
circuit5M	hybrid-async	naive	w700	4	2.801695	0.02638573	0.637	ok
circuit5M	hybrid-async	naive	w800	4	2.639238	0.01054334	0.677	ok
circuit5M	hybrid-async	naive	w900	4	2.507826	0.01152833	0.712	ok
circuit5M	hybrid-async	patoh	w100	2	7.730979	0.01382356	0.231	ok
circuit5M	hybrid-async	patoh	w1000	2	2.431802	0.01314274	0.734	ok
circuit5M	hybrid-async	patoh	w1100	4	2.188034	0.01500126	0.816	ok
circuit5M	hybrid-async	patoh	w1200	4	2.111551	0.008146488	0.846	ok
circuit5M	hybrid-async	patoh	w2000	4	1.797178	0.01300713	0.994	ok
circuit5M	hybrid-async	patoh	w2720	4	1.793331	0.01026272	0.996	ok
circuit5M	hybrid-async	patoh	w400	2	4.024698	0.00870035	0.444	ok
circuit5M	hybrid-async	patoh	w500	4	3.337263	0.04271154	0.535	ok
circuit5M	hybrid-async	patoh	w600	4	2.978978	0.01268028	0.599	ok
circuit5M	hybrid-async	patoh	w700	2	2.845573	0.01021953	0.628	ok
circuit5M	hybrid-async	patoh	w800	4	2.516194	0.02501356	0.71	ok
circuit5M	hybrid-async	patoh	w900	2	2.473044	0.01083897	0.722	ok
circuit5M	hybrid-async-dp	naive	w100	4	6.795053	0.009942545	0.263	ok
circuit5M	hybrid-async-dp	naive	w1000	4	2.109441	0.01078931	0.847	ok
circuit5M	hybrid-async-dp	naive	w1100	4	2.011872	0.02622623	0.888	ok
circuit5M	hybrid-async-dp	naive	w1200	4	1.934073	0.01144815	0.923	ok
circuit5M	hybrid-async-dp	naive	w2000	4	1.598184	0.00992226	1.117	ok
circuit5M	hybrid-async-dp	naive	w2720	4	1.491184	0.01406245	1.198	ok
circuit5M	hybrid-async-dp	naive	w400	4	3.402077	0.0523771	0.525	ok
circuit5M	hybrid-async-dp	naive	w500	4	2.999262	0.0104921	0.595	ok
circuit5M	hybrid-async-dp	naive	w600	4	2.711755	0.09720482	0.659	ok
circuit5M	hybrid-async-dp	naive	w700	4	2.502898	0.01245734	0.714	ok
circuit5M	hybrid-async-dp	naive	w800	4	2.339554	0.0261999	0.763	ok
circuit5M	hybrid-async-dp	naive	w900	4	2.203838	0.008437197	0.81	ok
circuit5M	hybrid-async-dp	patoh	w100	2	7.449367	0.03156857	0.24	ok
circuit5M	hybrid-async-dp	patoh	w1000	2	2.123416	0.01497418	0.841	ok
circuit5M	hybrid-async-dp	patoh	w1100	4	1.922358	0.01285403	0.929	ok
circuit5M	hybrid-async-dp	patoh	w1200	4	1.81728	0.009422409	0.983	ok
circuit5M	hybrid-async-dp	patoh	w2000	4	1.492435		1.197	ok
circuit5M	hybrid-async-dp	patoh	w2720	2	1.496681	0.01054406	1.193	ok
circuit5M	hybrid-async-dp	patoh	w400	2	3.714088	0.02484292	0.481	ok
circuit5M	hybrid-async-dp	patoh	w500	2	3.010974	0.009747529	0.593	ok
circuit5M	hybrid-async-dp	patoh	w600	4	2.642872	0.02208458	0.676	ok
circuit5M	hybrid-async-dp	patoh	w700	2	2.546142	0.03999057	0.701	ok
circuit5M	hybrid-async-dp	patoh	w800	4	2.204413	0.0946696	0.81	ok
circuit5M	hybrid-async-dp	patoh	w900	2	2.169075	0.008311631	0.823	ok
circuit5M	hybrid-dist-dp	naive	w100	4	11.376664	0.0093699	0.157	ok
circuit5M	hybrid-dist-dp	naive	w1000	4	1.875659	0.01067044	0.952	ok
circuit5M	hybrid-dist-dp	naive	w1100	4	1.772372	0.01888405	1.008	ok
circuit5M	hybrid-dist-dp	naive	w1200	4	1.707108	0.00892493	1.046	ok
circuit5M	hybrid-dist-dp	naive	w2000	4	1.531743	0.01272568	1.166	ok
circuit5M	hybrid-dist-dp	naive	w2720	2	1.517771	0.01971453	1.177	ok
circuit5M	hybrid-dist-dp	naive	w400	4	4.79918	0.0120704	0.372	ok
circuit5M	hybrid-dist-dp	naive	w500	4	3.898266	0.01754961	0.458	ok
circuit5M	hybrid-dist-dp	naive	w600	4	3.263414	0.008897859	0.547	ok
circuit5M	hybrid-dist-dp	naive	w700	4	2.720025	0.008590845	0.657	ok
circuit5M	hybrid-dist-dp	naive	w800	4	2.381008	0.009089394	0.75	ok
circuit5M	hybrid-dist-dp	naive	w900	4	2.07449	0.08282701	0.861	ok
circuit5M	hybrid-dist-dp	patoh	w100	2	9.832261	0.01643382	0.182	ok
circuit5M	hybrid-dist-dp	patoh	w1000	2	1.512524	0.01858912	1.181	ok
circuit5M	hybrid-dist-dp	patoh	w1100	4	1.488315	0.01392956	1.2	ok
circuit5M	hybrid-dist-dp	patoh	w1200	4	1.48568	0.01038097	1.202	ok
circuit5M	hybrid-dist-dp	patoh	w2000	1	1.527978	0.01029542	1.169	ok
circuit5M	hybrid-dist-dp	patoh	w2720	1	1.539854	0.03968741	1.16	ok
circuit5M	hybrid-dist-dp	patoh	w400	4	3.824892	0.1037537	0.467	ok
circuit5M	hybrid-dist-dp	patoh	w500	4	2.80577	0.01484441	0.636	ok
circuit5M	hybrid-dist-dp	patoh	w600	4	2.209067	0.03340388	0.808	ok
circuit5M	hybrid-dist-dp	patoh	w700	4	2.0289	0.08069969	0.88	ok
circuit5M	hybrid-dist-dp	patoh	w800	4	1.618256	0.01257933	1.104	ok
circuit5M	hybrid-dist-dp	patoh	w900	2	1.568959	0.01116283	1.138	ok
circuit5M	hybrid-dist-pipelined	naive	w100	4	15.956314	0.01121933	0.112	ok
circuit5M	hybrid-dist-pipelined	naive	w1000	4	2.752607	0.05866826	0.649	ok
circuit5M	hybrid-dist-pipelined	naive	w1100	4	2.568419	0.05932824	0.695	ok
circuit5M	hybrid-dist-pipelined	naive	w1200	4	2.392155	0.01055029	0.747	ok
circuit5M	hybrid-dist-pipelined	naive	w2000	4	2.074094	0.00988725	0.861	ok
circuit5M	hybrid-dist-pipelined	naive	w2720	1	2.058889	0.02445667	0.867	ok
circuit5M	hybrid-dist-pipelined	naive	w400	4	6.761817	0.008892252	0.264	ok
circuit5M	hybrid-dist-pipelined	naive	w500	4	5.57708	0.01332808	0.32	ok
circuit5M	hybrid-dist-pipelined	naive	w600	4	4.639627	0.2397258	0.385	ok
circuit5M	hybrid-dist-pipelined	naive	w700	4	3.94737	0.06739985	0.452	ok
circuit5M	hybrid-dist-pipelined	naive	w800	4	3.429212	0.02327287	0.521	ok
circuit5M	hybrid-dist-pipelined	naive	w900	4	3.06294	0.009241085	0.583	ok
circuit5M	hybrid-dist-pipelined	patoh	w100	4	13.252663	0.01022829	0.135	ok
circuit5M	hybrid-dist-pipelined	patoh	w1000	2	2.130749	0.01497513	0.838	ok
circuit5M	hybrid-dist-pipelined	patoh	w1100	4	2.03089	0.009050158	0.879	ok
circuit5M	hybrid-dist-pipelined	patoh	w1200	2	2.026049	0.01138273	0.881	ok
circuit5M	hybrid-dist-pipelined	patoh	w2000	2	2.082116	0.0112999	0.858	ok
circuit5M	hybrid-dist-pipelined	patoh	w2720	1	2.097691	0.03109894	0.851	ok
circuit5M	hybrid-dist-pipelined	patoh	w400	4	4.806508	0.01326541	0.372	ok
circuit5M	hybrid-dist-pipelined	patoh	w500	4	3.540774	0.0260914	0.504	ok
circuit5M	hybrid-dist-pipelined	patoh	w600	4	2.875907	0.01321268	0.621	ok
circuit5M	hybrid-dist-pipelined	patoh	w700	4	2.72022	0.01201254	0.657	ok
circuit5M	hybrid-dist-pipelined	patoh	w800	4	2.240076	0.01150807	0.797	ok
circuit5M	hybrid-dist-pipelined	patoh	w900	4	2.192936	0.02027993	0.814	ok
circuit5M	mpi	naive	w100	1	28.353507	0.07237362	0.063	ok
circuit5M	mpi	naive	w1000	1	26.224369	0.02759539	0.068	ok
circuit5M	mpi	naive	w1100	1	26.402095	0.07436602	0.068	ok
circuit5M	mpi	naive	w1200	1	26.357625	0.02749754	0.068	ok
circuit5M	mpi	naive	w2000	1	26.548667	0.05390767	0.067	ok
circuit5M	mpi	naive	w2720	1	26.561599	0.0164502	0.067	ok
circuit5M	mpi	naive	w400	1	26.077282	0.01069634	0.068	ok
circuit5M	mpi	naive	w500	1	26.115478	0.2639698	0.068	ok
circuit5M	mpi	naive	w600	1	26.16233	0.04288366	0.068	ok
circuit5M	mpi	naive	w700	1	26.36325	0.0101127	0.068	ok
circuit5M	mpi	naive	w800	1	26.220301	0.03082727	0.068	ok
circuit5M	mpi	naive	w900	1	26.258508	1.392269	0.068	ok
circuit5M	mpi	patoh	w100	1	21.49344	0.01877586	0.083	ok
circuit5M	mpi	patoh	w1000	1	25.923405	0.01044432	0.069	ok
circuit5M	mpi	patoh	w1100	1	26.042833	0.01196818	0.069	ok
circuit5M	mpi	patoh	w1200	1	26.078558	0.02281791	0.068	ok
circuit5M	mpi	patoh	w2000	1	26.398678	0.008304979	0.068	ok
circuit5M	mpi	patoh	w2720	1	26.597053	0.009182067	0.067	ok
circuit5M	mpi	patoh	w400	1	24.678981	0.01614769	0.072	ok
circuit5M	mpi	patoh	w500	1	25.170684	0.01045116	0.071	ok
circuit5M	mpi	patoh	w600	1	25.424981	0.01118502	0.07	ok
circuit5M	mpi	patoh	w700	1	25.410761	0.01121078	0.07	ok
circuit5M	mpi	patoh	w800	1	25.674568	0.01181472	0.07	ok
circuit5M	mpi	patoh	w900	1	25.778351	0.01507162	0.069	ok
circuit5M	mpi-gpu	naive	w100	1	25.014565	0.2387106	0.071	ok
circuit5M	mpi-gpu	naive	w1000	1	10.275995	0.0231138	0.174	ok
circuit5M	mpi-gpu	naive	w1100	1	10.059387	0.01120539	0.178	ok
circuit5M	mpi-gpu	naive	w1200	1	9.933339	0.02184743	0.18	ok
circuit5M	mpi-gpu	naive	w2000	1	9.009769	0.009827817	0.198	ok
circuit5M	mpi-gpu	naive	w2720	1	8.675479	0.01184412	0.206	ok
circuit5M	mpi-gpu	naive	w400	1	12.24478	0.008339169	0.146	ok
circuit5M	mpi-gpu	naive	w500	1	11.342703	0.01270757	0.157	ok
circuit5M	mpi-gpu	naive	w600	1	11.061258	0.01530003	0.161	ok
circuit5M	mpi-gpu	naive	w700	1	10.732791	0.01710342	0.166	ok
circuit5M	mpi-gpu	naive	w800	1	10.546825	0.02823565	0.169	ok
circuit5M	mpi-gpu	naive	w900	1	10.451848	0.01942451	0.171	ok
circuit5M	mpi-gpu	patoh	w100	1	13.258517	0.03751164	0.135	ok
circuit5M	mpi-gpu	patoh	w1000	1	8.17904	0.01361972	0.218	ok
circuit5M	mpi-gpu	patoh	w1100	1	8.486349	0.06002068	0.21	ok
circuit5M	mpi-gpu	patoh	w1200	1	8.151055	0.01507889	0.219	ok
circuit5M	mpi-gpu	patoh	w2000	1	8.276718	0.02636157	0.216	ok
circuit5M	mpi-gpu	patoh	w2720	1	8.297625	0.01389041	0.215	ok
circuit5M	mpi-gpu	patoh	w400	1	8.519965	0.01057538	0.21	ok
circuit5M	mpi-gpu	patoh	w500	1	8.429742	0.01239152	0.212	ok
circuit5M	mpi-gpu	patoh	w600	1	8.344158	0.03258818	0.214	ok
circuit5M	mpi-gpu	patoh	w700	1	8.496527	0.01625618	0.21	ok
circuit5M	mpi-gpu	patoh	w800	1	8.636584	0.03229271	0.207	ok
circuit5M	mpi-gpu	patoh	w900	1	8.331612	0.04145483	0.214	ok
circuit5M_dc	cpu	-	-	8	11.528467	1.210229e-11	0.076	ok
circuit5M_dc	gpu	-	-	1	0.874227	4.336586e-12	1.0	ok
circuit5M_dc	gpu-dp	-	-	1	0.6829	8.069496e-12	1.28	ok
circuit5M_dc	gpu-pipelined	-	-	1	1.357407	2.792145e-11	0.644	ok
circuit5M_dc	hybrid-async	naive	w100	4	2.850844	4.331799e-12	0.307	ok
circuit5M_dc	hybrid-async	naive	w1000	4	1.145329	4.32993e-12	0.763	ok
circuit5M_dc	hybrid-async	naive	w1100	4	1.117126	4.325714e-12	0.783	ok
circuit5M_dc	hybrid-async	naive	w1200	4	1.103488	4.342085e-12	0.792	ok
circuit5M_dc	hybrid-async	naive	w2000	4	1.038846	4.324166e-12	0.842	ok
circuit5M_dc	hybrid-async	naive	w2720	4	1.016394	4.336226e-12	0.86	ok
circuit5M_dc	hybrid-async	naive	w400	4	1.600765	4.340822e-12	0.546	ok
circuit5M_dc	hybrid-async	naive	w500	4	1.442069	4.323767e-12	0.606	ok
circuit5M_dc	hybrid-async	naive	w600	4	1.345509	4.335462e-12	0.65	ok
circuit5M_dc	hybrid-async	naive	w700	4	1.266174	4.368661e-12	0.69	ok
circuit5M_dc	hybrid-async	naive	w800	4	1.224504	4.325517e-12	0.714	ok
circuit5M_dc	hybrid-async	naive	w900	4	1.17329	4.33402e-12	0.745	ok
circuit5M_dc	hybrid-async	patoh	w100	4	2.780926	7.765919e-12	0.314	ok
circuit5M_dc	hybrid-async	patoh	w1000	4	1.098409	4.354361e-12	0.796	ok
circuit5M_dc	hybrid-async	patoh	w1100	4	1.089655	4.466274e-12	0.802	ok
circuit5M_dc	hybrid-async	patoh	w1200	4	1.07438	4.353133e-12	0.814	ok
circuit5M_dc	hybrid-async	patoh	w2000	4	1.016299	6.318229e-12	0.86	ok
circuit5M_dc	hybrid-async	patoh	w2720	4	1.005242	4.324545e-12	0.87	ok
circuit5M_dc	hybrid-async	patoh	w400	4	1.499237	5.209649e-12	0.583	ok
circuit5M_dc	hybrid-async	patoh	w500	4	1.376962	4.33847e-12	0.635	ok
circuit5M_dc	hybrid-async	patoh	w600	4	1.304103	4.323837e-12	0.67	ok
circuit5M_dc	hybrid-async	patoh	w700	4	1.208614	4.325639e-12	0.723	ok
circuit5M_dc	hybrid-async	patoh	w800	4	1.157396	1.081093e-11	0.755	ok
circuit5M_dc	hybrid-async	patoh	w900	4	1.120921	4.485363e-12	0.78	ok
circuit5M_dc	hybrid-async-dp	naive	w100	4	2.668934	6.871595e-12	0.328	ok
circuit5M_dc	hybrid-async-dp	naive	w1000	4	0.960962	4.367082e-12	0.91	ok
circuit5M_dc	hybrid-async-dp	naive	w1100	4	0.930197	4.501984e-12	0.94	ok
circuit5M_dc	hybrid-async-dp	naive	w1200	4	0.914846	5.413556e-12	0.956	ok
circuit5M_dc	hybrid-async-dp	naive	w2000	4	0.843029	4.334421e-12	1.037	ok
circuit5M_dc	hybrid-async-dp	naive	w2720	4	0.812552	4.404762e-12	1.076	ok
circuit5M_dc	hybrid-async-dp	naive	w400	4	1.395325	5.603896e-12	0.627	ok
circuit5M_dc	hybrid-async-dp	naive	w500	4	1.236953	5.244295e-12	0.707	ok
circuit5M_dc	hybrid-async-dp	naive	w600	4	1.135655	4.328648e-12	0.77	ok
circuit5M_dc	hybrid-async-dp	naive	w700	4	1.070527	5.531719e-12	0.817	ok
circuit5M_dc	hybrid-async-dp	naive	w800	4	1.031396	4.351427e-12	0.848	ok
circuit5M_dc	hybrid-async-dp	naive	w900	4	0.970024	5.823751e-12	0.901	ok
circuit5M_dc	hybrid-async-dp	patoh	w100	4	2.582741	4.332408e-12	0.338	ok
circuit5M_dc	hybrid-async-dp	patoh	w1000	4	0.904405	4.339185e-12	0.967	ok
circuit5M_dc	hybrid-async-dp	patoh	w1100	4	0.883277	7.079933e-12	0.99	ok
circuit5M_dc	hybrid-async-dp	patoh	w1200	4	0.875637	4.389669e-12	0.998	ok
circuit5M_dc	hybrid-async-dp	patoh	w2000	4	0.827225	4.328424e-12	1.057	ok
circuit5M_dc	hybrid-async-dp	patoh	w2720	4	0.802648	4.361638e-12	1.089	ok
circuit5M_dc	hybrid-async-dp	patoh	w400	4	1.30176	9.042195e-12	0.672	ok
circuit5M_dc	hybrid-async-dp	patoh	w500	4	1.167774	9.817854e-12	0.749	ok
circuit5M_dc	hybrid-async-dp	patoh	w600	4	1.102362	4.351293e-12	0.793	ok
circuit5M_dc	hybrid-async-dp	patoh	w700	4	1.017361	4.348079e-12	0.859	ok
circuit5M_dc	hybrid-async-dp	patoh	w800	4	0.965371	4.349591e-12	0.906	ok
circuit5M_dc	hybrid-async-dp	patoh	w900	4	0.927945	1.430967e-11	0.942	ok
circuit5M_dc	hybrid-dist-dp	naive	w100	4	4.441743	6.285407e-12	0.197	ok
circuit5M_dc	hybrid-dist-dp	naive	w1000	4	0.721544	5.367877e-12	1.212	ok
circuit5M_dc	hybrid-dist-dp	naive	w1100	4	0.714489	4.352781e-12	1.224	ok
circuit5M_dc	hybrid-dist-dp	naive	w1200	2	0.713378	4.980875e-12	1.225	ok
circuit5M_dc	hybrid-dist-dp	naive	w2000	2	0.724199	4.358456e-12	1.207	ok
circuit5M_dc	hybrid-dist-dp	naive	w2720	1	0.730299	5.494134e-12	1.197	ok
circuit5M_dc	hybrid-dist-dp	naive	w400	4	1.508954	1.619639e-11	0.579	ok
circuit5M_dc	hybrid-dist-dp	naive	w500	4	1.192966	4.476337e-12	0.733	ok
circuit5M_dc	hybrid-dist-dp	naive	w600	4	1.001073	4.53183e-12	0.873	ok
circuit5M_dc	hybrid-dist-dp	naive	w700	4	0.850944	4.399826e-12	1.027	ok
circuit5M_dc	hybrid-dist-dp	naive	w800	4	0.770787	1.050032e-11	1.134	ok
circuit5M_dc	hybrid-dist-dp	naive	w900	4	0.729761	4.325986e-12	1.198	ok
circuit5M_dc	hybrid-dist-dp	patoh	w100	4	3.767125	4.333583e-12	0.232	ok
circuit5M_dc	hybrid-dist-dp	patoh	w1000	2	0.687838	4.423742e-12	1.271	ok
circuit5M_dc	hybrid-dist-dp	patoh	w1100	4	0.690944	5.103632e-12	1.265	ok
circuit5M_dc	hybrid-dist-dp	patoh	w1200	2	0.691843	4.327585e-12	1.264	ok
circuit5M_dc	hybrid-dist-dp	patoh	w2000	4	0.716486	4.360773e-12	1.22	ok
circuit5M_dc	hybrid-dist-dp	patoh	w2720	1	0.724511	6.381592e-12	1.207	ok
circuit5M_dc	hybrid-dist-dp	patoh	w400	4	1.148227	4.322197e-12	0.761	ok
circuit5M_dc	hybrid-dist-dp	patoh	w500	4	0.930068	4.714077e-12	0.94	ok
circuit5M_dc	hybrid-dist-dp	patoh	w600	4	0.776075	4.426132e-12	1.126	ok
circuit5M_dc	hybrid-dist-dp	patoh	w700	4	0.707357	8.476722e-12	1.236	ok
circuit5M_dc	hybrid-dist-dp	patoh	w800	2	0.703467	1.249534e-11	1.243	ok
circuit5M_dc	hybrid-dist-dp	patoh	w900	2	0.692797	4.320588e-12	1.262	ok
circuit5M_dc	hybrid-dist-pipelined	naive	w100	4	6.242033	2.799438e-11	0.14	ok
circuit5M_dc	hybrid-dist-pipelined	naive	w1000	4	1.034089	2.796408e-11	0.845	ok
circuit5M_dc	hybrid-dist-pipelined	naive	w1100	4	1.023079	2.948087e-11	0.855	ok
circuit5M_dc	hybrid-dist-pipelined	naive	w1200	4	1.021993	2.800605e-11	0.855	ok
circuit5M_dc	hybrid-dist-pipelined	naive	w2000	1	1.035596	2.936799e-11	0.844	ok
circuit5M_dc	hybrid-dist-pipelined	naive	w2720	2	1.045533	2.78696e-11	0.836	ok
circuit5M_dc	hybrid-dist-pipelined	naive	w400	4	2.24682	2.804602e-11	0.389	ok
circuit5M_dc	hybrid-dist-pipelined	naive	w500	4	1.798299	2.797242e-11	0.486	ok
circuit5M_dc	hybrid-dist-pipelined	naive	w600	4	1.490447	2.801658e-11	0.587	ok
circuit5M_dc	hybrid-dist-pipelined	naive	w700	4	1.292048	2.799713e-11	0.677	ok
circuit5M_dc	hybrid-dist-pipelined	naive	w800	4	1.164885	1.88077e-10	0.75	ok
circuit5M_dc	hybrid-dist-pipelined	naive	w900	4	1.083395	2.799715e-11	0.807	ok
circuit5M_dc	hybrid-dist-pipelined	patoh	w100	4	5.205945	2.799999e-11	0.168	ok
circuit5M_dc	hybrid-dist-pipelined	patoh	w1000	2	0.999224	2.797715e-11	0.875	ok
circuit5M_dc	hybrid-dist-pipelined	patoh	w1100	1	0.998545	2.80448e-11	0.876	ok
circuit5M_dc	hybrid-dist-pipelined	patoh	w1200	2	0.997218	2.798582e-11	0.877	ok
circuit5M_dc	hybrid-dist-pipelined	patoh	w2000	4	1.030384	2.856526e-11	0.848	ok
circuit5M_dc	hybrid-dist-pipelined	patoh	w2720	1	1.042242	2.799823e-11	0.839	ok
circuit5M_dc	hybrid-dist-pipelined	patoh	w400	4	1.685272	2.800249e-11	0.519	ok
circuit5M_dc	hybrid-dist-pipelined	patoh	w500	4	1.362217	2.804771e-11	0.642	ok
circuit5M_dc	hybrid-dist-pipelined	patoh	w600	4	1.170481	2.799848e-11	0.747	ok
circuit5M_dc	hybrid-dist-pipelined	patoh	w700	4	1.026619	2.799367e-11	0.852	ok
circuit5M_dc	hybrid-dist-pipelined	patoh	w800	4	1.009758	4.790472e-11	0.866	ok
circuit5M_dc	hybrid-dist-pipelined	patoh	w900	2	1.002475	2.801781e-11	0.872	ok
circuit5M_dc	mpi	naive	w100	1	11.902238	5.972788e-12	0.073	ok
circuit5M_dc	mpi	naive	w1000	1	12.324996	1.555299e-11	0.071	ok
circuit5M_dc	mpi	naive	w1100	1	12.284938	7.792206e-12	0.071	ok
circuit5M_dc	mpi	naive	w1200	1	12.305283	4.338663e-12	0.071	ok
circuit5M_dc	mpi	naive	w2000	1	12.282743	4.351216e-12	0.071	ok
circuit5M_dc	mpi	naive	w2720	1	12.276931	4.334623e-12	0.071	ok
circuit5M_dc	mpi	naive	w400	1	12.233122	4.459162e-12	0.071	ok
circuit5M_dc	mpi	naive	w500	1	12.301774	4.394312e-12	0.071	ok
circuit5M_dc	mpi	naive	w600	1	12.310997	1.169123e-11	0.071	ok
circuit5M_dc	mpi	naive	w700	1	12.322226	4.341576e-12	0.071	ok
circuit5M_dc	mpi	naive	w800	1	12.311793	4.341238e-12	0.071	ok
circuit5M_dc	mpi	naive	w900	1	12.304042	4.799311e-12	0.071	ok
circuit5M_dc	mpi	patoh	w100	1	9.591352	4.347129e-12	0.091	ok
circuit5M_dc	mpi	patoh	w1000	1	11.899816	4.500909e-12	0.073	ok
circuit5M_dc	mpi	patoh	w1100	1	11.96158	1.073596e-11	0.073	ok
circuit5M_dc	mpi	patoh	w1200	1	11.920411	4.335696e-12	0.073	ok
circuit5M_dc	mpi	patoh	w2000	1	12.082141	4.334909e-12	0.072	ok
circuit5M_dc	mpi	patoh	w2720	1	12.138941	4.419002e-12	0.072	ok
circuit5M_dc	mpi	patoh	w400	1	11.274314	4.358107e-12	0.078	ok
circuit5M_dc	mpi	patoh	w500	1	11.486885	4.324038e-12	0.076	ok
circuit5M_dc	mpi	patoh	w600	1	11.566595	4.38486e-12	0.076	ok
circuit5M_dc	mpi	patoh	w700	1	11.716926	4.457203e-12	0.075	ok
circuit5M_dc	mpi	patoh	w800	1	11.773663	5.010136e-12	0.074	ok
circuit5M_dc	mpi	patoh	w900	1	11.780864	4.364632e-12	0.074	ok
circuit5M_dc	mpi-gpu	naive	w100	1	8.76055	4.327385e-12	0.1	ok
circuit5M_dc	mpi-gpu	naive	w1000	1	2.189939	4.34051e-12	0.399	ok
circuit5M_dc	mpi-gpu	naive	w1100	1	2.109449	4.32449e-12	0.414	ok
circuit5M_dc	mpi-gpu	naive	w1200	1	2.040191	5.192725e-12	0.429	ok
circuit5M_dc	mpi-gpu	naive	w2000	1	1.842904	1.32593e-11	0.474	ok
circuit5M_dc	mpi-gpu	naive	w2720	1	1.824881	5.319918e-12	0.479	ok
circuit5M_dc	mpi-gpu	naive	w400	1	3.771859	4.687323e-12	0.232	ok
circuit5M_dc	mpi-gpu	naive	w500	1	3.128094	5.342265e-12	0.279	ok
circuit5M_dc	mpi-gpu	naive	w600	1	2.802611	4.327089e-12	0.312	ok
circuit5M_dc	mpi-gpu	naive	w700	1	2.589614	4.325011e-12	0.338	ok
circuit5M_dc	mpi-gpu	naive	w800	1	2.489519	4.728473e-12	0.351	ok
circuit5M_dc	mpi-gpu	naive	w900	1	2.335152	9.678556e-12	0.374	ok
circuit5M_dc	mpi-gpu	patoh	w100	1	6.192938	1.50906e-11	0.141	ok
circuit5M_dc	mpi-gpu	patoh	w1000	1	1.776844	4.326594e-12	0.492	ok
circuit5M_dc	mpi-gpu	patoh	w1100	1	1.751619	4.32186e-12	0.499	ok
circuit5M_dc	mpi-gpu	patoh	w1200	1	1.732059	7.417574e-12	0.505	ok
circuit5M_dc	mpi-gpu	patoh	w2000	1	1.74803	9.207526e-12	0.5	ok
circuit5M_dc	mpi-gpu	patoh	w2720	1	1.762046	4.347914e-12	0.496	ok
circuit5M_dc	mpi-gpu	patoh	w400	1	2.339534	5.333894e-12	0.374	ok
circuit5M_dc	mpi-gpu	patoh	w500	1	2.098063	4.607822e-12	0.417	ok
circuit5M_dc	mpi-gpu	patoh	w600	1	2.043196	4.367829e-12	0.428	ok
circuit5M_dc	mpi-gpu	patoh	w700	1	1.9894	5.005949e-12	0.439	ok
circuit5M_dc	mpi-gpu	patoh	w800	1	1.895204	4.351003e-12	0.461	ok
circuit5M_dc	mpi-gpu	patoh	w900	1	1.833078	5.272305e-12	0.477	ok
dgreen	cpu	-	-	4	11.681014	13.27582	0.07	ok
dgreen	gpu	-	-	1	0.817052		1.0	ok
dgreen	gpu-dp	-	-	1	0.746816		1.094	ok
dgreen	gpu-pipelined	-	-	1	1.063886		0.768	ok
dgreen	hybrid-async	naive	w100	4	2.920163		0.28	ok
dgreen	hybrid-async	naive	w1000	4	0.768166	2.311131	1.064	ok
dgreen	hybrid-async	naive	w1100	4	0.78064	2.311131	1.047	ok
dgreen	hybrid-async	naive	w1200	4	0.77888	2.311131	1.049	ok
dgreen	hybrid-async	naive	w2000	2	0.793525	2.311131	1.03	ok
dgreen	hybrid-async	naive	w2720	1	0.805371	2.311131	1.015	ok
dgreen	hybrid-async	naive	w400	4	1.284014	2.16555	0.636	ok
dgreen	hybrid-async	naive	w500	4	1.091967	2.49769	0.748	ok
dgreen	hybrid-async	naive	w600	4	0.95193	2.311131	0.858	ok
dgreen	hybrid-async	naive	w700	4	0.849543	2.309111	0.962	ok
dgreen	hybrid-async	naive	w800	4	0.77232	2.311131	1.058	ok
dgreen	hybrid-async	naive	w900	4	0.762269	2.311131	1.072	ok
dgreen	hybrid-async	patoh	w100	4	2.849026		0.287	ok
dgreen	hybrid-async	patoh	w1000	4	0.774006		1.056	ok
dgreen	hybrid-async	patoh	w1100	4	0.775751		1.053	ok
dgreen	hybrid-async	patoh	w1200	2	0.778629		1.049	ok
dgreen	hybrid-async	patoh	w2000	1	0.797848	4.679253	1.024	ok
dgreen	hybrid-async	patoh	w2720	1	0.80252		1.018	ok
dgreen	hybrid-async	patoh	w400	4	1.156194	2.175823	0.707	ok
dgreen	hybrid-async	patoh	w500	4	0.9897		0.826	ok
dgreen	hybrid-async	patoh	w600	4	0.904147		0.904	ok
dgreen	hybrid-async	patoh	w700	4	0.800021		1.021	ok
dgreen	hybrid-async	patoh	w800	4	0.765275		1.068	ok
dgreen	hybrid-async	patoh	w900	4	0.768509	14.28487	1.063	ok
dgreen	hybrid-async-dp	naive	w100	4	2.858634	15.46412	0.286	ok
dgreen	hybrid-async-dp	naive	w1000	4	0.695188		1.175	ok
dgreen	hybrid-async-dp	naive	w1100	4	0.706356		1.157	ok
dgreen	hybrid-async-dp	naive	w1200	4	0.699154		1.169	ok
dgreen	hybrid-async-dp	naive	w2000	2	0.727986		1.122	ok
dgreen	hybrid-async-dp	naive	w2720	4	0.735826		1.11	ok
dgreen	hybrid-async-dp	naive	w400	4	1.205866		0.678	ok
dgreen	hybrid-async-dp	naive	w500	4	1.011885		0.807	ok
dgreen	hybrid-async-dp	naive	w600	4	0.872047		0.937	ok
dgreen	hybrid-async-dp	naive	w700	4	0.767996		1.064	ok
dgreen	hybrid-async-dp	naive	w800	4	0.698814		1.169	ok
dgreen	hybrid-async-dp	naive	w900	4	0.687709		1.188	ok
dgreen	hybrid-async-dp	patoh	w100	4	2.79965		0.292	ok
dgreen	hybrid-async-dp	patoh	w1000	4	0.703801		1.161	ok
dgreen	hybrid-async-dp	patoh	w1100	4	0.705691		1.158	ok
dgreen	hybrid-async-dp	patoh	w1200	4	0.711899		1.148	ok
dgreen	hybrid-async-dp	patoh	w2000	1	0.724105		1.128	ok
dgreen	hybrid-async-dp	patoh	w2720	4	0.736369		1.11	ok
dgreen	hybrid-async-dp	patoh	w400	4	1.082339		0.755	ok
dgreen	hybrid-async-dp	patoh	w500	4	0.900791		0.907	ok
dgreen	hybrid-async-dp	patoh	w600	4	0.835086		0.978	ok
dgreen	hybrid-async-dp	patoh	w700	4	0.734056		1.113	ok
dgreen	hybrid-async-dp	patoh	w800	4	0.684943		1.193	ok
dgreen	hybrid-async-dp	patoh	w900	4	0.690367	20.48836	1.184	ok
dgreen	hybrid-dist-dp	naive	w100	4	3.315229	14.69439	0.246	ok
dgreen	hybrid-dist-dp	naive	w1000	4	0.746901	21.4244	1.094	ok
dgreen	hybrid-dist-dp	naive	w1100	4	0.739485		1.105	ok
dgreen	hybrid-dist-dp	naive	w1200	2	0.745514	18.3635	1.096	ok
dgreen	hybrid-dist-dp	naive	w2000	1	0.75254	15.56359	1.086	ok
dgreen	hybrid-dist-dp	naive	w2720	4	0.759512		1.076	ok
dgreen	hybrid-dist-dp	naive	w400	4	1.225356	13.26673	0.667	ok
dgreen	hybrid-dist-dp	naive	w500	4	0.979105	15.91233	0.834	ok
dgreen	hybrid-dist-dp	naive	w600	4	0.849489	17.04545	0.962	ok
dgreen	hybrid-dist-dp	naive	w700	4	0.746718	18.7148	1.094	ok
dgreen	hybrid-dist-dp	naive	w800	4	0.74022		1.104	ok
dgreen	hybrid-dist-dp	naive	w900	4	0.75203		1.086	ok
dgreen	hybrid-dist-dp	patoh	w100	4	3.017809	12.05877	0.271	ok
dgreen	hybrid-dist-dp	patoh	w1000	2	0.714395	16.31228	1.144	ok
dgreen	hybrid-dist-dp	patoh	w1100	2	0.720754	38.08805	1.134	ok
dgreen	hybrid-dist-dp	patoh	w1200	2	0.724158	31.07489	1.128	ok
dgreen	hybrid-dist-dp	patoh	w2000	1	0.74704	29.47124	1.094	ok
dgreen	hybrid-dist-dp	patoh	w2720	1	0.753054	14.51367	1.085	ok
dgreen	hybrid-dist-dp	patoh	w400	4	0.924501	14.39894	0.884	ok
dgreen	hybrid-dist-dp	patoh	w500	4	0.741211	18.25039	1.102	ok
dgreen	hybrid-dist-dp	patoh	w600	4	0.696187	17.68121	1.174	ok
dgreen	hybrid-dist-dp	patoh	w700	4	0.695571	19.15781	1.175	ok
dgreen	hybrid-dist-dp	patoh	w800	4	0.699693	2.038698	1.168	ok
dgreen	hybrid-dist-dp	patoh	w900	4	0.710871	16.48547	1.149	ok
dgreen	hybrid-dist-pipelined	naive	w100	4	4.055701	20.11243	0.201	ok
dgreen	hybrid-dist-pipelined	naive	w1000	2	0.921301	14.07187	0.887	ok
dgreen	hybrid-dist-pipelined	naive	w1100	4	0.920231	11.66696	0.888	ok
dgreen	hybrid-dist-pipelined	naive	w1200	2	0.929962	14.83272	0.879	ok
dgreen	hybrid-dist-pipelined	naive	w2000	1	0.93182	19.55225	0.877	ok
dgreen	hybrid-dist-pipelined	naive	w2720	1	0.935774	19.55225	0.873	ok
dgreen	hybrid-dist-pipelined	naive	w400	4	1.562464	3.919493	0.523	ok
dgreen	hybrid-dist-pipelined	naive	w500	4	1.258879	17.17592	0.649	ok
dgreen	hybrid-dist-pipelined	naive	w600	4	1.07279	14.87712	0.762	ok
dgreen	hybrid-dist-pipelined	naive	w700	4	0.933391	19.26848	0.875	ok
dgreen	hybrid-dist-pipelined	naive	w800	4	0.920418	14.42592	0.888	ok
dgreen	hybrid-dist-pipelined	naive	w900	4	0.919463	17.97555	0.889	ok
dgreen	hybrid-dist-pipelined	patoh	w100	4	3.776025	18.17503	0.216	ok
dgreen	hybrid-dist-pipelined	patoh	w1000	4	0.887778	13.66796	0.92	ok
dgreen	hybrid-dist-pipelined	patoh	w1100	4	0.892532	15.58051	0.915	ok
dgreen	hybrid-dist-pipelined	patoh	w1200	4	0.902016	17.54286	0.906	ok
dgreen	hybrid-dist-pipelined	patoh	w2000	2	0.918591	16.65214	0.889	ok
dgreen	hybrid-dist-pipelined	patoh	w2720	2	0.931456	16.25451	0.877	ok
dgreen	hybrid-dist-pipelined	patoh	w400	4	1.194036	15.32874	0.684	ok
dgreen	hybrid-dist-pipelined	patoh	w500	4	0.962749	14.76317	0.849	ok
dgreen	hybrid-dist-pipelined	patoh	w600	4	0.88437	18.47284	0.924	ok
dgreen	hybrid-dist-pipelined	patoh	w700	4	0.856293	19.37929	0.954	ok
dgreen	hybrid-dist-pipelined	patoh	w800	4	0.867923	17.46985	0.941	ok
dgreen	hybrid-dist-pipelined	patoh	w900	4	0.884971	18.41203	0.923	ok
dgreen	mpi	naive	w100	1	9.164364	6.711497	0.089	ok
dgreen	mpi	naive	w1000	1	13.097926	2.518868	0.062	ok
dgreen	mpi	naive	w1100	1	13.076921	3.725317	0.062	ok
dgreen	mpi	naive	w1200	1	13.186744	2.980304	0.062	ok
dgreen	mpi	naive	w2000	1	13.338046	2.163419	0.061	ok
dgreen	mpi	naive	w2720	1	13.438356	2.493554	0.061	ok
dgreen	mpi	naive	w400	1	12.127867	11.64167	0.067	ok
dgreen	mpi	naive	w500	1	12.440374	1.969544	0.066	ok
dgreen	mpi	naive	w600	1	12.641888	2.22443	0.065	ok
dgreen	mpi	naive	w700	1	12.82019	3.523725	0.064	ok
dgreen	mpi	naive	w800	1	12.931082	2.62485	0.063	ok
dgreen	mpi	naive	w900	1	13.043623	2.824073	0.063	ok
dgreen	mpi	patoh	w100	1	7.729801	18.60274	0.106	ok
dgreen	mpi	patoh	w1000	1	12.806728	14.85774	0.064	ok
dgreen	mpi	patoh	w1100	1	12.871345	15.97244	0.063	ok
dgreen	mpi	patoh	w1200	1	13.051869	18.3966	0.063	ok
dgreen	mpi	patoh	w2000	1	13.314662	16.25712	0.061	ok
dgreen	mpi	patoh	w2720	1	13.460701	17.42334	0.061	ok
dgreen	mpi	patoh	w400	1	11.527361	6.615001	0.071	ok
dgreen	mpi	patoh	w500	1	11.970541	18.74842	0.068	ok
dgreen	mpi	patoh	w600	1	12.126259	14.13866	0.067	ok
dgreen	mpi	patoh	w700	1	12.304881	14.38028	0.066	ok
dgreen	mpi	patoh	w800	1	12.553233	2.147901	0.065	ok
dgreen	mpi	patoh	w900	1	12.698991	16.98206	0.064	ok
dgreen	mpi-gpu	naive	w100	1	8.043372	16.63841	0.102	ok
dgreen	mpi-gpu	naive	w1000	1	1.547429		0.528	ok
dgreen	mpi-gpu	naive	w1100	1	1.464396	10.99278	0.558	ok
dgreen	mpi-gpu	naive	w1200	1	1.342375	4.998826	0.609	ok
dgreen	mpi-gpu	naive	w2000	1	1.100805		0.742	ok
dgreen	mpi-gpu	naive	w2720	1	1.080856		0.756	ok
dgreen	mpi-gpu	naive	w400	1	3.562723	16.59082	0.229	ok
dgreen	mpi-gpu	naive	w500	1	2.924588	16.9855	0.279	ok
dgreen	mpi-gpu	naive	w600	1	2.50136	12.39595	0.327	ok
dgreen	mpi-gpu	naive	w700	1	2.154346	19.28347	0.379	ok
dgreen	mpi-gpu	naive	w800	1	1.897393		0.431	ok
dgreen	mpi-gpu	naive	w900	1	1.685497	2.194846	0.485	ok
dgreen	mpi-gpu	patoh	w100	1	6.437808	14.17184	0.127	ok
dgreen	mpi-gpu	patoh	w1000	1	1.072388	14.48281	0.762	ok
dgreen	mpi-gpu	patoh	w1100	1	1.047568	17.11546	0.78	ok
dgreen	mpi-gpu	patoh	w1200	1	1.046267	21.21881	0.781	ok
dgreen	mpi-gpu	patoh	w2000	1	1.045139	15.56318	0.782	ok
dgreen	mpi-gpu	patoh	w2720	1	1.048997	19.67583	0.779	ok
dgreen	mpi-gpu	patoh	w400	1	2.450893	17.33392	0.333	ok
dgreen	mpi-gpu	patoh	w500	1	2.077282	18.43842	0.393	ok
dgreen	mpi-gpu	patoh	w600	1	1.928585	2.05656	0.424	ok
dgreen	mpi-gpu	patoh	w700	1	1.644433	17.89535	0.497	ok
dgreen	mpi-gpu	patoh	w800	1	1.382272	4.063628	0.591	ok
dgreen	mpi-gpu	patoh	w900	1	1.217069	15.94684	0.671	ok
nlpkkt120	cpu	-	-	0				parsefail(rc=1)
nlpkkt120	gpu	-	-	0				parsefail(rc=1)
nlpkkt120	gpu-dp	-	-	0				parsefail(rc=1)
nlpkkt120	gpu-pipelined	-	-	0				parsefail(rc=1)
nlpkkt120	hybrid-async	naive	w100	0				parsefail(rc=1)
nlpkkt120	hybrid-async	naive	w1000	0				parsefail(rc=1)
nlpkkt120	hybrid-async	naive	w1100	0				parsefail(rc=1)
nlpkkt120	hybrid-async	naive	w1200	0				parsefail(rc=1)
nlpkkt120	hybrid-async	naive	w2000	0				parsefail(rc=1)
nlpkkt120	hybrid-async	naive	w2720	0				parsefail(rc=1)
nlpkkt120	hybrid-async	naive	w400	0				parsefail(rc=1)
nlpkkt120	hybrid-async	naive	w500	0				parsefail(rc=1)
nlpkkt120	hybrid-async	naive	w600	0				parsefail(rc=1)
nlpkkt120	hybrid-async	naive	w700	0				parsefail(rc=1)
nlpkkt120	hybrid-async	naive	w800	0				parsefail(rc=1)
nlpkkt120	hybrid-async	naive	w900	0				parsefail(rc=1)
nlpkkt120	hybrid-async-dp	naive	w100	0				parsefail(rc=1)
nlpkkt120	hybrid-async-dp	naive	w1000	0				parsefail(rc=1)
nlpkkt120	hybrid-async-dp	naive	w1100	0				parsefail(rc=1)
nlpkkt120	hybrid-async-dp	naive	w1200	0				parsefail(rc=1)
nlpkkt120	hybrid-async-dp	naive	w2000	0				parsefail(rc=1)
nlpkkt120	hybrid-async-dp	naive	w2720	0				parsefail(rc=1)
nlpkkt120	hybrid-async-dp	naive	w400	0				parsefail(rc=1)
nlpkkt120	hybrid-async-dp	naive	w500	0				parsefail(rc=1)
nlpkkt120	hybrid-async-dp	naive	w600	0				parsefail(rc=1)
nlpkkt120	hybrid-async-dp	naive	w700	0				parsefail(rc=1)
nlpkkt120	hybrid-async-dp	naive	w800	0				parsefail(rc=1)
nlpkkt120	hybrid-async-dp	naive	w900	0				parsefail(rc=1)
nlpkkt120	hybrid-dist-dp	naive	w100	0				parsefail(rc=1)
nlpkkt120	hybrid-dist-dp	naive	w1000	0				parsefail(rc=1)
nlpkkt120	hybrid-dist-dp	naive	w1100	0				parsefail(rc=1)
nlpkkt120	hybrid-dist-dp	naive	w1200	0				parsefail(rc=1)
nlpkkt120	hybrid-dist-dp	naive	w2000	0				parsefail(rc=1)
nlpkkt120	hybrid-dist-dp	naive	w2720	0				parsefail(rc=1)
nlpkkt120	hybrid-dist-dp	naive	w400	0				parsefail(rc=1)
nlpkkt120	hybrid-dist-dp	naive	w500	0				parsefail(rc=1)
nlpkkt120	hybrid-dist-dp	naive	w600	0				parsefail(rc=1)
nlpkkt120	hybrid-dist-dp	naive	w700	0				parsefail(rc=1)
nlpkkt120	hybrid-dist-dp	naive	w800	0				parsefail(rc=1)
nlpkkt120	hybrid-dist-dp	naive	w900	0				parsefail(rc=1)
nlpkkt120	hybrid-dist-pipelined	naive	w100	0				parsefail(rc=1)
nlpkkt120	hybrid-dist-pipelined	naive	w1000	0				parsefail(rc=1)
nlpkkt120	hybrid-dist-pipelined	naive	w1100	0				parsefail(rc=1)
nlpkkt120	hybrid-dist-pipelined	naive	w1200	0				parsefail(rc=1)
nlpkkt120	hybrid-dist-pipelined	naive	w2000	0				parsefail(rc=1)
nlpkkt120	hybrid-dist-pipelined	naive	w2720	0				parsefail(rc=1)
nlpkkt120	hybrid-dist-pipelined	naive	w400	0				parsefail(rc=1)
nlpkkt120	hybrid-dist-pipelined	naive	w500	0				parsefail(rc=1)
nlpkkt120	hybrid-dist-pipelined	naive	w600	0				parsefail(rc=1)
nlpkkt120	hybrid-dist-pipelined	naive	w700	0				parsefail(rc=1)
nlpkkt120	hybrid-dist-pipelined	naive	w800	0				parsefail(rc=1)
nlpkkt120	hybrid-dist-pipelined	naive	w900	0				parsefail(rc=1)
nlpkkt120	mpi	naive	w100	0				parsefail(rc=1)
nlpkkt120	mpi	naive	w1000	0				parsefail(rc=1)
nlpkkt120	mpi	naive	w1100	0				parsefail(rc=1)
nlpkkt120	mpi	naive	w1200	0				parsefail(rc=1)
nlpkkt120	mpi	naive	w2000	0				parsefail(rc=1)
nlpkkt120	mpi	naive	w2720	0				parsefail(rc=1)
nlpkkt120	mpi	naive	w400	0				parsefail(rc=1)
nlpkkt120	mpi	naive	w500	0				parsefail(rc=1)
nlpkkt120	mpi	naive	w600	0				parsefail(rc=1)
nlpkkt120	mpi	naive	w700	0				parsefail(rc=1)
nlpkkt120	mpi	naive	w800	0				parsefail(rc=1)
nlpkkt120	mpi	naive	w900	0				parsefail(rc=1)
nlpkkt120	mpi-gpu	naive	w100	0				parsefail(rc=1)
nlpkkt120	mpi-gpu	naive	w1000	0				parsefail(rc=1)
nlpkkt120	mpi-gpu	naive	w1100	0				parsefail(rc=1)
nlpkkt120	mpi-gpu	naive	w1200	0				parsefail(rc=1)
nlpkkt120	mpi-gpu	naive	w2000	0				parsefail(rc=1)
nlpkkt120	mpi-gpu	naive	w2720	0				parsefail(rc=1)
nlpkkt120	mpi-gpu	naive	w400	0				parsefail(rc=1)
nlpkkt120	mpi-gpu	naive	w500	0				parsefail(rc=1)
nlpkkt120	mpi-gpu	naive	w600	0				parsefail(rc=1)
nlpkkt120	mpi-gpu	naive	w700	0				parsefail(rc=1)
nlpkkt120	mpi-gpu	naive	w800	0				parsefail(rc=1)
nlpkkt120	mpi-gpu	naive	w900	0				parsefail(rc=1)
nv2	cpu	-	-	8	18.435328	0.004601831	0.062	ok
nv2	gpu	-	-	1	1.147953	0.004800583	1.0	ok
nv2	gpu-dp	-	-	1	1.061986	0.0040953	1.081	ok
nv2	gpu-pipelined	-	-	1	1.460878	0.006079978	0.786	ok
nv2	hybrid-async	naive	w100	4	4.199966	0.009353564	0.273	ok
nv2	hybrid-async	naive	w1000	4	1.070574	0.006129144	1.072	ok
nv2	hybrid-async	naive	w1100	4	1.0778	0.005407955	1.065	ok
nv2	hybrid-async	naive	w1200	4	1.080927	0.005405787	1.062	ok
nv2	hybrid-async	naive	w2000	2	1.105027	0.006126588	1.039	ok
nv2	hybrid-async	naive	w2720	1	1.115382	0.00499043	1.029	ok
nv2	hybrid-async	naive	w400	4	1.893038	0.005810771	0.606	ok
nv2	hybrid-async	naive	w500	4	1.654853	0.00687991	0.694	ok
nv2	hybrid-async	naive	w600	4	1.425762	0.005446881	0.805	ok
nv2	hybrid-async	naive	w700	4	1.276615	0.004796983	0.899	ok
nv2	hybrid-async	naive	w800	4	1.177123	0.005014624	0.975	ok
nv2	hybrid-async	naive	w900	4	1.085661	0.01077346	1.057	ok
nv2	hybrid-async	patoh	w100	4	3.963083	0.003476382	0.29	ok
nv2	hybrid-async	patoh	w1000	4	1.058952	0.00552522	1.084	ok
nv2	hybrid-async	patoh	w1100	2	1.064276	0.004912113	1.079	ok
nv2	hybrid-async	patoh	w1200	4	1.084144	0.01136893	1.059	ok
nv2	hybrid-async	patoh	w2000	1	1.112387	0.004561574	1.032	ok
nv2	hybrid-async	patoh	w2720	4	1.125343	0.004906335	1.02	ok
nv2	hybrid-async	patoh	w400	4	1.622724	0.004982466	0.707	ok
nv2	hybrid-async	patoh	w500	4	1.477866	0.005073587	0.777	ok
nv2	hybrid-async	patoh	w600	4	1.202759	0.005778233	0.954	ok
nv2	hybrid-async	patoh	w700	4	1.08207	0.006179075	1.061	ok
nv2	hybrid-async	patoh	w800	4	1.053694	0.004571502	1.089	ok
nv2	hybrid-async	patoh	w900	4	1.052686	0.004333557	1.09	ok
nv2	hybrid-async-dp	naive	w100	4	4.134031	0.004388952	0.278	ok
nv2	hybrid-async-dp	naive	w1000	4	0.984231	0.007608698	1.166	ok
nv2	hybrid-async-dp	naive	w1100	4	0.986664	0.005195136	1.163	ok
nv2	hybrid-async-dp	naive	w1200	4	0.990955	0.005962521	1.158	ok
nv2	hybrid-async-dp	naive	w2000	2	1.019446	0.00351258	1.126	ok
nv2	hybrid-async-dp	naive	w2720	1	1.031045	0.004268287	1.113	ok
nv2	hybrid-async-dp	naive	w400	4	1.830056	0.003772248	0.627	ok
nv2	hybrid-async-dp	naive	w500	4	1.593626	0.0039887	0.72	ok
nv2	hybrid-async-dp	naive	w600	4	1.333333	0.003985734	0.861	ok
nv2	hybrid-async-dp	naive	w700	4	1.189493	0.007065105	0.965	ok
nv2	hybrid-async-dp	naive	w800	4	1.087581	0.004304142	1.056	ok
nv2	hybrid-async-dp	naive	w900	4	1.012763	0.005249651	1.133	ok
nv2	hybrid-async-dp	patoh	w100	4	3.958991	0.005266993	0.29	ok
nv2	hybrid-async-dp	patoh	w1000	4	0.970647	0.005570774	1.183	ok
nv2	hybrid-async-dp	patoh	w1100	2	0.979481	0.00464884	1.172	ok
nv2	hybrid-async-dp	patoh	w1200	2	0.9989	0.007306669	1.149	ok
nv2	hybrid-async-dp	patoh	w2000	4	1.02622	0.004968183	1.119	ok
nv2	hybrid-async-dp	patoh	w2720	4	1.038675	0.00320315	1.105	ok
nv2	hybrid-async-dp	patoh	w400	4	1.528519	0.00646191	0.751	ok
nv2	hybrid-async-dp	patoh	w500	4	1.362164	0.005232207	0.843	ok
nv2	hybrid-async-dp	patoh	w600	4	1.132375	0.00852369	1.014	ok
nv2	hybrid-async-dp	patoh	w700	4	0.990176	0.0195301	1.159	ok
nv2	hybrid-async-dp	patoh	w800	4	0.964903	0.004404098	1.19	ok
nv2	hybrid-async-dp	patoh	w900	4	0.963441	0.004346641	1.192	ok
nv2	hybrid-dist-dp	naive	w100	4	4.955645	0.007026017	0.232	ok
nv2	hybrid-dist-dp	naive	w1000	4	1.049771	0.008342227	1.094	ok
nv2	hybrid-dist-dp	naive	w1100	4	1.051602	0.006584955	1.092	ok
nv2	hybrid-dist-dp	naive	w1200	4	1.060127	0.005215576	1.083	ok
nv2	hybrid-dist-dp	naive	w2000	1	1.080223	0.004516353	1.063	ok
nv2	hybrid-dist-dp	naive	w2720	4	1.086695	0.005364509	1.056	ok
nv2	hybrid-dist-dp	naive	w400	4	1.874766	0.004265003	0.612	ok
nv2	hybrid-dist-dp	naive	w500	4	1.566365	0.004475068	0.733	ok
nv2	hybrid-dist-dp	naive	w600	4	1.280606	0.00397089	0.896	ok
nv2	hybrid-dist-dp	naive	w700	4	1.080297	0.0076967	1.063	ok
nv2	hybrid-dist-dp	naive	w800	4	1.036542	0.004830584	1.107	ok
nv2	hybrid-dist-dp	naive	w900	4	1.038475	0.00462576	1.105	ok
nv2	hybrid-dist-dp	patoh	w100	4	4.489494	0.004497873	0.256	ok
nv2	hybrid-dist-dp	patoh	w1000	4	0.990225	0.004159582	1.159	ok
nv2	hybrid-dist-dp	patoh	w1100	2	0.998972	0.004834164	1.149	ok
nv2	hybrid-dist-dp	patoh	w1200	4	1.013273	0.006406891	1.133	ok
nv2	hybrid-dist-dp	patoh	w2000	4	1.046039	0.005674887	1.097	ok
nv2	hybrid-dist-dp	patoh	w2720	2	1.063902	0.005432935	1.079	ok
nv2	hybrid-dist-dp	patoh	w400	4	1.413448	0.007364966	0.812	ok
nv2	hybrid-dist-dp	patoh	w500	4	1.186228	0.005184798	0.968	ok
nv2	hybrid-dist-dp	patoh	w600	4	0.961349	0.007625995	1.194	ok
nv2	hybrid-dist-dp	patoh	w700	4	0.961152	0.006578363	1.194	ok
nv2	hybrid-dist-dp	patoh	w800	4	0.980881	0.004454293	1.17	ok
nv2	hybrid-dist-dp	patoh	w900	4	0.986245	0.005689761	1.164	ok
nv2	hybrid-dist-pipelined	naive	w100	4	5.991901	0.005855401	0.192	ok
nv2	hybrid-dist-pipelined	naive	w1000	4	1.291738	0.003909422	0.889	ok
nv2	hybrid-dist-pipelined	naive	w1100	4	1.297648	0.004672436	0.885	ok
nv2	hybrid-dist-pipelined	naive	w1200	4	1.297869	0.006365383	0.884	ok
nv2	hybrid-dist-pipelined	naive	w2000	4	1.321917	0.003601779	0.868	ok
nv2	hybrid-dist-pipelined	naive	w2720	2	1.332751	0.005006897	0.861	ok
nv2	hybrid-dist-pipelined	naive	w400	4	2.29085	0.01148496	0.501	ok
nv2	hybrid-dist-pipelined	naive	w500	4	1.943812	0.004335293	0.591	ok
nv2	hybrid-dist-pipelined	naive	w600	4	1.579356	0.004551781	0.727	ok
nv2	hybrid-dist-pipelined	naive	w700	4	1.372899	0.005241235	0.836	ok
nv2	hybrid-dist-pipelined	naive	w800	4	1.276314	0.00531392	0.899	ok
nv2	hybrid-dist-pipelined	naive	w900	4	1.282463	0.004639803	0.895	ok
nv2	hybrid-dist-pipelined	patoh	w100	4	5.392195	0.004585491	0.213	ok
nv2	hybrid-dist-pipelined	patoh	w1000	2	1.227915	0.006841195	0.935	ok
nv2	hybrid-dist-pipelined	patoh	w1100	4	1.239873	0.003974332	0.926	ok
nv2	hybrid-dist-pipelined	patoh	w1200	4	1.25617	0.003959469	0.914	ok
nv2	hybrid-dist-pipelined	patoh	w2000	4	1.289587	0.01476872	0.89	ok
nv2	hybrid-dist-pipelined	patoh	w2720	4	1.309613	0.003672134	0.877	ok
nv2	hybrid-dist-pipelined	patoh	w400	4	1.698785	0.00373873	0.676	ok
nv2	hybrid-dist-pipelined	patoh	w500	4	1.494328	0.004169185	0.768	ok
nv2	hybrid-dist-pipelined	patoh	w600	4	1.290876	0.008828442	0.889	ok
nv2	hybrid-dist-pipelined	patoh	w700	4	1.190739	0.01019931	0.964	ok
nv2	hybrid-dist-pipelined	patoh	w800	4	1.211682	0.004396498	0.947	ok
nv2	hybrid-dist-pipelined	patoh	w900	4	1.219747	0.006818874	0.941	ok
nv2	mpi	naive	w100	1	13.564189	0.007475423	0.085	ok
nv2	mpi	naive	w1000	1	21.174804	0.003618858	0.054	ok
nv2	mpi	naive	w1100	1	21.410623	0.004304399	0.054	ok
nv2	mpi	naive	w1200	1	21.580604	0.005262368	0.053	ok
nv2	mpi	naive	w2000	1	22.201449	0.005844235	0.052	ok
nv2	mpi	naive	w2720	1	23.148071	0.00393201	0.05	ok
nv2	mpi	naive	w400	1	19.032948	0.004941972	0.06	ok
nv2	mpi	naive	w500	1	19.8454	0.003954495	0.058	ok
nv2	mpi	naive	w600	1	20.400558	0.004555579	0.056	ok
nv2	mpi	naive	w700	1	20.612223	0.005489488	0.056	ok
nv2	mpi	naive	w800	1	21.23166	0.006212806	0.054	ok
nv2	mpi	naive	w900	1	21.045569	0.003931467	0.055	ok
nv2	mpi	patoh	w100	1	12.57655	0.007677171	0.091	ok
nv2	mpi	patoh	w1000	1	21.380441	0.004820585	0.054	ok
nv2	mpi	patoh	w1100	1	21.606493	0.02607215	0.053	ok
nv2	mpi	patoh	w1200	1	21.565409	0.004051211	0.053	ok
nv2	mpi	patoh	w2000	1	22.38664	0.005873454	0.051	ok
nv2	mpi	patoh	w2720	1	22.544397	0.004436145	0.051	ok
nv2	mpi	patoh	w400	1	18.671322	0.03927332	0.061	ok
nv2	mpi	patoh	w500	1	19.286344	0.006647784	0.06	ok
nv2	mpi	patoh	w600	1	19.816393	0.003930874	0.058	ok
nv2	mpi	patoh	w700	1	20.467967	0.00639778	0.056	ok
nv2	mpi	patoh	w800	1	20.735169	0.00420218	0.055	ok
nv2	mpi	patoh	w900	1	21.153367	0.004305174	0.054	ok
nv2	mpi-gpu	naive	w100	1	12.043167	0.004121028	0.095	ok
nv2	mpi-gpu	naive	w1000	1	2.213991	0.004113154	0.518	ok
nv2	mpi-gpu	naive	w1100	1	2.05335	0.005775672	0.559	ok
nv2	mpi-gpu	naive	w1200	1	1.958523	0.004731929	0.586	ok
nv2	mpi-gpu	naive	w2000	1	1.795856	0.005309518	0.639	ok
nv2	mpi-gpu	naive	w2720	1	1.773003	0.003586441	0.647	ok
nv2	mpi-gpu	naive	w400	1	4.903403	0.004566721	0.234	ok
nv2	mpi-gpu	naive	w500	1	4.123851	0.01023361	0.278	ok
nv2	mpi-gpu	naive	w600	1	3.430078	0.006054303	0.335	ok
nv2	mpi-gpu	naive	w700	1	2.889485	0.003372572	0.397	ok
nv2	mpi-gpu	naive	w800	1	2.60369	0.004678095	0.441	ok
nv2	mpi-gpu	naive	w900	1	2.399206	0.004676368	0.478	ok
nv2	mpi-gpu	patoh	w100	1	10.705889	0.003988805	0.107	ok
nv2	mpi-gpu	patoh	w1000	1	1.633003	0.007031021	0.703	ok
nv2	mpi-gpu	patoh	w1100	1	1.645031	0.004505485	0.698	ok
nv2	mpi-gpu	patoh	w1200	1	1.636298	0.006679143	0.702	ok
nv2	mpi-gpu	patoh	w2000	1	1.696704	0.007973216	0.677	ok
nv2	mpi-gpu	patoh	w2720	1	1.696093	0.007070311	0.677	ok
nv2	mpi-gpu	patoh	w400	1	3.520535	0.004512309	0.326	ok
nv2	mpi-gpu	patoh	w500	1	3.063669	0.003763646	0.375	ok
nv2	mpi-gpu	patoh	w600	1	2.466527	0.005303563	0.465	ok
nv2	mpi-gpu	patoh	w700	1	2.116591	0.004141927	0.542	ok
nv2	mpi-gpu	patoh	w800	1	1.866018	0.004531473	0.615	ok
nv2	mpi-gpu	patoh	w900	1	1.638675	0.005842034	0.701	ok
rajat30_mc64_5	cpu	-	-	4	12.200516	0.09079156	0.093	ok
rajat30_mc64_5	gpu	-	-	1	1.136026	0.09313703	1.0	ok
rajat30_mc64_5	gpu-dp	-	-	1	0.902718	0.08260161	1.258	ok
rajat30_mc64_5	gpu-pipelined	-	-	1	1.646584	0.03880809	0.69	ok
rajat30_mc64_5	hybrid-async	naive	w100	4	2.692792	0.1163283	0.422	ok
rajat30_mc64_5	hybrid-async	naive	w1000	4	1.309818	0.0775651	0.867	ok
rajat30_mc64_5	hybrid-async	naive	w1100	4	1.270848	0.1182643	0.894	ok
rajat30_mc64_5	hybrid-async	naive	w1200	4	1.253301	0.06641006	0.906	ok
rajat30_mc64_5	hybrid-async	naive	w2000	4	1.16047	0.07753833	0.979	ok
rajat30_mc64_5	hybrid-async	naive	w2720	4	1.134122	0.08757447	1.002	ok
rajat30_mc64_5	hybrid-async	naive	w400	4	1.556146	0.01080868	0.73	ok
rajat30_mc64_5	hybrid-async	naive	w500	4	1.480443	0.1016899	0.767	ok
rajat30_mc64_5	hybrid-async	naive	w600	4	1.425586	0.07605842	0.797	ok
rajat30_mc64_5	hybrid-async	naive	w700	4	1.369674	0.06733447	0.829	ok
rajat30_mc64_5	hybrid-async	naive	w800	4	1.345441	0.01276172	0.844	ok
rajat30_mc64_5	hybrid-async	naive	w900	4	1.32206	0.08417572	0.859	ok
rajat30_mc64_5	hybrid-async	patoh	w100	4	2.59213	0.07992439	0.438	ok
rajat30_mc64_5	hybrid-async	patoh	w1000	4	1.261532	0.05136559	0.901	ok
rajat30_mc64_5	hybrid-async	patoh	w1100	4	1.22311	0.0751172	0.929	ok
rajat30_mc64_5	hybrid-async	patoh	w1200	4	1.210347	0.08851853	0.939	ok
rajat30_mc64_5	hybrid-async	patoh	w2000	4	1.134935	0.06345648	1.001	ok
rajat30_mc64_5	hybrid-async	patoh	w2720	4	1.121217	0.0820095	1.013	ok
rajat30_mc64_5	hybrid-async	patoh	w400	4	1.549741	0.08711331	0.733	ok
rajat30_mc64_5	hybrid-async	patoh	w500	4	1.464341	0.06175715	0.776	ok
rajat30_mc64_5	hybrid-async	patoh	w600	4	1.394273	0.08476431	0.815	ok
rajat30_mc64_5	hybrid-async	patoh	w700	4	1.333707	0.07528512	0.852	ok
rajat30_mc64_5	hybrid-async	patoh	w800	4	1.30426	0.1237157	0.871	ok
rajat30_mc64_5	hybrid-async	patoh	w900	4	1.265938	0.0423922	0.897	ok
rajat30_mc64_5	hybrid-async-dp	naive	w100	4	2.356321	0.05752315	0.482	ok
rajat30_mc64_5	hybrid-async-dp	naive	w1000	4	1.060715	0.1103702	1.071	ok
rajat30_mc64_5	hybrid-async-dp	naive	w1100	4	1.036531	0.08908252	1.096	ok
rajat30_mc64_5	hybrid-async-dp	naive	w1200	4	1.018986	0.08591739	1.115	ok
rajat30_mc64_5	hybrid-async-dp	naive	w2000	4	0.934024	0.08129978	1.216	ok
rajat30_mc64_5	hybrid-async-dp	naive	w2720	4	0.906426	0.211133	1.253	ok
rajat30_mc64_5	hybrid-async-dp	naive	w400	4	1.298667	0.0940748	0.875	ok
rajat30_mc64_5	hybrid-async-dp	naive	w500	4	1.221258	0.02669895	0.93	ok
rajat30_mc64_5	hybrid-async-dp	naive	w600	4	1.170213	0.05514845	0.971	ok
rajat30_mc64_5	hybrid-async-dp	naive	w700	4	1.118235	0.08698544	1.016	ok
rajat30_mc64_5	hybrid-async-dp	naive	w800	4	1.104075	0.06795198	1.029	ok
rajat30_mc64_5	hybrid-async-dp	naive	w900	4	1.078692	0.09781981	1.053	ok
rajat30_mc64_5	hybrid-async-dp	patoh	w100	4	2.296513	0.07816561	0.495	ok
rajat30_mc64_5	hybrid-async-dp	patoh	w1000	4	1.023828	0.08766459	1.11	ok
rajat30_mc64_5	hybrid-async-dp	patoh	w1100	4	0.993017	0.08023703	1.144	ok
rajat30_mc64_5	hybrid-async-dp	patoh	w1200	4	0.984331	0.1892091	1.154	ok
rajat30_mc64_5	hybrid-async-dp	patoh	w2000	4	0.906997	0.08190641	1.253	ok
rajat30_mc64_5	hybrid-async-dp	patoh	w2720	4	0.888392	0.07912671	1.279	ok
rajat30_mc64_5	hybrid-async-dp	patoh	w400	4	1.281854	0.06303525	0.886	ok
rajat30_mc64_5	hybrid-async-dp	patoh	w500	4	1.203951	0.06248229	0.944	ok
rajat30_mc64_5	hybrid-async-dp	patoh	w600	4	1.159449	0.09694844	0.98	ok
rajat30_mc64_5	hybrid-async-dp	patoh	w700	4	1.100143	0.0671223	1.033	ok
rajat30_mc64_5	hybrid-async-dp	patoh	w800	4	1.067074	0.005821385	1.065	ok
rajat30_mc64_5	hybrid-async-dp	patoh	w900	4	1.028046	0.4976947	1.105	ok
rajat30_mc64_5	hybrid-dist-dp	naive	w100	4	3.133825	0.0817315	0.363	ok
rajat30_mc64_5	hybrid-dist-dp	naive	w1000	4	0.93721	0.07738443	1.212	ok
rajat30_mc64_5	hybrid-dist-dp	naive	w1100	4	0.937804	0.07823113	1.211	ok
rajat30_mc64_5	hybrid-dist-dp	naive	w1200	4	0.939463	0.0891332	1.209	ok
rajat30_mc64_5	hybrid-dist-dp	naive	w2000	4	0.946579	0.2440838	1.2	ok
rajat30_mc64_5	hybrid-dist-dp	naive	w2720	2	0.942575	0.08979699	1.205	ok
rajat30_mc64_5	hybrid-dist-dp	naive	w400	4	0.947151	0.058051	1.199	ok
rajat30_mc64_5	hybrid-dist-dp	naive	w500	4	0.935746	0.08411449	1.214	ok
rajat30_mc64_5	hybrid-dist-dp	naive	w600	4	0.928132	0.08000875	1.224	ok
rajat30_mc64_5	hybrid-dist-dp	naive	w700	4	0.934319	0.05240083	1.216	ok
rajat30_mc64_5	hybrid-dist-dp	naive	w800	4	0.936944	0.0330926	1.212	ok
rajat30_mc64_5	hybrid-dist-dp	naive	w900	4	0.935165	0.05512108	1.215	ok
rajat30_mc64_5	hybrid-dist-dp	patoh	w100	4	3.100329	0.07696019	0.366	ok
rajat30_mc64_5	hybrid-dist-dp	patoh	w1000	2	0.931664	0.09469353	1.219	ok
rajat30_mc64_5	hybrid-dist-dp	patoh	w1100	4	0.936994	0.1160296	1.212	ok
rajat30_mc64_5	hybrid-dist-dp	patoh	w1200	4	0.928348	0.06792144	1.224	ok
rajat30_mc64_5	hybrid-dist-dp	patoh	w2000	2	0.940953	0.06739242	1.207	ok
rajat30_mc64_5	hybrid-dist-dp	patoh	w2720	1	0.959638	0.9772296	1.184	ok
rajat30_mc64_5	hybrid-dist-dp	patoh	w400	4	0.960228	0.06051218	1.183	ok
rajat30_mc64_5	hybrid-dist-dp	patoh	w500	4	0.937377	0.05861673	1.212	ok
rajat30_mc64_5	hybrid-dist-dp	patoh	w600	4	0.944992	0.08286688	1.202	ok
rajat30_mc64_5	hybrid-dist-dp	patoh	w700	4	0.926146	0.06141387	1.227	ok
rajat30_mc64_5	hybrid-dist-dp	patoh	w800	4	0.928076	0.05324746	1.224	ok
rajat30_mc64_5	hybrid-dist-dp	patoh	w900	4	0.919017	0.07599844	1.236	ok
rajat30_mc64_5	hybrid-dist-pipelined	naive	w100	4	4.500867	0.02627974	0.252	ok
rajat30_mc64_5	hybrid-dist-pipelined	naive	w1000	4	1.274907	0.01602298	0.891	ok
rajat30_mc64_5	hybrid-dist-pipelined	naive	w1100	2	1.278398	0.0226721	0.889	ok
rajat30_mc64_5	hybrid-dist-pipelined	naive	w1200	2	1.272623	0.01305839	0.893	ok
rajat30_mc64_5	hybrid-dist-pipelined	naive	w2000	1	1.284334	0.07071251	0.885	ok
rajat30_mc64_5	hybrid-dist-pipelined	naive	w2720	4	1.291679	0.01227298	0.879	ok
rajat30_mc64_5	hybrid-dist-pipelined	naive	w400	4	1.248696	0.0178359	0.91	ok
rajat30_mc64_5	hybrid-dist-pipelined	naive	w500	4	1.252773	0.03188306	0.907	ok
rajat30_mc64_5	hybrid-dist-pipelined	naive	w600	4	1.254088	0.08192429	0.906	ok
rajat30_mc64_5	hybrid-dist-pipelined	naive	w700	4	1.252556	0.05448885	0.907	ok
rajat30_mc64_5	hybrid-dist-pipelined	naive	w800	2	1.26119	0.02946402	0.901	ok
rajat30_mc64_5	hybrid-dist-pipelined	naive	w900	2	1.263139	0.07207271	0.899	ok
rajat30_mc64_5	hybrid-dist-pipelined	patoh	w100	4	4.375722	0.02627319	0.26	ok
rajat30_mc64_5	hybrid-dist-pipelined	patoh	w1000	2	1.275394	0.03933522	0.891	ok
rajat30_mc64_5	hybrid-dist-pipelined	patoh	w1100	2	1.267823	0.07026214	0.896	ok
rajat30_mc64_5	hybrid-dist-pipelined	patoh	w1200	4	1.271888	0.01445121	0.893	ok
rajat30_mc64_5	hybrid-dist-pipelined	patoh	w2000	2	1.290038	0.01233324	0.881	ok
rajat30_mc64_5	hybrid-dist-pipelined	patoh	w2720	1	1.296439	0.0130647	0.876	ok
rajat30_mc64_5	hybrid-dist-pipelined	patoh	w400	4	1.253791	0.003467881	0.906	ok
rajat30_mc64_5	hybrid-dist-pipelined	patoh	w500	4	1.246414	0.06665998	0.911	ok
rajat30_mc64_5	hybrid-dist-pipelined	patoh	w600	4	1.258116	0.01105164	0.903	ok
rajat30_mc64_5	hybrid-dist-pipelined	patoh	w700	2	1.262034	0.01205322	0.9	ok
rajat30_mc64_5	hybrid-dist-pipelined	patoh	w800	2	1.268359	0.0158957	0.896	ok
rajat30_mc64_5	hybrid-dist-pipelined	patoh	w900	4	1.272858	0.006835979	0.893	ok
rajat30_mc64_5	mpi	naive	w100	1	9.318702	0.04150752	0.122	ok
rajat30_mc64_5	mpi	naive	w1000	1	12.157992	0.0992185	0.093	ok
rajat30_mc64_5	mpi	naive	w1100	1	12.156866	0.05756868	0.093	ok
rajat30_mc64_5	mpi	naive	w1200	1	12.302689	0.08260002	0.092	ok
rajat30_mc64_5	mpi	naive	w2000	1	12.796676	0.02944834	0.089	ok
rajat30_mc64_5	mpi	naive	w2720	1	12.880051	0.03533674	0.088	ok
rajat30_mc64_5	mpi	naive	w400	1	10.968145	0.09244553	0.104	ok
rajat30_mc64_5	mpi	naive	w500	1	11.319997	0.07220229	0.1	ok
rajat30_mc64_5	mpi	naive	w600	1	11.481679	0.179984	0.099	ok
rajat30_mc64_5	mpi	naive	w700	1	11.662621	0.03111597	0.097	ok
rajat30_mc64_5	mpi	naive	w800	1	11.89051	0.08615282	0.096	ok
rajat30_mc64_5	mpi	naive	w900	1	12.141202	0.06359949	0.094	ok
rajat30_mc64_5	mpi	patoh	w100	1	9.125461	0.07462051	0.124	ok
rajat30_mc64_5	mpi	patoh	w1000	1	12.025413	0.07863742	0.094	ok
rajat30_mc64_5	mpi	patoh	w1100	1	11.995894	0.05157875	0.095	ok
rajat30_mc64_5	mpi	patoh	w1200	1	12.368481	0.1036635	0.092	ok
rajat30_mc64_5	mpi	patoh	w2000	1	12.47624	0.08252408	0.091	ok
rajat30_mc64_5	mpi	patoh	w2720	1	12.868069	0.04393183	0.088	ok
rajat30_mc64_5	mpi	patoh	w400	1	11.248026	0.07969674	0.101	ok
rajat30_mc64_5	mpi	patoh	w500	1	11.395371	0.09530786	0.1	ok
rajat30_mc64_5	mpi	patoh	w600	1	11.584915	0.04802816	0.098	ok
rajat30_mc64_5	mpi	patoh	w700	1	11.736831	0.06629222	0.097	ok
rajat30_mc64_5	mpi	patoh	w800	1	11.849753	0.01147478	0.096	ok
rajat30_mc64_5	mpi	patoh	w900	1	11.941204	0.02646723	0.095	ok
rajat30_mc64_5	mpi-gpu	naive	w100	1	7.673101	0.07957329	0.148	ok
rajat30_mc64_5	mpi-gpu	naive	w1000	1	4.284016	0.08076576	0.265	ok
rajat30_mc64_5	mpi-gpu	naive	w1100	1	4.274958	0.08151265	0.266	ok
rajat30_mc64_5	mpi-gpu	naive	w1200	1	4.277062	0.07026108	0.266	ok
rajat30_mc64_5	mpi-gpu	naive	w2000	1	4.313438	0.5122455	0.263	ok
rajat30_mc64_5	mpi-gpu	naive	w2720	1	4.407109	0.03254774	0.258	ok
rajat30_mc64_5	mpi-gpu	naive	w400	1	4.388357	0.08820053	0.259	ok
rajat30_mc64_5	mpi-gpu	naive	w500	1	4.260212	0.06423895	0.267	ok
rajat30_mc64_5	mpi-gpu	naive	w600	1	4.207541	0.08001557	0.27	ok
rajat30_mc64_5	mpi-gpu	naive	w700	1	4.147913	0.05598629	0.274	ok
rajat30_mc64_5	mpi-gpu	naive	w800	1	4.376216	0.079933	0.26	ok
rajat30_mc64_5	mpi-gpu	naive	w900	1	4.336756	0.06543428	0.262	ok
rajat30_mc64_5	mpi-gpu	patoh	w100	1	7.504389	0.06619829	0.151	ok
rajat30_mc64_5	mpi-gpu	patoh	w1000	1	4.066991	0.07305033	0.279	ok
rajat30_mc64_5	mpi-gpu	patoh	w1100	1	4.093244	0.08230262	0.278	ok
rajat30_mc64_5	mpi-gpu	patoh	w1200	1	4.125697	0.09108431	0.275	ok
rajat30_mc64_5	mpi-gpu	patoh	w2000	1	4.351664	0.04239085	0.261	ok
rajat30_mc64_5	mpi-gpu	patoh	w2720	1	4.489368	0.0754348	0.253	ok
rajat30_mc64_5	mpi-gpu	patoh	w400	1	4.493122	0.08372615	0.253	ok
rajat30_mc64_5	mpi-gpu	patoh	w500	1	4.276563	0.07787054	0.266	ok
rajat30_mc64_5	mpi-gpu	patoh	w600	1	4.296106	0.05578046	0.264	ok
rajat30_mc64_5	mpi-gpu	patoh	w700	1	4.218019	0.08137084	0.269	ok
rajat30_mc64_5	mpi-gpu	patoh	w800	1	3.54381	0.02012641	0.321	ok
rajat30_mc64_5	mpi-gpu	patoh	w900	1	4.072459	0.02390456	0.279	ok
ss	cpu	-	-	16	9.876833	5.157055e-05	0.083	ok
ss	gpu	-	-	1	0.819524	4.377071e-05	1.0	ok
ss	gpu-dp	-	-	1	0.726698	4.140923e-05	1.128	ok
ss	gpu-pipelined	-	-	1	1.094315	4.043604e-05	0.749	ok
ss	hybrid-async	naive	w100	4	2.786847	3.593807e-05	0.294	ok
ss	hybrid-async	naive	w1000	4	0.776794	4.879612e-05	1.055	ok
ss	hybrid-async	naive	w1100	4	0.776783	3.805695e-05	1.055	ok
ss	hybrid-async	naive	w1200	4	0.776463	3.910758e-05	1.055	ok
ss	hybrid-async	naive	w2000	4	0.790361	0.0001386017	1.037	ok
ss	hybrid-async	naive	w2720	4	0.796067	6.184735e-05	1.029	ok
ss	hybrid-async	naive	w400	4	1.297715	4.659536e-05	0.632	ok
ss	hybrid-async	naive	w500	4	1.134792	4.006015e-05	0.722	ok
ss	hybrid-async	naive	w600	4	1.010967	3.520884e-05	0.811	ok
ss	hybrid-async	naive	w700	4	0.914452	6.227118e-05	0.896	ok
ss	hybrid-async	naive	w800	4	0.83185	6.428118e-05	0.985	ok
ss	hybrid-async	naive	w900	4	0.794618	3.725494e-05	1.031	ok
ss	hybrid-async	patoh	w100	4	2.808725	3.821374e-05	0.292	ok
ss	hybrid-async	patoh	w1000	4	0.777269	4.854889e-05	1.054	ok
ss	hybrid-async	patoh	w1100	4	0.776959	5.548893e-05	1.055	ok
ss	hybrid-async	patoh	w1200	4	0.785603	3.938161e-05	1.043	ok
ss	hybrid-async	patoh	w2000	4	0.796522	3.307409e-05	1.029	ok
ss	hybrid-async	patoh	w2720	4	0.803949	4.185374e-05	1.019	ok
ss	hybrid-async	patoh	w400	4	1.244732	3.636267e-05	0.658	ok
ss	hybrid-async	patoh	w500	4	1.067696	4.302157e-05	0.768	ok
ss	hybrid-async	patoh	w600	4	0.946196	4.303589e-05	0.866	ok
ss	hybrid-async	patoh	w700	4	0.855922	3.381046e-05	0.957	ok
ss	hybrid-async	patoh	w800	4	0.795174	3.944448e-05	1.031	ok
ss	hybrid-async	patoh	w900	4	0.772369	4.427479e-05	1.061	ok
ss	hybrid-async-dp	naive	w100	4	2.685358	4.647876e-05	0.305	ok
ss	hybrid-async-dp	naive	w1000	4	0.684506	3.162066e-05	1.197	ok
ss	hybrid-async-dp	naive	w1100	4	0.683375	5.649451e-05	1.199	ok
ss	hybrid-async-dp	naive	w1200	4	0.677105	5.530214e-05	1.21	ok
ss	hybrid-async-dp	naive	w2000	4	0.697049	4.081764e-05	1.176	ok
ss	hybrid-async-dp	naive	w2720	2	0.699355	8.448907e-05	1.172	ok
ss	hybrid-async-dp	naive	w400	4	1.199715	0.0001418864	0.683	ok
ss	hybrid-async-dp	naive	w500	4	1.062402	4.641554e-05	0.771	ok
ss	hybrid-async-dp	naive	w600	4	0.89838	0.0001344061	0.912	ok
ss	hybrid-async-dp	naive	w700	4	0.81263	4.861668e-05	1.008	ok
ss	hybrid-async-dp	naive	w800	4	0.747663	4.705925e-05	1.096	ok
ss	hybrid-async-dp	naive	w900	4	0.694505	6.314612e-05	1.18	ok
ss	hybrid-async-dp	patoh	w100	4	2.680556	4.538823e-05	0.306	ok
ss	hybrid-async-dp	patoh	w1000	4	0.675314	2.838572e-05	1.214	ok
ss	hybrid-async-dp	patoh	w1100	4	0.683583	0.0006476854	1.199	ok
ss	hybrid-async-dp	patoh	w1200	4	0.687729	0.0002071822	1.192	ok
ss	hybrid-async-dp	patoh	w2000	2	0.69944	3.638428e-05	1.172	ok
ss	hybrid-async-dp	patoh	w2720	2	0.702938	4.812595e-05	1.166	ok
ss	hybrid-async-dp	patoh	w400	4	1.137617	4.185504e-05	0.72	ok
ss	hybrid-async-dp	patoh	w500	4	0.955579	4.157219e-05	0.858	ok
ss	hybrid-async-dp	patoh	w600	4	0.834273	0.0001490219	0.982	ok
ss	hybrid-async-dp	patoh	w700	4	0.750974	3.25851e-05	1.091	ok
ss	hybrid-async-dp	patoh	w800	4	0.683257	5.905484e-05	1.199	ok
ss	hybrid-async-dp	patoh	w900	4	0.677093	3.932201e-05	1.21	ok
ss	hybrid-dist-dp	naive	w100	4	3.069107	0.0001018515	0.267	ok
ss	hybrid-dist-dp	naive	w1000	2	0.734449	5.547396e-05	1.116	ok
ss	hybrid-dist-dp	naive	w1100	4	0.73585	9.426713e-05	1.114	ok
ss	hybrid-dist-dp	naive	w1200	4	0.729817	5.41784e-05	1.123	ok
ss	hybrid-dist-dp	naive	w2000	1	0.744908	7.518417e-05	1.1	ok
ss	hybrid-dist-dp	naive	w2720	1	0.742771	6.440043e-05	1.103	ok
ss	hybrid-dist-dp	naive	w400	4	1.158606	0.002056274	0.707	ok
ss	hybrid-dist-dp	naive	w500	4	1.000852	5.697495e-05	0.819	ok
ss	hybrid-dist-dp	naive	w600	4	0.831803	6.177935e-05	0.985	ok
ss	hybrid-dist-dp	naive	w700	4	0.736963	7.173929e-05	1.112	ok
ss	hybrid-dist-dp	naive	w800	4	0.726751	5.171338e-05	1.128	ok
ss	hybrid-dist-dp	naive	w900	4	0.73186	5.558467e-05	1.12	ok
ss	hybrid-dist-dp	patoh	w100	4	3.170531	9.078613e-05	0.258	ok
ss	hybrid-dist-dp	patoh	w1000	2	0.698862	8.793435e-05	1.173	ok
ss	hybrid-dist-dp	patoh	w1100	4	0.704919	4.311957e-05	1.163	ok
ss	hybrid-dist-dp	patoh	w1200	2	0.705741	4.769804e-05	1.161	ok
ss	hybrid-dist-dp	patoh	w2000	1	0.728024	5.045446e-05	1.126	ok
ss	hybrid-dist-dp	patoh	w2720	4	0.729636	3.557451e-05	1.123	ok
ss	hybrid-dist-dp	patoh	w400	4	0.999368	4.312914e-05	0.82	ok
ss	hybrid-dist-dp	patoh	w500	4	0.802227	5.95884e-05	1.022	ok
ss	hybrid-dist-dp	patoh	w600	4	0.68355	3.382095e-05	1.199	ok
ss	hybrid-dist-dp	patoh	w700	4	0.686436	6.02161e-05	1.194	ok
ss	hybrid-dist-dp	patoh	w800	4	0.688134	6.966101e-05	1.191	ok
ss	hybrid-dist-dp	patoh	w900	4	0.693338	2.672432e-05	1.182	ok
ss	hybrid-dist-pipelined	naive	w100	4	3.888414	0.0001086522	0.211	ok
ss	hybrid-dist-pipelined	naive	w1000	4	0.934555	6.576043e-05	0.877	ok
ss	hybrid-dist-pipelined	naive	w1100	4	0.934656	0.0001073527	0.877	ok
ss	hybrid-dist-pipelined	naive	w1200	4	0.931454	7.915537e-05	0.88	ok
ss	hybrid-dist-pipelined	naive	w2000	4	0.938521	7.091136e-05	0.873	ok
ss	hybrid-dist-pipelined	naive	w2720	4	0.942181	0.001021835	0.87	ok
ss	hybrid-dist-pipelined	naive	w400	4	1.46622	8.930637e-05	0.559	ok
ss	hybrid-dist-pipelined	naive	w500	4	1.244993	7.366528e-05	0.658	ok
ss	hybrid-dist-pipelined	naive	w600	4	1.094821	7.037661e-05	0.749	ok
ss	hybrid-dist-pipelined	naive	w700	4	0.980865	5.09769e-05	0.836	ok
ss	hybrid-dist-pipelined	naive	w800	4	0.926983	6.695142e-05	0.884	ok
ss	hybrid-dist-pipelined	naive	w900	4	0.93156	7.75174e-05	0.88	ok
ss	hybrid-dist-pipelined	patoh	w100	4	3.998995	4.768419e-05	0.205	ok
ss	hybrid-dist-pipelined	patoh	w1000	4	0.894291	4.039191e-05	0.916	ok
ss	hybrid-dist-pipelined	patoh	w1100	2	0.893697	4.395624e-05	0.917	ok
ss	hybrid-dist-pipelined	patoh	w1200	2	0.902468	6.703461e-05	0.908	ok
ss	hybrid-dist-pipelined	patoh	w2000	4	0.921104	0.0004224369	0.89	ok
ss	hybrid-dist-pipelined	patoh	w2720	4	0.927997	7.45537e-05	0.883	ok
ss	hybrid-dist-pipelined	patoh	w400	4	1.303361	0.0001136941	0.629	ok
ss	hybrid-dist-pipelined	patoh	w500	4	1.061866	8.748627e-05	0.772	ok
ss	hybrid-dist-pipelined	patoh	w600	4	0.925289	6.790125e-05	0.886	ok
ss	hybrid-dist-pipelined	patoh	w700	4	0.876354	0.0001432426	0.935	ok
ss	hybrid-dist-pipelined	patoh	w800	4	0.88765	7.375183e-05	0.923	ok
ss	hybrid-dist-pipelined	patoh	w900	4	0.886292	8.583499e-05	0.925	ok
ss	mpi	naive	w100	1	8.413156	9.204684e-05	0.097	ok
ss	mpi	naive	w1000	1	10.167055	3.336639e-05	0.081	ok
ss	mpi	naive	w1100	1	10.18091	8.172429e-05	0.08	ok
ss	mpi	naive	w1200	1	10.205342	8.765039e-05	0.08	ok
ss	mpi	naive	w2000	1	10.368242	4.913935e-05	0.079	ok
ss	mpi	naive	w2720	1	10.399067	5.730161e-05	0.079	ok
ss	mpi	naive	w400	1	9.771143	6.802166e-05	0.084	ok
ss	mpi	naive	w500	1	9.894279	5.928354e-05	0.083	ok
ss	mpi	naive	w600	1	10.017175	3.45429e-05	0.082	ok
ss	mpi	naive	w700	1	10.048789	6.771582e-05	0.082	ok
ss	mpi	naive	w800	1	10.104738	1.397318e-05	0.081	ok
ss	mpi	naive	w900	1	10.154807	7.160954e-05	0.081	ok
ss	mpi	patoh	w100	1	7.220483	8.854175e-05	0.113	ok
ss	mpi	patoh	w1000	1	10.127817	6.423443e-05	0.081	ok
ss	mpi	patoh	w1100	1	10.18324	5.791106e-05	0.08	ok
ss	mpi	patoh	w1200	1	10.195451	4.45823e-05	0.08	ok
ss	mpi	patoh	w2000	1	10.321859	8.785729e-05	0.079	ok
ss	mpi	patoh	w2720	1	10.38525	7.022666e-05	0.079	ok
ss	mpi	patoh	w400	1	9.342891	3.364761e-05	0.088	ok
ss	mpi	patoh	w500	1	9.637768	6.432043e-05	0.085	ok
ss	mpi	patoh	w600	1	9.757426	7.370985e-05	0.084	ok
ss	mpi	patoh	w700	1	9.925842	0.0001259185	0.083	ok
ss	mpi	patoh	w800	1	10.002092	5.847074e-05	0.082	ok
ss	mpi	patoh	w900	1	10.092119	7.674542e-05	0.081	ok
ss	mpi-gpu	naive	w100	1	5.918338	6.770626e-05	0.138	ok
ss	mpi-gpu	naive	w1000	1	1.425056	7.800319e-05	0.575	ok
ss	mpi-gpu	naive	w1100	1	1.365407	0.0004010515	0.6	ok
ss	mpi-gpu	naive	w1200	1	1.246798	6.463793e-05	0.657	ok
ss	mpi-gpu	naive	w2000	1	1.207287	7.793714e-05	0.679	ok
ss	mpi-gpu	naive	w2720	1	1.202019	0.0002274581	0.682	ok
ss	mpi-gpu	naive	w400	1	2.58216	0.0001027415	0.317	ok
ss	mpi-gpu	naive	w500	1	2.199629	8.4402e-05	0.373	ok
ss	mpi-gpu	naive	w600	1	1.939768	4.675771e-05	0.422	ok
ss	mpi-gpu	naive	w700	1	1.751731	9.02967e-05	0.468	ok
ss	mpi-gpu	naive	w800	1	1.673134	7.101566e-05	0.49	ok
ss	mpi-gpu	naive	w900	1	1.47497	0.0001036697	0.556	ok
ss	mpi-gpu	patoh	w100	1	5.274851	3.454469e-05	0.155	ok
ss	mpi-gpu	patoh	w1000	1	1.160271	6.496082e-05	0.706	ok
ss	mpi-gpu	patoh	w1100	1	1.160557	6.053095e-05	0.706	ok
ss	mpi-gpu	patoh	w1200	1	1.150129	4.321154e-05	0.713	ok
ss	mpi-gpu	patoh	w2000	1	1.12714	4.74437e-05	0.727	ok
ss	mpi-gpu	patoh	w2720	1	1.13135	4.271636e-05	0.724	ok
ss	mpi-gpu	patoh	w400	1	2.109063	7.975208e-05	0.389	ok
ss	mpi-gpu	patoh	w500	1	1.762747	4.169065e-05	0.465	ok
ss	mpi-gpu	patoh	w600	1	1.553532	8.977994e-05	0.528	ok
ss	mpi-gpu	patoh	w700	1	1.336187	0.0001276687	0.613	ok
ss	mpi-gpu	patoh	w800	1	1.247013	6.011034e-05	0.657	ok
ss	mpi-gpu	patoh	w900	1	1.163568	0.0003481643	0.704	ok
vas_stokes_1M	cpu	-	-	4	8.609604	0.02164448	0.085	ok
vas_stokes_1M	gpu	-	-	1	0.730175	0.10647	1.0	ok
vas_stokes_1M	gpu-dp	-	-	1	0.6558	0.04417834	1.113	ok
vas_stokes_1M	gpu-pipelined	-	-	1	0.938441	0.08560438	0.778	ok
vas_stokes_1M	hybrid-async	naive	w100	4	2.478648	0.1034038	0.295	ok
vas_stokes_1M	hybrid-async	naive	w1000	4	0.682706	0.03000293	1.07	ok
vas_stokes_1M	hybrid-async	naive	w1100	2	0.688088	0.01726422	1.061	ok
vas_stokes_1M	hybrid-async	naive	w1200	4	0.68749	0.01758743	1.062	ok
vas_stokes_1M	hybrid-async	naive	w2000	2	0.700379		1.043	ok
vas_stokes_1M	hybrid-async	naive	w2720	2	0.708782	0.3039057	1.03	ok
vas_stokes_1M	hybrid-async	naive	w400	4	1.057258	0.02151006	0.691	ok
vas_stokes_1M	hybrid-async	naive	w500	4	0.894471	0.05977766	0.816	ok
vas_stokes_1M	hybrid-async	naive	w600	4	0.785212	0.02162332	0.93	ok
vas_stokes_1M	hybrid-async	naive	w700	4	0.703195	0.06910401	1.038	ok
vas_stokes_1M	hybrid-async	naive	w800	4	0.675136		1.082	ok
vas_stokes_1M	hybrid-async	naive	w900	4	0.682167	0.05581414	1.07	ok
vas_stokes_1M	hybrid-async	patoh	w100	4	2.51201	0.03440303	0.291	ok
vas_stokes_1M	hybrid-async	patoh	w1000	4	0.687999	0.05123888	1.061	ok
vas_stokes_1M	hybrid-async	patoh	w1100	4	0.68548	0.07736034	1.065	ok
vas_stokes_1M	hybrid-async	patoh	w1200	2	0.688178	0.1232803	1.061	ok
vas_stokes_1M	hybrid-async	patoh	w2000	2	0.706521	0.03918593	1.033	ok
vas_stokes_1M	hybrid-async	patoh	w2720	1	0.707967	0.03230791	1.031	ok
vas_stokes_1M	hybrid-async	patoh	w400	4	1.075374	0.1871892	0.679	ok
vas_stokes_1M	hybrid-async	patoh	w500	4	0.909424	0.05074996	0.803	ok
vas_stokes_1M	hybrid-async	patoh	w600	4	0.767548	0.1197777	0.951	ok
vas_stokes_1M	hybrid-async	patoh	w700	4	0.672761	0.02036557	1.085	ok
vas_stokes_1M	hybrid-async	patoh	w800	4	0.671677	0.07795969	1.087	ok
vas_stokes_1M	hybrid-async	patoh	w900	4	0.682978	0.1721087	1.069	ok
vas_stokes_1M	hybrid-async-dp	naive	w100	4	2.391058		0.305	ok
vas_stokes_1M	hybrid-async-dp	naive	w1000	4	0.610776	0.07807151	1.195	ok
vas_stokes_1M	hybrid-async-dp	naive	w1100	4	0.625089	0.0272643	1.168	ok
vas_stokes_1M	hybrid-async-dp	naive	w1200	2	0.62015	0.399462	1.177	ok
vas_stokes_1M	hybrid-async-dp	naive	w2000	4	0.631131	0.02491434	1.157	ok
vas_stokes_1M	hybrid-async-dp	naive	w2720	4	0.636087	0.03818906	1.148	ok
vas_stokes_1M	hybrid-async-dp	naive	w400	4	0.985505	0.05720909	0.741	ok
vas_stokes_1M	hybrid-async-dp	naive	w500	4	0.831417	0.01569546	0.878	ok
vas_stokes_1M	hybrid-async-dp	naive	w600	4	0.716687	0.05956834	1.019	ok
vas_stokes_1M	hybrid-async-dp	naive	w700	4	0.63246	0.04693693	1.154	ok
vas_stokes_1M	hybrid-async-dp	naive	w800	4	0.606935	0.8526516	1.203	ok
vas_stokes_1M	hybrid-async-dp	naive	w900	4	0.61108	0.02167457	1.195	ok
vas_stokes_1M	hybrid-async-dp	patoh	w100	4	2.425077	0.02107809	0.301	ok
vas_stokes_1M	hybrid-async-dp	patoh	w1000	4	0.613205	0.0393226	1.191	ok
vas_stokes_1M	hybrid-async-dp	patoh	w1100	4	0.621281	0.04681333	1.175	ok
vas_stokes_1M	hybrid-async-dp	patoh	w1200	2	0.620554	0.3556982	1.177	ok
vas_stokes_1M	hybrid-async-dp	patoh	w2000	4	0.637139	0.02223597	1.146	ok
vas_stokes_1M	hybrid-async-dp	patoh	w2720	4	0.639017	0.1081734	1.143	ok
vas_stokes_1M	hybrid-async-dp	patoh	w400	4	0.999657	0.01652722	0.73	ok
vas_stokes_1M	hybrid-async-dp	patoh	w500	4	0.832499	0.02822152	0.877	ok
vas_stokes_1M	hybrid-async-dp	patoh	w600	4	0.712723	1.656762	1.024	ok
vas_stokes_1M	hybrid-async-dp	patoh	w700	4	0.605327		1.206	ok
vas_stokes_1M	hybrid-async-dp	patoh	w800	4	0.603656	0.02688993	1.21	ok
vas_stokes_1M	hybrid-async-dp	patoh	w900	4	0.606633	0.06460236	1.204	ok
vas_stokes_1M	hybrid-dist-dp	naive	w100	4	2.50252	0.1432691	0.292	ok
vas_stokes_1M	hybrid-dist-dp	naive	w1000	2	0.651247	0.02516298	1.121	ok
vas_stokes_1M	hybrid-dist-dp	naive	w1100	2	0.655465	0.03066374	1.114	ok
vas_stokes_1M	hybrid-dist-dp	naive	w1200	4	0.654315	0.01916884	1.116	ok
vas_stokes_1M	hybrid-dist-dp	naive	w2000	2	0.663666	0.05759032	1.1	ok
vas_stokes_1M	hybrid-dist-dp	naive	w2720	2	0.667866	0.03680769	1.093	ok
vas_stokes_1M	hybrid-dist-dp	naive	w400	4	0.901637	0.02615114	0.81	ok
vas_stokes_1M	hybrid-dist-dp	naive	w500	4	0.74091	0.1761341	0.986	ok
vas_stokes_1M	hybrid-dist-dp	naive	w600	4	0.641371	0.05275388	1.138	ok
vas_stokes_1M	hybrid-dist-dp	naive	w700	4	0.644556	0.1578567	1.133	ok
vas_stokes_1M	hybrid-dist-dp	naive	w800	4	0.643533	0.1441581	1.135	ok
vas_stokes_1M	hybrid-dist-dp	naive	w900	2	0.652736	0.09453691	1.119	ok
vas_stokes_1M	hybrid-dist-dp	patoh	w100	4	2.608484	0.06238996	0.28	ok
vas_stokes_1M	hybrid-dist-dp	patoh	w1000	4	0.632574	5.124669	1.154	ok
vas_stokes_1M	hybrid-dist-dp	patoh	w1100	2	0.632796	0.03620563	1.154	ok
vas_stokes_1M	hybrid-dist-dp	patoh	w1200	4	0.637827	0.02910527	1.145	ok
vas_stokes_1M	hybrid-dist-dp	patoh	w2000	2	0.658356		1.109	ok
vas_stokes_1M	hybrid-dist-dp	patoh	w2720	4	0.659703	0.1302655	1.107	ok
vas_stokes_1M	hybrid-dist-dp	patoh	w400	4	0.868233	0.01807059	0.841	ok
vas_stokes_1M	hybrid-dist-dp	patoh	w500	4	0.701659	0.1612423	1.041	ok
vas_stokes_1M	hybrid-dist-dp	patoh	w600	4	0.609917	0.03798835	1.197	ok
vas_stokes_1M	hybrid-dist-dp	patoh	w700	4	0.614716	0.03963613	1.188	ok
vas_stokes_1M	hybrid-dist-dp	patoh	w800	4	0.623318	0.4393155	1.171	ok
vas_stokes_1M	hybrid-dist-dp	patoh	w900	4	0.625632	0.01861128	1.167	ok
vas_stokes_1M	hybrid-dist-pipelined	naive	w100	4	2.963387	0.08606612	0.246	ok
vas_stokes_1M	hybrid-dist-pipelined	naive	w1000	4	0.81639	0.0326865	0.894	ok
vas_stokes_1M	hybrid-dist-pipelined	naive	w1100	2	0.811138	0.02861102	0.9	ok
vas_stokes_1M	hybrid-dist-pipelined	naive	w1200	2	0.820636	0.1263516	0.89	ok
vas_stokes_1M	hybrid-dist-pipelined	naive	w2000	1	0.829222	0.4218729	0.881	ok
vas_stokes_1M	hybrid-dist-pipelined	naive	w2720	4	0.825744	0.07108649	0.884	ok
vas_stokes_1M	hybrid-dist-pipelined	naive	w400	4	1.139254	0.01833655	0.641	ok
vas_stokes_1M	hybrid-dist-pipelined	naive	w500	4	0.938065		0.778	ok
vas_stokes_1M	hybrid-dist-pipelined	naive	w600	4	0.804177	11.59354	0.908	ok
vas_stokes_1M	hybrid-dist-pipelined	naive	w700	4	0.79536	0.03060383	0.918	ok
vas_stokes_1M	hybrid-dist-pipelined	naive	w800	4	0.798179	0.02357155	0.915	ok
vas_stokes_1M	hybrid-dist-pipelined	naive	w900	2	0.805446	0.0321616	0.907	ok
vas_stokes_1M	hybrid-dist-pipelined	patoh	w100	4	3.302876	0.0772026	0.221	ok
vas_stokes_1M	hybrid-dist-pipelined	patoh	w1000	4	0.780311	0.03516936	0.936	ok
vas_stokes_1M	hybrid-dist-pipelined	patoh	w1100	2	0.786019	0.07741533	0.929	ok
vas_stokes_1M	hybrid-dist-pipelined	patoh	w1200	4	0.791949	0.1036302	0.922	ok
vas_stokes_1M	hybrid-dist-pipelined	patoh	w2000	2	0.815197	0.01807638	0.896	ok
vas_stokes_1M	hybrid-dist-pipelined	patoh	w2720	4	0.824216	0.01849201	0.886	ok
vas_stokes_1M	hybrid-dist-pipelined	patoh	w400	4	1.114207	0.02249395	0.655	ok
vas_stokes_1M	hybrid-dist-pipelined	patoh	w500	4	0.90924	0.1160049	0.803	ok
vas_stokes_1M	hybrid-dist-pipelined	patoh	w600	4	0.764543	0.01702312	0.955	ok
vas_stokes_1M	hybrid-dist-pipelined	patoh	w700	4	0.774828	0.0236623	0.942	ok
vas_stokes_1M	hybrid-dist-pipelined	patoh	w800	2	0.775396	0.01802516	0.942	ok
vas_stokes_1M	hybrid-dist-pipelined	patoh	w900	2	0.777479	0.0237412	0.939	ok
vas_stokes_1M	mpi	naive	w100	1	7.15366	0.03505263	0.102	ok
vas_stokes_1M	mpi	naive	w1000	1	9.051112	0.03380874	0.081	ok
vas_stokes_1M	mpi	naive	w1100	1	9.05939	0.07105607	0.081	ok
vas_stokes_1M	mpi	naive	w1200	1	9.095113	0.03772247	0.08	ok
vas_stokes_1M	mpi	naive	w2000	1	9.27469	0.09978078	0.079	ok
vas_stokes_1M	mpi	naive	w2720	1	9.367377	0.02807382	0.078	ok
vas_stokes_1M	mpi	naive	w400	1	8.479436	0.01881421	0.086	ok
vas_stokes_1M	mpi	naive	w500	1	8.664197	0.04613771	0.084	ok
vas_stokes_1M	mpi	naive	w600	1	8.741306	0.02118812	0.084	ok
vas_stokes_1M	mpi	naive	w700	1	8.874167	0.02021006	0.082	ok
vas_stokes_1M	mpi	naive	w800	1	8.926042	0.04355899	0.082	ok
vas_stokes_1M	mpi	naive	w900	1	9.000281	0.07590244	0.081	ok
vas_stokes_1M	mpi	patoh	w100	1	6.11075	0.02598902	0.119	ok
vas_stokes_1M	mpi	patoh	w1000	1	8.94524	0.05277881	0.082	ok
vas_stokes_1M	mpi	patoh	w1100	1	9.05491	0.0276846	0.081	ok
vas_stokes_1M	mpi	patoh	w1200	1	9.023581	0.02023935	0.081	ok
vas_stokes_1M	mpi	patoh	w2000	1	9.232043	0.02188451	0.079	ok
vas_stokes_1M	mpi	patoh	w2720	1	9.28236	0.02161403	0.079	ok
vas_stokes_1M	mpi	patoh	w400	1	8.267455	0.04139012	0.088	ok
vas_stokes_1M	mpi	patoh	w500	1	8.353858	0.06681352	0.087	ok
vas_stokes_1M	mpi	patoh	w600	1	8.593413	4.319917	0.085	ok
vas_stokes_1M	mpi	patoh	w700	1	8.786108	0.01802056	0.083	ok
vas_stokes_1M	mpi	patoh	w800	1	8.823719	0.2233722	0.083	ok
vas_stokes_1M	mpi	patoh	w900	1	8.945477	0.01649818	0.082	ok
vas_stokes_1M	mpi-gpu	naive	w100	1	4.778274	0.044069	0.153	ok
vas_stokes_1M	mpi-gpu	naive	w1000	1	1.100578	0.1349577	0.663	ok
vas_stokes_1M	mpi-gpu	naive	w1100	1	1.041624	0.02279536	0.701	ok
vas_stokes_1M	mpi-gpu	naive	w1200	1	0.999991	0.06361155	0.73	ok
vas_stokes_1M	mpi-gpu	naive	w2000	1	0.955043	0.06645794	0.765	ok
vas_stokes_1M	mpi-gpu	naive	w2720	1	0.954887	0.112264	0.765	ok
vas_stokes_1M	mpi-gpu	naive	w400	1	1.952068	0.02974652	0.374	ok
vas_stokes_1M	mpi-gpu	naive	w500	1	1.753491	0.02765803	0.416	ok
vas_stokes_1M	mpi-gpu	naive	w600	1	1.538337	0.07736222	0.475	ok
vas_stokes_1M	mpi-gpu	naive	w700	1	1.389318	0.8034769	0.526	ok
vas_stokes_1M	mpi-gpu	naive	w800	1	1.248623	0.03296942	0.585	ok
vas_stokes_1M	mpi-gpu	naive	w900	1	1.186539	0.04176196	0.615	ok
vas_stokes_1M	mpi-gpu	patoh	w100	1	4.682292	0.02314291	0.156	ok
vas_stokes_1M	mpi-gpu	patoh	w1000	1	0.926963	0.02315758	0.788	ok
vas_stokes_1M	mpi-gpu	patoh	w1100	1	0.91911	0.01831345	0.794	ok
vas_stokes_1M	mpi-gpu	patoh	w1200	1	0.919518	0.05635335	0.794	ok
vas_stokes_1M	mpi-gpu	patoh	w2000	1	0.925767	0.01953743	0.789	ok
vas_stokes_1M	mpi-gpu	patoh	w2720	1	0.926669	0.02290816	0.788	ok
vas_stokes_1M	mpi-gpu	patoh	w400	1	1.845677	0.02242183	0.396	ok
vas_stokes_1M	mpi-gpu	patoh	w500	1	1.630163	0.02933714	0.448	ok
vas_stokes_1M	mpi-gpu	patoh	w600	1	1.328245	0.2039427	0.55	ok
vas_stokes_1M	mpi-gpu	patoh	w700	1	1.106619	0.01633231	0.66	ok
vas_stokes_1M	mpi-gpu	patoh	w800	1	1.012561	0.08777487	0.721	ok
vas_stokes_1M	mpi-gpu	patoh	w900	1	0.933692	0.06488304	0.782	ok
